   Compiling rrm_rust v0.1.0 (/app)
    Finished `release` profile [optimized] target(s) in 56.82s
     Running `target/release/rrm_rust`
--- DISTILLING 4 CORE TENSOR SKILLS TO YAML ---
--- DISTILLATION TO YAML COMPLETED ---
🌌 RRM Quantum Sandbox (Rust Edition) Initialized.
📚 Berhasil meload 5 skill dari Executable Wiki (.md)


🌿 ==================================
Solving Task: 05269061.json
🌿 ==================================
🧠 [Orientasi Pre-emptive] Membaca Niat Task...
   -> Niat / Klasifikasi Masalah: Task ini menunjukkan: StructuralTransform. Dimensi Larger (3 → 7), Added(43) objek (6 → 49), topologi berubah dari Scatter ke Grid. Tidak ada template frame.
🧠 [Topologi Kuantum] Betti-1: Tidak ada lubang terdeteksi. Struktur solid.
🧠 [Metakognisi] Mode::Exploring - FAST PASS MCTS (Depth 1)
🚀 APPLYING AXIOM IN SANDBOX: IDENTITY_STATIC (Tier: 0)
🚀 APPLYING AXIOM IN SANDBOX: IDENTITY_STATIC (Tier: 0)
🚀 APPLYING AXIOM IN SANDBOX: IDENTITY_STATIC (Tier: 0)
[Depth 0] Axioms: ["IDENTITY_STATIC"] | Pragmatic: 79000.00 | Epistemic: 0.00 | Prob: 0.9900 | Dim: 3x3
  ╭──────────────────────────────────────────────────────────────╮
  │  MCTS NODE [0] — Rank 1/2 │ Depth 0                       │
  ├──────────────────────────────────────────────────────────────┤
  │  P(dist): ━━━━━━━━━━━━━━━━━━━━━━━━━━━━━━ ●=0.990 μ=0.895 range[0.800, 0.990]   │
  │  Threshold: 0.050 ✓ SURVIVES                                │
  │  Energy Components:                                          │
  │    Pragmatic (E):  79000.000  │  Goal-seeking error             │
  │    Epistemic (I):     0.000  │  Information gain               │
  │    Complexity (C):    0.000  │  Model complexity               │
  │    ───────────────────────────────────────────────────────── │
  │    Total Free Energy: 79000.000  │  G = E - I + C                  │
  ├──────────────────────────────────────────────────────────────┤
  │  Status: 🌿 EXPANDING (exploring policies...)                   │
  ╰──────────────────────────────────────────────────────────────╯
  [Memory]  Map (6/6): [██████]
🧠 [Metakognisi] Bottleneck::LocalOptimum - MCTS mentok.
   -> Beralih ke ADVANCED PASS (Iterative Deepening MCTS / Grover)...
   🔍 Search Attempt 1: Exploring top 2 advanced axioms...
   ⚡ Memulai MCTS dari ROOT ZERO-POINT dengan 0 amunisi unik...
🚀 APPLYING AXIOM IN SANDBOX: ROOT_START (Tier: 0)
🚀 APPLYING AXIOM IN SANDBOX: ROOT_START (Tier: 0)
🚀 APPLYING AXIOM IN SANDBOX: ROOT_START (Tier: 0)
[Depth 0] Axioms: ["ROOT_START"] | Pragmatic: -1500.00 | Epistemic: 0.00 | Prob: 0.9900 | Dim: 7x7
  ╭──────────────────────────────────────────────────────────────╮
  │  MCTS NODE [0] — Rank 1/2 │ Depth 0                       │
  ├──────────────────────────────────────────────────────────────┤
  │  P(dist): ━━━━━━━━━━━━━━━━━━━━━━━━━━━━━━ ●=0.990 μ=0.895 range[0.800, 0.990]   │
  │  Threshold: 0.050 ✓ SURVIVES                                │
  │  Energy Components:                                          │
  │    Pragmatic (E):  -1500.000  │  Goal-seeking error             │
  │    Epistemic (I):     0.000  │  Information gain               │
  │    Complexity (C):    0.000  │  Model complexity               │
  │    ───────────────────────────────────────────────────────── │
  │    Total Free Energy: -1500.000  │  G = E - I + C                  │
  ├──────────────────────────────────────────────────────────────┤
  │  Status: 🌿 EXPANDING (exploring policies...)                   │
  ╰──────────────────────────────────────────────────────────────╯
  [Memory]  Map (6/6): [██████]
🧠 [Metakognisi] Bottleneck::FalseSharing - Amnesia Singkat (Cache Miss) Terdeteksi!
   📝 MENULIS LOG ARCHITECTURE KE SISTEM: Iterasi iterasi EntityManifold lambat rata-rata 126779 ns per entitas. Kecepatan ini 3x lipat dari limit AVX2.
🧠 [Metakognisi] Bottleneck::LocalOptimum - MCTS mentok.
   -> Beralih ke ADVANCED PASS (Iterative Deepening MCTS / Grover)...
   🔍 Search Attempt 1: Exploring top 2 advanced axioms...
   ⚡ Memulai MCTS dari ROOT ZERO-POINT dengan 0 amunisi unik...
🚀 APPLYING AXIOM IN SANDBOX: ROOT_START (Tier: 0)
🚀 APPLYING AXIOM IN SANDBOX: ROOT_START (Tier: 0)
🚀 APPLYING AXIOM IN SANDBOX: ROOT_START (Tier: 0)
[Depth 0] Axioms: ["ROOT_START"] | Pragmatic: -1500.00 | Epistemic: 0.00 | Prob: 0.9900 | Dim: 7x7
  ╭──────────────────────────────────────────────────────────────╮
  │  MCTS NODE [0] — Rank 1/2 │ Depth 0                       │
  ├──────────────────────────────────────────────────────────────┤
  │  P(dist): ━━━━━━━━━━━━━━━━━━━━━━━━━━━━━━ ●=0.990 μ=0.895 range[0.800, 0.990]   │
  │  Threshold: 0.050 ✓ SURVIVES                                │
  │  Energy Components:                                          │
  │    Pragmatic (E):  -1500.000  │  Goal-seeking error             │
  │    Epistemic (I):     0.000  │  Information gain               │
  │    Complexity (C):    0.000  │  Model complexity               │
  │    ───────────────────────────────────────────────────────── │
  │    Total Free Energy: -1500.000  │  G = E - I + C                  │
  ├──────────────────────────────────────────────────────────────┤
  │  Status: 🌿 EXPANDING (exploring policies...)                   │
  ╰──────────────────────────────────────────────────────────────╯
  [Memory]  Map (6/6): [██████]
🧠 [Metakognisi] Bottleneck::FalseSharing - Amnesia Singkat (Cache Miss) Terdeteksi!
   📝 MENULIS LOG ARCHITECTURE KE SISTEM: Iterasi iterasi EntityManifold lambat rata-rata 123071 ns per entitas. Kecepatan ini 3x lipat dari limit AVX2.
🧠 [Metakognisi] Bottleneck::LocalOptimum - MCTS mentok.
   -> Beralih ke ADVANCED PASS (Iterative Deepening MCTS / Grover)...
   🔍 Search Attempt 1: Exploring top 2 advanced axioms...
   ⚡ Memulai MCTS dari ROOT ZERO-POINT dengan 0 amunisi unik...
🚀 APPLYING AXIOM IN SANDBOX: ROOT_START (Tier: 0)
🚀 APPLYING AXIOM IN SANDBOX: ROOT_START (Tier: 0)
🚀 APPLYING AXIOM IN SANDBOX: ROOT_START (Tier: 0)
[Depth 0] Axioms: ["ROOT_START"] | Pragmatic: -1500.00 | Epistemic: 0.00 | Prob: 0.9900 | Dim: 7x7
  ╭──────────────────────────────────────────────────────────────╮
  │  MCTS NODE [0] — Rank 1/2 │ Depth 0                       │
  ├──────────────────────────────────────────────────────────────┤
  │  P(dist): ━━━━━━━━━━━━━━━━━━━━━━━━━━━━━━ ●=0.990 μ=0.895 range[0.800, 0.990]   │
  │  Threshold: 0.050 ✓ SURVIVES                                │
  │  Energy Components:                                          │
  │    Pragmatic (E):  -1500.000  │  Goal-seeking error             │
  │    Epistemic (I):     0.000  │  Information gain               │
  │    Complexity (C):    0.000  │  Model complexity               │
  │    ───────────────────────────────────────────────────────── │
  │    Total Free Energy: -1500.000  │  G = E - I + C                  │
  ├──────────────────────────────────────────────────────────────┤
  │  Status: 🌿 EXPANDING (exploring policies...)                   │
  ╰──────────────────────────────────────────────────────────────╯
  [Memory]  Map (6/6): [██████]
🧠 [Metakognisi] Batas loop kognitif tercapai (Infinite Loop Protection). Simulasi dihentikan paksa.
   [Rust MCTS] WARNING: Semua gelombang hancur! (Halusinasi/Meleset)
🧬 [Autopoiesis] Kode genetik sudah ada di Wiki (knowledge/skills/auto/synthesized_crossover_8b516458.md). Menggunakan kembali tanpa menulis file baru.
🧬 [Quantum Inference] Menjalankan Axiom Tensor 'synthesized_crossover_8b516458' secara dinamis di Multiverse Sandbox...
🚀 APPLYING AXIOM IN SANDBOX: synthesized_crossover_8b516458 (Tier: 1)
🧬 [Quantum Inference] Wave propagation selesai. (Simulasi internal berhasil).
DEBUG: Agent returned grid:
[0, 1, 0, 0, 0, 0, 2]
[1, 0, 0, 0, 0, 2, 0]
[0, 0, 0, 0, 2, 0, 0]
[0, 0, 0, 2, 0, 0, 0]
[0, 0, 2, 0, 0, 0, 0]
[0, 2, 0, 0, 0, 0, 4]
[2, 0, 0, 0, 0, 4, 0]
MCTS failed. Engaging Generative Synthesized Skill: extract_anomalous_quadrant...
✅ SUCCESS (100% Match!)


🌿 ==================================
Solving Task: 09629e4f.json
🌿 ==================================
🧠 [Orientasi Pre-emptive] Membaca Niat Task...
   -> Niat / Klasifikasi Masalah: Task ini menunjukkan: ObjectManipulation. Dimensi Equal (11 → 11), Removed(40) objek (45 → 5), topologi berubah dari Scatter ke Scatter. Tidak ada template frame.
🧠 [Topologi Kuantum] Betti-1: Tidak ada lubang terdeteksi. Struktur solid.
🧠 [Metakognisi] Bottleneck::FalseSharing - Amnesia Singkat (Cache Miss) Terdeteksi!
   📝 MENULIS LOG ARCHITECTURE KE SISTEM: Iterasi iterasi EntityManifold lambat rata-rata 120580 ns per entitas. Kecepatan ini 3x lipat dari limit AVX2.
🧠 [Metakognisi] Bottleneck::LocalOptimum - MCTS mentok.
   -> Beralih ke ADVANCED PASS (Iterative Deepening MCTS / Grover)...
   🔍 Search Attempt 1: Exploring top 2 advanced axioms...
   ⚡ Memulai MCTS dari ROOT ZERO-POINT dengan 0 amunisi unik...
🚀 APPLYING AXIOM IN SANDBOX: ROOT_START (Tier: 0)
🚀 APPLYING AXIOM IN SANDBOX: ROOT_START (Tier: 0)
🚀 APPLYING AXIOM IN SANDBOX: ROOT_START (Tier: 0)
🚀 APPLYING AXIOM IN SANDBOX: ROOT_START (Tier: 0)
[Depth 0] Axioms: ["ROOT_START"] | Pragmatic: -2000.00 | Epistemic: 0.00 | Prob: 0.9900 | Dim: 11x11
  ╭──────────────────────────────────────────────────────────────╮
  │  MCTS NODE [0] — Rank 1/2 │ Depth 0                       │
  ├──────────────────────────────────────────────────────────────┤
  │  P(dist): ━━━━━━━━━━━━━━━━━━━━━━━━━━━━━━ ●=0.990 μ=0.895 range[0.800, 0.990]   │
  │  Threshold: 0.050 ✓ SURVIVES                                │
  │  Energy Components:                                          │
  │    Pragmatic (E):  -2000.000  │  Goal-seeking error             │
  │    Epistemic (I):     0.000  │  Information gain               │
  │    Complexity (C):    0.000  │  Model complexity               │
  │    ───────────────────────────────────────────────────────── │
  │    Total Free Energy: -2000.000  │  G = E - I + C                  │
  ├──────────────────────────────────────────────────────────────┤
  │  Status: 🌿 EXPANDING (exploring policies...)                   │
  ╰──────────────────────────────────────────────────────────────╯
  [Memory]  Map (45/84): [█████████████████████████████████████████████__________... (truncated)]
🧠 [Metakognisi] Bottleneck::FalseSharing - Amnesia Singkat (Cache Miss) Terdeteksi!
   📝 MENULIS LOG ARCHITECTURE KE SISTEM: Iterasi iterasi EntityManifold lambat rata-rata 122008 ns per entitas. Kecepatan ini 3x lipat dari limit AVX2.
🧠 [Metakognisi] Bottleneck::LocalOptimum - MCTS mentok.
   -> Beralih ke ADVANCED PASS (Iterative Deepening MCTS / Grover)...
   🔍 Search Attempt 1: Exploring top 2 advanced axioms...
   ⚡ Memulai MCTS dari ROOT ZERO-POINT dengan 0 amunisi unik...
🚀 APPLYING AXIOM IN SANDBOX: ROOT_START (Tier: 0)
🚀 APPLYING AXIOM IN SANDBOX: ROOT_START (Tier: 0)
🚀 APPLYING AXIOM IN SANDBOX: ROOT_START (Tier: 0)
🚀 APPLYING AXIOM IN SANDBOX: ROOT_START (Tier: 0)
[Depth 0] Axioms: ["ROOT_START"] | Pragmatic: -2000.00 | Epistemic: 0.00 | Prob: 0.9900 | Dim: 11x11
  ╭──────────────────────────────────────────────────────────────╮
  │  MCTS NODE [0] — Rank 1/2 │ Depth 0                       │
  ├──────────────────────────────────────────────────────────────┤
  │  P(dist): ━━━━━━━━━━━━━━━━━━━━━━━━━━━━━━ ●=0.990 μ=0.895 range[0.800, 0.990]   │
  │  Threshold: 0.050 ✓ SURVIVES                                │
  │  Energy Components:                                          │
  │    Pragmatic (E):  -2000.000  │  Goal-seeking error             │
  │    Epistemic (I):     0.000  │  Information gain               │
  │    Complexity (C):    0.000  │  Model complexity               │
  │    ───────────────────────────────────────────────────────── │
  │    Total Free Energy: -2000.000  │  G = E - I + C                  │
  ├──────────────────────────────────────────────────────────────┤
  │  Status: 🌿 EXPANDING (exploring policies...)                   │
  ╰──────────────────────────────────────────────────────────────╯
  [Memory]  Map (45/84): [█████████████████████████████████████████████__________... (truncated)]
🧠 [Metakognisi] Bottleneck::FalseSharing - Amnesia Singkat (Cache Miss) Terdeteksi!
   📝 MENULIS LOG ARCHITECTURE KE SISTEM: Iterasi iterasi EntityManifold lambat rata-rata 121000 ns per entitas. Kecepatan ini 3x lipat dari limit AVX2.
🧠 [Metakognisi] Bottleneck::LocalOptimum - MCTS mentok.
   -> Beralih ke ADVANCED PASS (Iterative Deepening MCTS / Grover)...
   🔍 Search Attempt 1: Exploring top 2 advanced axioms...
   ⚡ Memulai MCTS dari ROOT ZERO-POINT dengan 0 amunisi unik...
🚀 APPLYING AXIOM IN SANDBOX: ROOT_START (Tier: 0)
🚀 APPLYING AXIOM IN SANDBOX: ROOT_START (Tier: 0)
🚀 APPLYING AXIOM IN SANDBOX: ROOT_START (Tier: 0)
🚀 APPLYING AXIOM IN SANDBOX: ROOT_START (Tier: 0)
[Depth 0] Axioms: ["ROOT_START"] | Pragmatic: -2000.00 | Epistemic: 0.00 | Prob: 0.9900 | Dim: 11x11
  ╭──────────────────────────────────────────────────────────────╮
  │  MCTS NODE [0] — Rank 1/2 │ Depth 0                       │
  ├──────────────────────────────────────────────────────────────┤
  │  P(dist): ━━━━━━━━━━━━━━━━━━━━━━━━━━━━━━ ●=0.990 μ=0.895 range[0.800, 0.990]   │
  │  Threshold: 0.050 ✓ SURVIVES                                │
  │  Energy Components:                                          │
  │    Pragmatic (E):  -2000.000  │  Goal-seeking error             │
  │    Epistemic (I):     0.000  │  Information gain               │
  │    Complexity (C):    0.000  │  Model complexity               │
  │    ───────────────────────────────────────────────────────── │
  │    Total Free Energy: -2000.000  │  G = E - I + C                  │
  ├──────────────────────────────────────────────────────────────┤
  │  Status: 🌿 EXPANDING (exploring policies...)                   │
  ╰──────────────────────────────────────────────────────────────╯
  [Memory]  Map (45/84): [█████████████████████████████████████████████__________... (truncated)]
🧠 [Metakognisi] Batas loop kognitif tercapai (Infinite Loop Protection). Simulasi dihentikan paksa.
   [Rust MCTS] WARNING: Semua gelombang hancur! (Halusinasi/Meleset)
🧬 [Autopoiesis] Kode genetik sudah ada di Wiki (knowledge/skills/auto/synthesized_crossover_8b516458.md). Menggunakan kembali tanpa menulis file baru.
🧬 [Quantum Inference] Menjalankan Axiom Tensor 'synthesized_crossover_8b516458' secara dinamis di Multiverse Sandbox...
🚀 APPLYING AXIOM IN SANDBOX: synthesized_crossover_8b516458 (Tier: 1)
🧬 [Quantum Inference] Wave propagation selesai. (Simulasi internal berhasil).
DEBUG: Agent returned grid:
[6, 4, 5, 5, 5, 3, 5, 5, 5, 4, 5]
[5, 5, 3, 5, 2, 8, 6, 5, 8, 5, 2]
[2, 5, 8, 5, 4, 5, 5, 5, 6, 3, 5]
[5, 5, 5, 5, 5, 5, 5, 5, 5, 5, 5]
[2, 5, 5, 5, 5, 3, 5, 5, 3, 6, 2]
[3, 4, 6, 5, 8, 4, 2, 5, 5, 5, 4]
[5, 8, 5, 5, 5, 5, 6, 5, 8, 5, 5]
[5, 5, 5, 5, 5, 5, 5, 5, 5, 5, 5]
[5, 2, 4, 5, 5, 6, 4, 5, 5, 2, 8]
[5, 6, 3, 5, 5, 5, 3, 5, 4, 5, 6]
[5, 5, 5, 5, 2, 5, 8, 5, 3, 5, 5]
MCTS failed. Engaging Generative Synthesized Skill: extract_anomalous_quadrant...
✅ SUCCESS (100% Match!)


🌿 ==================================
Solving Task: 2dc579da.json
🌿 ==================================
🧠 [Orientasi Pre-emptive] Membaca Niat Task...
   -> Niat / Klasifikasi Masalah: Task ini menunjukkan: StructuralTransform. Dimensi Smaller (5 → 2), Removed(4) objek (6 → 2), topologi berubah dari Scatter ke Scatter. Tidak ada template frame.
🧠 [Topologi Kuantum] Betti-1: Tidak ada lubang terdeteksi. Struktur solid.
🧠 [Metakognisi] Bottleneck::FalseSharing - Amnesia Singkat (Cache Miss) Terdeteksi!
   📝 MENULIS LOG ARCHITECTURE KE SISTEM: Iterasi iterasi EntityManifold lambat rata-rata 121316 ns per entitas. Kecepatan ini 3x lipat dari limit AVX2.
🧠 [Metakognisi] Bottleneck::LocalOptimum - MCTS mentok.
   -> Beralih ke ADVANCED PASS (Iterative Deepening MCTS / Grover)...
   🔍 Search Attempt 1: Exploring top 2 advanced axioms...
🚀 APPLYING AXIOM IN SANDBOX: CROP_WINDOW_AROUND(3) (Tier: 7)
🚀 APPLYING AXIOM IN SANDBOX: CROP_WINDOW_AROUND(3) (Tier: 7)
🚀 APPLYING AXIOM IN SANDBOX: CROP_WINDOW_AROUND(3) (Tier: 7)
🚀 APPLYING AXIOM IN SANDBOX: CROP_WINDOW_AROUND(4) (Tier: 7)
🚀 APPLYING AXIOM IN SANDBOX: CROP_WINDOW_AROUND(4) (Tier: 7)
🚀 APPLYING AXIOM IN SANDBOX: CROP_WINDOW_AROUND(4) (Tier: 7)
🚀 APPLYING AXIOM IN SANDBOX: CROP_WINDOW_AROUND(3) (Tier: 7)
🚀 APPLYING AXIOM IN SANDBOX: CROP_WINDOW_AROUND(3) (Tier: 7)
🚀 APPLYING AXIOM IN SANDBOX: CROP_WINDOW_AROUND(3) (Tier: 7)
🚀 APPLYING AXIOM IN SANDBOX: CROP_WINDOW_AROUND(4) (Tier: 7)
🚀 APPLYING AXIOM IN SANDBOX: CROP_WINDOW_AROUND(4) (Tier: 7)
🚀 APPLYING AXIOM IN SANDBOX: CROP_WINDOW_AROUND(4) (Tier: 7)
   ⚡ Memulai MCTS dari ROOT ZERO-POINT dengan 3 amunisi unik...
🚀 APPLYING AXIOM IN SANDBOX: ROOT_START (Tier: 0)
🚀 APPLYING AXIOM IN SANDBOX: ROOT_START (Tier: 0)
🚀 APPLYING AXIOM IN SANDBOX: ROOT_START (Tier: 0)
[Depth 0] Axioms: ["ROOT_START"] | Pragmatic: 79500.00 | Epistemic: 0.00 | Prob: 0.9900 | Dim: 2x2
  ╭──────────────────────────────────────────────────────────────╮
  │  MCTS NODE [0] — Rank 1/2 │ Depth 0                       │
  ├──────────────────────────────────────────────────────────────┤
  │  P(dist): ━━━━━━━━━━━━━━━━━━━━━━━━━━━━━━ ●=0.990 μ=0.895 range[0.800, 0.990]   │
  │  Threshold: 0.050 ✓ SURVIVES                                │
  │  Energy Components:                                          │
  │    Pragmatic (E):  79500.000  │  Goal-seeking error             │
  │    Epistemic (I):     0.000  │  Information gain               │
  │    Complexity (C):    0.000  │  Model complexity               │
  │    ───────────────────────────────────────────────────────── │
  │    Total Free Energy: 79500.000  │  G = E - I + C                  │
  ├──────────────────────────────────────────────────────────────┤
  │  Status: 🌿 EXPANDING (exploring policies...)                   │
  ╰──────────────────────────────────────────────────────────────╯
  [Memory]  Map (6/25): [██████__________... (truncated)]
🚀 APPLYING AXIOM IN SANDBOX: CROP_WINDOW_AROUND(8) (Tier: 7)
🚀 APPLYING AXIOM IN SANDBOX: CROP_WINDOW_AROUND(8) (Tier: 7)
🚀 APPLYING AXIOM IN SANDBOX: CROP_WINDOW_AROUND(8) (Tier: 7)
[Depth 1] Axioms: ["ROOT_START", "CROP_WINDOW_AROUND(8)"] | Pragmatic: 123.00 | Epistemic: 3.74 | Prob: 0.9876 | Dim: 2x2
  ╭──────────────────────────────────────────────────────────────╮
  │  MCTS NODE [0] — Rank 1/2 │ Depth 1                       │
  ├──────────────────────────────────────────────────────────────┤
  │  P(dist): ━━━━━━━━━━━━━━━━━━━━━━━━━━━━━━ ●=0.988 μ=0.894 range[0.800, 0.988]   │
  │  Threshold: 0.050 ✓ SURVIVES                                │
  │  Energy Components:                                          │
  │    Pragmatic (E):   123.000  │  Goal-seeking error             │
  │    Epistemic (I):     3.744  │  Information gain               │
  │    Complexity (C):    0.000  │  Model complexity               │
  │    ───────────────────────────────────────────────────────── │
  │    Total Free Energy: 119.256  │  G = E - I + C                  │
  ├──────────────────────────────────────────────────────────────┤
  │  Status: 🌿 EXPANDING (exploring policies...)                   │
  ╰──────────────────────────────────────────────────────────────╯
  [Memory]  Map (6/25): [█_______________... (truncated)]
🚀 APPLYING AXIOM IN SANDBOX: CROP_WINDOW_AROUND(4) (Tier: 7)
🚀 APPLYING AXIOM IN SANDBOX: CROP_WINDOW_AROUND(4) (Tier: 7)
🚀 APPLYING AXIOM IN SANDBOX: CROP_WINDOW_AROUND(4) (Tier: 7)
[Depth 2] Axioms: ["ROOT_START", "CROP_WINDOW_AROUND(8)", "CROP_WINDOW_AROUND(4)"] | Pragmatic: 118.00 | Epistemic: 5.62 | Prob: 0.9878 | Dim: 2x2
  ╭──────────────────────────────────────────────────────────────╮
  │  MCTS NODE [0] — Rank 1/2 │ Depth 2                       │
  ├──────────────────────────────────────────────────────────────┤
  │  P(dist): ━━━━━━━━━━━━━━━━━━━━━━━━━━━━━━ ●=0.988 μ=0.894 range[0.800, 0.988]   │
  │  Threshold: 0.050 ✓ SURVIVES                                │
  │  Energy Components:                                          │
  │    Pragmatic (E):   118.000  │  Goal-seeking error             │
  │    Epistemic (I):     5.615  │  Information gain               │
  │    Complexity (C):    0.000  │  Model complexity               │
  │    ───────────────────────────────────────────────────────── │
  │    Total Free Energy: 112.385  │  G = E - I + C                  │
  ├──────────────────────────────────────────────────────────────┤
  │  Status: ⏸️  PENDING (queued for evaluation)                   │
  ╰──────────────────────────────────────────────────────────────╯
  [Memory]  Map (6/25): [█_______________... (truncated)]
🚀 APPLYING AXIOM IN SANDBOX: CROP_WINDOW_AROUND(3) (Tier: 7)
🚀 APPLYING AXIOM IN SANDBOX: CROP_WINDOW_AROUND(3) (Tier: 7)
🚀 APPLYING AXIOM IN SANDBOX: CROP_WINDOW_AROUND(3) (Tier: 7)
[Depth 2] Axioms: ["ROOT_START", "CROP_WINDOW_AROUND(8)", "CROP_WINDOW_AROUND(3)"] | Pragmatic: 123.00 | Epistemic: 3.74 | Prob: 0.9876 | Dim: 2x2
  ╭──────────────────────────────────────────────────────────────╮
  │  MCTS NODE [0] — Rank 1/2 │ Depth 2                       │
  ├──────────────────────────────────────────────────────────────┤
  │  P(dist): ━━━━━━━━━━━━━━━━━━━━━━━━━━━━━━ ●=0.988 μ=0.894 range[0.800, 0.988]   │
  │  Threshold: 0.050 ✓ SURVIVES                                │
  │  Energy Components:                                          │
  │    Pragmatic (E):   123.000  │  Goal-seeking error             │
  │    Epistemic (I):     3.744  │  Information gain               │
  │    Complexity (C):    0.000  │  Model complexity               │
  │    ───────────────────────────────────────────────────────── │
  │    Total Free Energy: 119.256  │  G = E - I + C                  │
  ├──────────────────────────────────────────────────────────────┤
  │  Status: ⏸️  PENDING (queued for evaluation)                   │
  ╰──────────────────────────────────────────────────────────────╯
  [Memory]  Map (6/25): [█_______________... (truncated)]
🚀 APPLYING AXIOM IN SANDBOX: CROP_WINDOW_AROUND(4) (Tier: 7)
🚀 APPLYING AXIOM IN SANDBOX: CROP_WINDOW_AROUND(4) (Tier: 7)
🚀 APPLYING AXIOM IN SANDBOX: CROP_WINDOW_AROUND(4) (Tier: 7)
[Depth 1] Axioms: ["ROOT_START", "CROP_WINDOW_AROUND(4)"] | Pragmatic: 118.00 | Epistemic: 3.66 | Prob: 0.9877 | Dim: 2x2
  ╭──────────────────────────────────────────────────────────────╮
  │  MCTS NODE [0] — Rank 1/2 │ Depth 1                       │
  ├──────────────────────────────────────────────────────────────┤
  │  P(dist): ━━━━━━━━━━━━━━━━━━━━━━━━━━━━━━ ●=0.988 μ=0.894 range[0.800, 0.988]   │
  │  Threshold: 0.050 ✓ SURVIVES                                │
  │  Energy Components:                                          │
  │    Pragmatic (E):   118.000  │  Goal-seeking error             │
  │    Epistemic (I):     3.664  │  Information gain               │
  │    Complexity (C):    0.000  │  Model complexity               │
  │    ───────────────────────────────────────────────────────── │
  │    Total Free Energy: 114.336  │  G = E - I + C                  │
  ├──────────────────────────────────────────────────────────────┤
  │  Status: 🌿 EXPANDING (exploring policies...)                   │
  ╰──────────────────────────────────────────────────────────────╯
  [Memory]  Map (6/25): [___██___________... (truncated)]
🚀 APPLYING AXIOM IN SANDBOX: CROP_WINDOW_AROUND(8) (Tier: 7)
🚀 APPLYING AXIOM IN SANDBOX: CROP_WINDOW_AROUND(8) (Tier: 7)
🚀 APPLYING AXIOM IN SANDBOX: CROP_WINDOW_AROUND(8) (Tier: 7)
[Depth 2] Axioms: ["ROOT_START", "CROP_WINDOW_AROUND(4)", "CROP_WINDOW_AROUND(8)"] | Pragmatic: 116.00 | Epistemic: 5.54 | Prob: 0.9878 | Dim: 2x2
  ╭──────────────────────────────────────────────────────────────╮
  │  MCTS NODE [0] — Rank 1/2 │ Depth 2                       │
  ├──────────────────────────────────────────────────────────────┤
  │  P(dist): ━━━━━━━━━━━━━━━━━━━━━━━━━━━━━━ ●=0.988 μ=0.894 range[0.800, 0.988]   │
  │  Threshold: 0.050 ✓ SURVIVES                                │
  │  Energy Components:                                          │
  │    Pragmatic (E):   116.000  │  Goal-seeking error             │
  │    Epistemic (I):     5.535  │  Information gain               │
  │    Complexity (C):    0.000  │  Model complexity               │
  │    ───────────────────────────────────────────────────────── │
  │    Total Free Energy: 110.465  │  G = E - I + C                  │
  ├──────────────────────────────────────────────────────────────┤
  │  Status: ⏸️  PENDING (queued for evaluation)                   │
  ╰──────────────────────────────────────────────────────────────╯
  [Memory]  Map (6/25): [___██___________... (truncated)]
🚀 APPLYING AXIOM IN SANDBOX: CROP_WINDOW_AROUND(3) (Tier: 7)
🚀 APPLYING AXIOM IN SANDBOX: CROP_WINDOW_AROUND(3) (Tier: 7)
🚀 APPLYING AXIOM IN SANDBOX: CROP_WINDOW_AROUND(3) (Tier: 7)
[Depth 2] Axioms: ["ROOT_START", "CROP_WINDOW_AROUND(4)", "CROP_WINDOW_AROUND(3)"] | Pragmatic: 116.00 | Epistemic: 5.54 | Prob: 0.9878 | Dim: 2x2
  ╭──────────────────────────────────────────────────────────────╮
  │  MCTS NODE [0] — Rank 1/2 │ Depth 2                       │
  ├──────────────────────────────────────────────────────────────┤
  │  P(dist): ━━━━━━━━━━━━━━━━━━━━━━━━━━━━━━ ●=0.988 μ=0.894 range[0.800, 0.988]   │
  │  Threshold: 0.050 ✓ SURVIVES                                │
  │  Energy Components:                                          │
  │    Pragmatic (E):   116.000  │  Goal-seeking error             │
  │    Epistemic (I):     5.535  │  Information gain               │
  │    Complexity (C):    0.000  │  Model complexity               │
  │    ───────────────────────────────────────────────────────── │
  │    Total Free Energy: 110.465  │  G = E - I + C                  │
  ├──────────────────────────────────────────────────────────────┤
  │  Status: ⏸️  PENDING (queued for evaluation)                   │
  ╰──────────────────────────────────────────────────────────────╯
  [Memory]  Map (6/25): [___██___________... (truncated)]
🚀 APPLYING AXIOM IN SANDBOX: CROP_WINDOW_AROUND(3) (Tier: 7)
🚀 APPLYING AXIOM IN SANDBOX: CROP_WINDOW_AROUND(3) (Tier: 7)
🚀 APPLYING AXIOM IN SANDBOX: CROP_WINDOW_AROUND(3) (Tier: 7)
[Depth 1] Axioms: ["ROOT_START", "CROP_WINDOW_AROUND(3)"] | Pragmatic: 123.00 | Epistemic: 3.74 | Prob: 0.9876 | Dim: 2x2
  ╭──────────────────────────────────────────────────────────────╮
  │  MCTS NODE [0] — Rank 1/2 │ Depth 1                       │
  ├──────────────────────────────────────────────────────────────┤
  │  P(dist): ━━━━━━━━━━━━━━━━━━━━━━━━━━━━━━ ●=0.988 μ=0.894 range[0.800, 0.988]   │
  │  Threshold: 0.050 ✓ SURVIVES                                │
  │  Energy Components:                                          │
  │    Pragmatic (E):   123.000  │  Goal-seeking error             │
  │    Epistemic (I):     3.744  │  Information gain               │
  │    Complexity (C):    0.000  │  Model complexity               │
  │    ───────────────────────────────────────────────────────── │
  │    Total Free Energy: 119.256  │  G = E - I + C                  │
  ├──────────────────────────────────────────────────────────────┤
  │  Status: 🌿 EXPANDING (exploring policies...)                   │
  ╰──────────────────────────────────────────────────────────────╯
  [Memory]  Map (6/25): [█_______________... (truncated)]
🚀 APPLYING AXIOM IN SANDBOX: CROP_WINDOW_AROUND(8) (Tier: 7)
🚀 APPLYING AXIOM IN SANDBOX: CROP_WINDOW_AROUND(8) (Tier: 7)
🚀 APPLYING AXIOM IN SANDBOX: CROP_WINDOW_AROUND(8) (Tier: 7)
[Depth 2] Axioms: ["ROOT_START", "CROP_WINDOW_AROUND(3)", "CROP_WINDOW_AROUND(8)"] | Pragmatic: 123.00 | Epistemic: 3.74 | Prob: 0.9876 | Dim: 2x2
  ╭──────────────────────────────────────────────────────────────╮
  │  MCTS NODE [0] — Rank 1/2 │ Depth 2                       │
  ├──────────────────────────────────────────────────────────────┤
  │  P(dist): ━━━━━━━━━━━━━━━━━━━━━━━━━━━━━━ ●=0.988 μ=0.894 range[0.800, 0.988]   │
  │  Threshold: 0.050 ✓ SURVIVES                                │
  │  Energy Components:                                          │
  │    Pragmatic (E):   123.000  │  Goal-seeking error             │
  │    Epistemic (I):     3.744  │  Information gain               │
  │    Complexity (C):    0.000  │  Model complexity               │
  │    ───────────────────────────────────────────────────────── │
  │    Total Free Energy: 119.256  │  G = E - I + C                  │
  ├──────────────────────────────────────────────────────────────┤
  │  Status: ⏸️  PENDING (queued for evaluation)                   │
  ╰──────────────────────────────────────────────────────────────╯
  [Memory]  Map (6/25): [█_______________... (truncated)]
🚀 APPLYING AXIOM IN SANDBOX: CROP_WINDOW_AROUND(4) (Tier: 7)
🚀 APPLYING AXIOM IN SANDBOX: CROP_WINDOW_AROUND(4) (Tier: 7)
🚀 APPLYING AXIOM IN SANDBOX: CROP_WINDOW_AROUND(4) (Tier: 7)
[Depth 2] Axioms: ["ROOT_START", "CROP_WINDOW_AROUND(3)", "CROP_WINDOW_AROUND(4)"] | Pragmatic: 118.00 | Epistemic: 5.62 | Prob: 0.9878 | Dim: 2x2
  ╭──────────────────────────────────────────────────────────────╮
  │  MCTS NODE [0] — Rank 1/2 │ Depth 2                       │
  ├──────────────────────────────────────────────────────────────┤
  │  P(dist): ━━━━━━━━━━━━━━━━━━━━━━━━━━━━━━ ●=0.988 μ=0.894 range[0.800, 0.988]   │
  │  Threshold: 0.050 ✓ SURVIVES                                │
  │  Energy Components:                                          │
  │    Pragmatic (E):   118.000  │  Goal-seeking error             │
  │    Epistemic (I):     5.615  │  Information gain               │
  │    Complexity (C):    0.000  │  Model complexity               │
  │    ───────────────────────────────────────────────────────── │
  │    Total Free Energy: 112.385  │  G = E - I + C                  │
  ├──────────────────────────────────────────────────────────────┤
  │  Status: ⏸️  PENDING (queued for evaluation)                   │
  ╰──────────────────────────────────────────────────────────────╯
  [Memory]  Map (6/25): [█_______________... (truncated)]
   🔍 Search Attempt 2: Exploring top 5 advanced axioms...
🚀 APPLYING AXIOM IN SANDBOX: CROP_WINDOW_AROUND(3) (Tier: 7)
🚀 APPLYING AXIOM IN SANDBOX: CROP_WINDOW_AROUND(3) (Tier: 7)
🚀 APPLYING AXIOM IN SANDBOX: CROP_WINDOW_AROUND(3) (Tier: 7)
🚀 APPLYING AXIOM IN SANDBOX: CROP_WINDOW_AROUND(4) (Tier: 7)
🚀 APPLYING AXIOM IN SANDBOX: CROP_WINDOW_AROUND(4) (Tier: 7)
🚀 APPLYING AXIOM IN SANDBOX: CROP_WINDOW_AROUND(4) (Tier: 7)
🚀 APPLYING AXIOM IN SANDBOX: CROP_WINDOW_AROUND(8) (Tier: 7)
🚀 APPLYING AXIOM IN SANDBOX: CROP_WINDOW_AROUND(8) (Tier: 7)
🚀 APPLYING AXIOM IN SANDBOX: CROP_WINDOW_AROUND(8) (Tier: 7)
🚀 APPLYING AXIOM IN SANDBOX: CROP_WINDOW_AROUND(3) (Tier: 7)
🚀 APPLYING AXIOM IN SANDBOX: CROP_WINDOW_AROUND(3) (Tier: 7)
🚀 APPLYING AXIOM IN SANDBOX: CROP_WINDOW_AROUND(3) (Tier: 7)
🚀 APPLYING AXIOM IN SANDBOX: CROP_WINDOW_AROUND(4) (Tier: 7)
🚀 APPLYING AXIOM IN SANDBOX: CROP_WINDOW_AROUND(4) (Tier: 7)
🚀 APPLYING AXIOM IN SANDBOX: CROP_WINDOW_AROUND(4) (Tier: 7)
🚀 APPLYING AXIOM IN SANDBOX: CROP_WINDOW_AROUND(8) (Tier: 7)
🚀 APPLYING AXIOM IN SANDBOX: CROP_WINDOW_AROUND(8) (Tier: 7)
🚀 APPLYING AXIOM IN SANDBOX: CROP_WINDOW_AROUND(8) (Tier: 7)
   ⚡ Memulai MCTS dari ROOT ZERO-POINT dengan 3 amunisi unik...
🚀 APPLYING AXIOM IN SANDBOX: ROOT_START (Tier: 0)
🚀 APPLYING AXIOM IN SANDBOX: ROOT_START (Tier: 0)
🚀 APPLYING AXIOM IN SANDBOX: ROOT_START (Tier: 0)
[Depth 0] Axioms: ["ROOT_START"] | Pragmatic: 79500.00 | Epistemic: 0.00 | Prob: 0.9900 | Dim: 2x2
  ╭──────────────────────────────────────────────────────────────╮
  │  MCTS NODE [0] — Rank 1/2 │ Depth 0                       │
  ├──────────────────────────────────────────────────────────────┤
  │  P(dist): ━━━━━━━━━━━━━━━━━━━━━━━━━━━━━━ ●=0.990 μ=0.895 range[0.800, 0.990]   │
  │  Threshold: 0.050 ✓ SURVIVES                                │
  │  Energy Components:                                          │
  │    Pragmatic (E):  79500.000  │  Goal-seeking error             │
  │    Epistemic (I):     0.000  │  Information gain               │
  │    Complexity (C):    0.000  │  Model complexity               │
  │    ───────────────────────────────────────────────────────── │
  │    Total Free Energy: 79500.000  │  G = E - I + C                  │
  ├──────────────────────────────────────────────────────────────┤
  │  Status: 🌿 EXPANDING (exploring policies...)                   │
  ╰──────────────────────────────────────────────────────────────╯
  [Memory]  Map (6/25): [██████__________... (truncated)]
🚀 APPLYING AXIOM IN SANDBOX: CROP_WINDOW_AROUND(8) (Tier: 7)
🚀 APPLYING AXIOM IN SANDBOX: CROP_WINDOW_AROUND(8) (Tier: 7)
🚀 APPLYING AXIOM IN SANDBOX: CROP_WINDOW_AROUND(8) (Tier: 7)
[Depth 1] Axioms: ["ROOT_START", "CROP_WINDOW_AROUND(8)"] | Pragmatic: 123.00 | Epistemic: 3.74 | Prob: 0.9876 | Dim: 2x2
  ╭──────────────────────────────────────────────────────────────╮
  │  MCTS NODE [0] — Rank 1/2 │ Depth 1                       │
  ├──────────────────────────────────────────────────────────────┤
  │  P(dist): ━━━━━━━━━━━━━━━━━━━━━━━━━━━━━━ ●=0.988 μ=0.894 range[0.800, 0.988]   │
  │  Threshold: 0.050 ✓ SURVIVES                                │
  │  Energy Components:                                          │
  │    Pragmatic (E):   123.000  │  Goal-seeking error             │
  │    Epistemic (I):     3.744  │  Information gain               │
  │    Complexity (C):    0.000  │  Model complexity               │
  │    ───────────────────────────────────────────────────────── │
  │    Total Free Energy: 119.256  │  G = E - I + C                  │
  ├──────────────────────────────────────────────────────────────┤
  │  Status: 🌿 EXPANDING (exploring policies...)                   │
  ╰──────────────────────────────────────────────────────────────╯
  [Memory]  Map (6/25): [█_______________... (truncated)]
🚀 APPLYING AXIOM IN SANDBOX: CROP_WINDOW_AROUND(4) (Tier: 7)
🚀 APPLYING AXIOM IN SANDBOX: CROP_WINDOW_AROUND(4) (Tier: 7)
🚀 APPLYING AXIOM IN SANDBOX: CROP_WINDOW_AROUND(4) (Tier: 7)
[Depth 2] Axioms: ["ROOT_START", "CROP_WINDOW_AROUND(8)", "CROP_WINDOW_AROUND(4)"] | Pragmatic: 118.00 | Epistemic: 5.62 | Prob: 0.9878 | Dim: 2x2
  ╭──────────────────────────────────────────────────────────────╮
  │  MCTS NODE [0] — Rank 1/2 │ Depth 2                       │
  ├──────────────────────────────────────────────────────────────┤
  │  P(dist): ━━━━━━━━━━━━━━━━━━━━━━━━━━━━━━ ●=0.988 μ=0.894 range[0.800, 0.988]   │
  │  Threshold: 0.050 ✓ SURVIVES                                │
  │  Energy Components:                                          │
  │    Pragmatic (E):   118.000  │  Goal-seeking error             │
  │    Epistemic (I):     5.615  │  Information gain               │
  │    Complexity (C):    0.000  │  Model complexity               │
  │    ───────────────────────────────────────────────────────── │
  │    Total Free Energy: 112.385  │  G = E - I + C                  │
  ├──────────────────────────────────────────────────────────────┤
  │  Status: ⏸️  PENDING (queued for evaluation)                   │
  ╰──────────────────────────────────────────────────────────────╯
  [Memory]  Map (6/25): [█_______________... (truncated)]
🚀 APPLYING AXIOM IN SANDBOX: CROP_WINDOW_AROUND(3) (Tier: 7)
🚀 APPLYING AXIOM IN SANDBOX: CROP_WINDOW_AROUND(3) (Tier: 7)
🚀 APPLYING AXIOM IN SANDBOX: CROP_WINDOW_AROUND(3) (Tier: 7)
[Depth 2] Axioms: ["ROOT_START", "CROP_WINDOW_AROUND(8)", "CROP_WINDOW_AROUND(3)"] | Pragmatic: 123.00 | Epistemic: 3.74 | Prob: 0.9876 | Dim: 2x2
  ╭──────────────────────────────────────────────────────────────╮
  │  MCTS NODE [0] — Rank 1/2 │ Depth 2                       │
  ├──────────────────────────────────────────────────────────────┤
  │  P(dist): ━━━━━━━━━━━━━━━━━━━━━━━━━━━━━━ ●=0.988 μ=0.894 range[0.800, 0.988]   │
  │  Threshold: 0.050 ✓ SURVIVES                                │
  │  Energy Components:                                          │
  │    Pragmatic (E):   123.000  │  Goal-seeking error             │
  │    Epistemic (I):     3.744  │  Information gain               │
  │    Complexity (C):    0.000  │  Model complexity               │
  │    ───────────────────────────────────────────────────────── │
  │    Total Free Energy: 119.256  │  G = E - I + C                  │
  ├──────────────────────────────────────────────────────────────┤
  │  Status: ⏸️  PENDING (queued for evaluation)                   │
  ╰──────────────────────────────────────────────────────────────╯
  [Memory]  Map (6/25): [█_______________... (truncated)]
🚀 APPLYING AXIOM IN SANDBOX: CROP_WINDOW_AROUND(4) (Tier: 7)
🚀 APPLYING AXIOM IN SANDBOX: CROP_WINDOW_AROUND(4) (Tier: 7)
🚀 APPLYING AXIOM IN SANDBOX: CROP_WINDOW_AROUND(4) (Tier: 7)
[Depth 1] Axioms: ["ROOT_START", "CROP_WINDOW_AROUND(4)"] | Pragmatic: 118.00 | Epistemic: 3.66 | Prob: 0.9877 | Dim: 2x2
  ╭──────────────────────────────────────────────────────────────╮
  │  MCTS NODE [0] — Rank 1/2 │ Depth 1                       │
  ├──────────────────────────────────────────────────────────────┤
  │  P(dist): ━━━━━━━━━━━━━━━━━━━━━━━━━━━━━━ ●=0.988 μ=0.894 range[0.800, 0.988]   │
  │  Threshold: 0.050 ✓ SURVIVES                                │
  │  Energy Components:                                          │
  │    Pragmatic (E):   118.000  │  Goal-seeking error             │
  │    Epistemic (I):     3.664  │  Information gain               │
  │    Complexity (C):    0.000  │  Model complexity               │
  │    ───────────────────────────────────────────────────────── │
  │    Total Free Energy: 114.336  │  G = E - I + C                  │
  ├──────────────────────────────────────────────────────────────┤
  │  Status: 🌿 EXPANDING (exploring policies...)                   │
  ╰──────────────────────────────────────────────────────────────╯
  [Memory]  Map (6/25): [___██___________... (truncated)]
🚀 APPLYING AXIOM IN SANDBOX: CROP_WINDOW_AROUND(8) (Tier: 7)
🚀 APPLYING AXIOM IN SANDBOX: CROP_WINDOW_AROUND(8) (Tier: 7)
🚀 APPLYING AXIOM IN SANDBOX: CROP_WINDOW_AROUND(8) (Tier: 7)
[Depth 2] Axioms: ["ROOT_START", "CROP_WINDOW_AROUND(4)", "CROP_WINDOW_AROUND(8)"] | Pragmatic: 116.00 | Epistemic: 5.54 | Prob: 0.9878 | Dim: 2x2
  ╭──────────────────────────────────────────────────────────────╮
  │  MCTS NODE [0] — Rank 1/2 │ Depth 2                       │
  ├──────────────────────────────────────────────────────────────┤
  │  P(dist): ━━━━━━━━━━━━━━━━━━━━━━━━━━━━━━ ●=0.988 μ=0.894 range[0.800, 0.988]   │
  │  Threshold: 0.050 ✓ SURVIVES                                │
  │  Energy Components:                                          │
  │    Pragmatic (E):   116.000  │  Goal-seeking error             │
  │    Epistemic (I):     5.535  │  Information gain               │
  │    Complexity (C):    0.000  │  Model complexity               │
  │    ───────────────────────────────────────────────────────── │
  │    Total Free Energy: 110.465  │  G = E - I + C                  │
  ├──────────────────────────────────────────────────────────────┤
  │  Status: ⏸️  PENDING (queued for evaluation)                   │
  ╰──────────────────────────────────────────────────────────────╯
  [Memory]  Map (6/25): [___██___________... (truncated)]
🚀 APPLYING AXIOM IN SANDBOX: CROP_WINDOW_AROUND(3) (Tier: 7)
🚀 APPLYING AXIOM IN SANDBOX: CROP_WINDOW_AROUND(3) (Tier: 7)
🚀 APPLYING AXIOM IN SANDBOX: CROP_WINDOW_AROUND(3) (Tier: 7)
[Depth 2] Axioms: ["ROOT_START", "CROP_WINDOW_AROUND(4)", "CROP_WINDOW_AROUND(3)"] | Pragmatic: 116.00 | Epistemic: 5.54 | Prob: 0.9878 | Dim: 2x2
  ╭──────────────────────────────────────────────────────────────╮
  │  MCTS NODE [0] — Rank 1/2 │ Depth 2                       │
  ├──────────────────────────────────────────────────────────────┤
  │  P(dist): ━━━━━━━━━━━━━━━━━━━━━━━━━━━━━━ ●=0.988 μ=0.894 range[0.800, 0.988]   │
  │  Threshold: 0.050 ✓ SURVIVES                                │
  │  Energy Components:                                          │
  │    Pragmatic (E):   116.000  │  Goal-seeking error             │
  │    Epistemic (I):     5.535  │  Information gain               │
  │    Complexity (C):    0.000  │  Model complexity               │
  │    ───────────────────────────────────────────────────────── │
  │    Total Free Energy: 110.465  │  G = E - I + C                  │
  ├──────────────────────────────────────────────────────────────┤
  │  Status: ⏸️  PENDING (queued for evaluation)                   │
  ╰──────────────────────────────────────────────────────────────╯
  [Memory]  Map (6/25): [___██___________... (truncated)]
🚀 APPLYING AXIOM IN SANDBOX: CROP_WINDOW_AROUND(3) (Tier: 7)
🚀 APPLYING AXIOM IN SANDBOX: CROP_WINDOW_AROUND(3) (Tier: 7)
🚀 APPLYING AXIOM IN SANDBOX: CROP_WINDOW_AROUND(3) (Tier: 7)
[Depth 1] Axioms: ["ROOT_START", "CROP_WINDOW_AROUND(3)"] | Pragmatic: 123.00 | Epistemic: 3.74 | Prob: 0.9876 | Dim: 2x2
  ╭──────────────────────────────────────────────────────────────╮
  │  MCTS NODE [0] — Rank 1/2 │ Depth 1                       │
  ├──────────────────────────────────────────────────────────────┤
  │  P(dist): ━━━━━━━━━━━━━━━━━━━━━━━━━━━━━━ ●=0.988 μ=0.894 range[0.800, 0.988]   │
  │  Threshold: 0.050 ✓ SURVIVES                                │
  │  Energy Components:                                          │
  │    Pragmatic (E):   123.000  │  Goal-seeking error             │
  │    Epistemic (I):     3.744  │  Information gain               │
  │    Complexity (C):    0.000  │  Model complexity               │
  │    ───────────────────────────────────────────────────────── │
  │    Total Free Energy: 119.256  │  G = E - I + C                  │
  ├──────────────────────────────────────────────────────────────┤
  │  Status: 🌿 EXPANDING (exploring policies...)                   │
  ╰──────────────────────────────────────────────────────────────╯
  [Memory]  Map (6/25): [█_______________... (truncated)]
🚀 APPLYING AXIOM IN SANDBOX: CROP_WINDOW_AROUND(8) (Tier: 7)
🚀 APPLYING AXIOM IN SANDBOX: CROP_WINDOW_AROUND(8) (Tier: 7)
🚀 APPLYING AXIOM IN SANDBOX: CROP_WINDOW_AROUND(8) (Tier: 7)
[Depth 2] Axioms: ["ROOT_START", "CROP_WINDOW_AROUND(3)", "CROP_WINDOW_AROUND(8)"] | Pragmatic: 123.00 | Epistemic: 3.74 | Prob: 0.9876 | Dim: 2x2
  ╭──────────────────────────────────────────────────────────────╮
  │  MCTS NODE [0] — Rank 1/2 │ Depth 2                       │
  ├──────────────────────────────────────────────────────────────┤
  │  P(dist): ━━━━━━━━━━━━━━━━━━━━━━━━━━━━━━ ●=0.988 μ=0.894 range[0.800, 0.988]   │
  │  Threshold: 0.050 ✓ SURVIVES                                │
  │  Energy Components:                                          │
  │    Pragmatic (E):   123.000  │  Goal-seeking error             │
  │    Epistemic (I):     3.744  │  Information gain               │
  │    Complexity (C):    0.000  │  Model complexity               │
  │    ───────────────────────────────────────────────────────── │
  │    Total Free Energy: 119.256  │  G = E - I + C                  │
  ├──────────────────────────────────────────────────────────────┤
  │  Status: ⏸️  PENDING (queued for evaluation)                   │
  ╰──────────────────────────────────────────────────────────────╯
  [Memory]  Map (6/25): [█_______________... (truncated)]
🚀 APPLYING AXIOM IN SANDBOX: CROP_WINDOW_AROUND(4) (Tier: 7)
🚀 APPLYING AXIOM IN SANDBOX: CROP_WINDOW_AROUND(4) (Tier: 7)
🚀 APPLYING AXIOM IN SANDBOX: CROP_WINDOW_AROUND(4) (Tier: 7)
[Depth 2] Axioms: ["ROOT_START", "CROP_WINDOW_AROUND(3)", "CROP_WINDOW_AROUND(4)"] | Pragmatic: 118.00 | Epistemic: 5.62 | Prob: 0.9878 | Dim: 2x2
  ╭──────────────────────────────────────────────────────────────╮
  │  MCTS NODE [0] — Rank 1/2 │ Depth 2                       │
  ├──────────────────────────────────────────────────────────────┤
  │  P(dist): ━━━━━━━━━━━━━━━━━━━━━━━━━━━━━━ ●=0.988 μ=0.894 range[0.800, 0.988]   │
  │  Threshold: 0.050 ✓ SURVIVES                                │
  │  Energy Components:                                          │
  │    Pragmatic (E):   118.000  │  Goal-seeking error             │
  │    Epistemic (I):     5.615  │  Information gain               │
  │    Complexity (C):    0.000  │  Model complexity               │
  │    ───────────────────────────────────────────────────────── │
  │    Total Free Energy: 112.385  │  G = E - I + C                  │
  ├──────────────────────────────────────────────────────────────┤
  │  Status: ⏸️  PENDING (queued for evaluation)                   │
  ╰──────────────────────────────────────────────────────────────╯
  [Memory]  Map (6/25): [█_______________... (truncated)]
🧠 [Metakognisi] Bottleneck::FalseSharing - Amnesia Singkat (Cache Miss) Terdeteksi!
   📝 MENULIS LOG ARCHITECTURE KE SISTEM: Iterasi iterasi EntityManifold lambat rata-rata 223971 ns per entitas. Kecepatan ini 3x lipat dari limit AVX2.
🧠 [Metakognisi] Bottleneck::LocalOptimum - MCTS mentok.
   -> Beralih ke ADVANCED PASS (Iterative Deepening MCTS / Grover)...
   🔍 Search Attempt 1: Exploring top 2 advanced axioms...
🚀 APPLYING AXIOM IN SANDBOX: CROP_WINDOW_AROUND(3) (Tier: 7)
🚀 APPLYING AXIOM IN SANDBOX: CROP_WINDOW_AROUND(3) (Tier: 7)
🚀 APPLYING AXIOM IN SANDBOX: CROP_WINDOW_AROUND(3) (Tier: 7)
🚀 APPLYING AXIOM IN SANDBOX: CROP_WINDOW_AROUND(4) (Tier: 7)
🚀 APPLYING AXIOM IN SANDBOX: CROP_WINDOW_AROUND(4) (Tier: 7)
🚀 APPLYING AXIOM IN SANDBOX: CROP_WINDOW_AROUND(4) (Tier: 7)
🚀 APPLYING AXIOM IN SANDBOX: CROP_WINDOW_AROUND(3) (Tier: 7)
🚀 APPLYING AXIOM IN SANDBOX: CROP_WINDOW_AROUND(3) (Tier: 7)
🚀 APPLYING AXIOM IN SANDBOX: CROP_WINDOW_AROUND(3) (Tier: 7)
🚀 APPLYING AXIOM IN SANDBOX: CROP_WINDOW_AROUND(4) (Tier: 7)
🚀 APPLYING AXIOM IN SANDBOX: CROP_WINDOW_AROUND(4) (Tier: 7)
🚀 APPLYING AXIOM IN SANDBOX: CROP_WINDOW_AROUND(4) (Tier: 7)
   ⚡ Memulai MCTS dari ROOT ZERO-POINT dengan 3 amunisi unik...
🚀 APPLYING AXIOM IN SANDBOX: ROOT_START (Tier: 0)
🚀 APPLYING AXIOM IN SANDBOX: ROOT_START (Tier: 0)
🚀 APPLYING AXIOM IN SANDBOX: ROOT_START (Tier: 0)
[Depth 0] Axioms: ["ROOT_START"] | Pragmatic: 79500.00 | Epistemic: 0.00 | Prob: 0.9900 | Dim: 2x2
  ╭──────────────────────────────────────────────────────────────╮
  │  MCTS NODE [0] — Rank 1/2 │ Depth 0                       │
  ├──────────────────────────────────────────────────────────────┤
  │  P(dist): ━━━━━━━━━━━━━━━━━━━━━━━━━━━━━━ ●=0.990 μ=0.895 range[0.800, 0.990]   │
  │  Threshold: 0.050 ✓ SURVIVES                                │
  │  Energy Components:                                          │
  │    Pragmatic (E):  79500.000  │  Goal-seeking error             │
  │    Epistemic (I):     0.000  │  Information gain               │
  │    Complexity (C):    0.000  │  Model complexity               │
  │    ───────────────────────────────────────────────────────── │
  │    Total Free Energy: 79500.000  │  G = E - I + C                  │
  ├──────────────────────────────────────────────────────────────┤
  │  Status: 🌿 EXPANDING (exploring policies...)                   │
  ╰──────────────────────────────────────────────────────────────╯
  [Memory]  Map (6/25): [██████__________... (truncated)]
🚀 APPLYING AXIOM IN SANDBOX: CROP_WINDOW_AROUND(8) (Tier: 7)
🚀 APPLYING AXIOM IN SANDBOX: CROP_WINDOW_AROUND(8) (Tier: 7)
🚀 APPLYING AXIOM IN SANDBOX: CROP_WINDOW_AROUND(8) (Tier: 7)
[Depth 1] Axioms: ["ROOT_START", "CROP_WINDOW_AROUND(8)"] | Pragmatic: 123.00 | Epistemic: 3.74 | Prob: 0.9876 | Dim: 2x2
  ╭──────────────────────────────────────────────────────────────╮
  │  MCTS NODE [0] — Rank 1/2 │ Depth 1                       │
  ├──────────────────────────────────────────────────────────────┤
  │  P(dist): ━━━━━━━━━━━━━━━━━━━━━━━━━━━━━━ ●=0.988 μ=0.894 range[0.800, 0.988]   │
  │  Threshold: 0.050 ✓ SURVIVES                                │
  │  Energy Components:                                          │
  │    Pragmatic (E):   123.000  │  Goal-seeking error             │
  │    Epistemic (I):     3.744  │  Information gain               │
  │    Complexity (C):    0.000  │  Model complexity               │
  │    ───────────────────────────────────────────────────────── │
  │    Total Free Energy: 119.256  │  G = E - I + C                  │
  ├──────────────────────────────────────────────────────────────┤
  │  Status: 🌿 EXPANDING (exploring policies...)                   │
  ╰──────────────────────────────────────────────────────────────╯
  [Memory]  Map (6/25): [█_______________... (truncated)]
🚀 APPLYING AXIOM IN SANDBOX: CROP_WINDOW_AROUND(4) (Tier: 7)
🚀 APPLYING AXIOM IN SANDBOX: CROP_WINDOW_AROUND(4) (Tier: 7)
🚀 APPLYING AXIOM IN SANDBOX: CROP_WINDOW_AROUND(4) (Tier: 7)
[Depth 2] Axioms: ["ROOT_START", "CROP_WINDOW_AROUND(8)", "CROP_WINDOW_AROUND(4)"] | Pragmatic: 118.00 | Epistemic: 5.62 | Prob: 0.9878 | Dim: 2x2
  ╭──────────────────────────────────────────────────────────────╮
  │  MCTS NODE [0] — Rank 1/2 │ Depth 2                       │
  ├──────────────────────────────────────────────────────────────┤
  │  P(dist): ━━━━━━━━━━━━━━━━━━━━━━━━━━━━━━ ●=0.988 μ=0.894 range[0.800, 0.988]   │
  │  Threshold: 0.050 ✓ SURVIVES                                │
  │  Energy Components:                                          │
  │    Pragmatic (E):   118.000  │  Goal-seeking error             │
  │    Epistemic (I):     5.615  │  Information gain               │
  │    Complexity (C):    0.000  │  Model complexity               │
  │    ───────────────────────────────────────────────────────── │
  │    Total Free Energy: 112.385  │  G = E - I + C                  │
  ├──────────────────────────────────────────────────────────────┤
  │  Status: ⏸️  PENDING (queued for evaluation)                   │
  ╰──────────────────────────────────────────────────────────────╯
  [Memory]  Map (6/25): [█_______________... (truncated)]
🚀 APPLYING AXIOM IN SANDBOX: CROP_WINDOW_AROUND(3) (Tier: 7)
🚀 APPLYING AXIOM IN SANDBOX: CROP_WINDOW_AROUND(3) (Tier: 7)
🚀 APPLYING AXIOM IN SANDBOX: CROP_WINDOW_AROUND(3) (Tier: 7)
[Depth 2] Axioms: ["ROOT_START", "CROP_WINDOW_AROUND(8)", "CROP_WINDOW_AROUND(3)"] | Pragmatic: 123.00 | Epistemic: 3.74 | Prob: 0.9876 | Dim: 2x2
  ╭──────────────────────────────────────────────────────────────╮
  │  MCTS NODE [0] — Rank 1/2 │ Depth 2                       │
  ├──────────────────────────────────────────────────────────────┤
  │  P(dist): ━━━━━━━━━━━━━━━━━━━━━━━━━━━━━━ ●=0.988 μ=0.894 range[0.800, 0.988]   │
  │  Threshold: 0.050 ✓ SURVIVES                                │
  │  Energy Components:                                          │
  │    Pragmatic (E):   123.000  │  Goal-seeking error             │
  │    Epistemic (I):     3.744  │  Information gain               │
  │    Complexity (C):    0.000  │  Model complexity               │
  │    ───────────────────────────────────────────────────────── │
  │    Total Free Energy: 119.256  │  G = E - I + C                  │
  ├──────────────────────────────────────────────────────────────┤
  │  Status: ⏸️  PENDING (queued for evaluation)                   │
  ╰──────────────────────────────────────────────────────────────╯
  [Memory]  Map (6/25): [█_______________... (truncated)]
🚀 APPLYING AXIOM IN SANDBOX: CROP_WINDOW_AROUND(4) (Tier: 7)
🚀 APPLYING AXIOM IN SANDBOX: CROP_WINDOW_AROUND(4) (Tier: 7)
🚀 APPLYING AXIOM IN SANDBOX: CROP_WINDOW_AROUND(4) (Tier: 7)
[Depth 1] Axioms: ["ROOT_START", "CROP_WINDOW_AROUND(4)"] | Pragmatic: 118.00 | Epistemic: 3.66 | Prob: 0.9877 | Dim: 2x2
  ╭──────────────────────────────────────────────────────────────╮
  │  MCTS NODE [0] — Rank 1/2 │ Depth 1                       │
  ├──────────────────────────────────────────────────────────────┤
  │  P(dist): ━━━━━━━━━━━━━━━━━━━━━━━━━━━━━━ ●=0.988 μ=0.894 range[0.800, 0.988]   │
  │  Threshold: 0.050 ✓ SURVIVES                                │
  │  Energy Components:                                          │
  │    Pragmatic (E):   118.000  │  Goal-seeking error             │
  │    Epistemic (I):     3.664  │  Information gain               │
  │    Complexity (C):    0.000  │  Model complexity               │
  │    ───────────────────────────────────────────────────────── │
  │    Total Free Energy: 114.336  │  G = E - I + C                  │
  ├──────────────────────────────────────────────────────────────┤
  │  Status: 🌿 EXPANDING (exploring policies...)                   │
  ╰──────────────────────────────────────────────────────────────╯
  [Memory]  Map (6/25): [___██___________... (truncated)]
🚀 APPLYING AXIOM IN SANDBOX: CROP_WINDOW_AROUND(8) (Tier: 7)
🚀 APPLYING AXIOM IN SANDBOX: CROP_WINDOW_AROUND(8) (Tier: 7)
🚀 APPLYING AXIOM IN SANDBOX: CROP_WINDOW_AROUND(8) (Tier: 7)
[Depth 2] Axioms: ["ROOT_START", "CROP_WINDOW_AROUND(4)", "CROP_WINDOW_AROUND(8)"] | Pragmatic: 116.00 | Epistemic: 5.54 | Prob: 0.9878 | Dim: 2x2
  ╭──────────────────────────────────────────────────────────────╮
  │  MCTS NODE [0] — Rank 1/2 │ Depth 2                       │
  ├──────────────────────────────────────────────────────────────┤
  │  P(dist): ━━━━━━━━━━━━━━━━━━━━━━━━━━━━━━ ●=0.988 μ=0.894 range[0.800, 0.988]   │
  │  Threshold: 0.050 ✓ SURVIVES                                │
  │  Energy Components:                                          │
  │    Pragmatic (E):   116.000  │  Goal-seeking error             │
  │    Epistemic (I):     5.535  │  Information gain               │
  │    Complexity (C):    0.000  │  Model complexity               │
  │    ───────────────────────────────────────────────────────── │
  │    Total Free Energy: 110.465  │  G = E - I + C                  │
  ├──────────────────────────────────────────────────────────────┤
  │  Status: ⏸️  PENDING (queued for evaluation)                   │
  ╰──────────────────────────────────────────────────────────────╯
  [Memory]  Map (6/25): [___██___________... (truncated)]
🚀 APPLYING AXIOM IN SANDBOX: CROP_WINDOW_AROUND(3) (Tier: 7)
🚀 APPLYING AXIOM IN SANDBOX: CROP_WINDOW_AROUND(3) (Tier: 7)
🚀 APPLYING AXIOM IN SANDBOX: CROP_WINDOW_AROUND(3) (Tier: 7)
[Depth 2] Axioms: ["ROOT_START", "CROP_WINDOW_AROUND(4)", "CROP_WINDOW_AROUND(3)"] | Pragmatic: 116.00 | Epistemic: 5.54 | Prob: 0.9878 | Dim: 2x2
  ╭──────────────────────────────────────────────────────────────╮
  │  MCTS NODE [0] — Rank 1/2 │ Depth 2                       │
  ├──────────────────────────────────────────────────────────────┤
  │  P(dist): ━━━━━━━━━━━━━━━━━━━━━━━━━━━━━━ ●=0.988 μ=0.894 range[0.800, 0.988]   │
  │  Threshold: 0.050 ✓ SURVIVES                                │
  │  Energy Components:                                          │
  │    Pragmatic (E):   116.000  │  Goal-seeking error             │
  │    Epistemic (I):     5.535  │  Information gain               │
  │    Complexity (C):    0.000  │  Model complexity               │
  │    ───────────────────────────────────────────────────────── │
  │    Total Free Energy: 110.465  │  G = E - I + C                  │
  ├──────────────────────────────────────────────────────────────┤
  │  Status: ⏸️  PENDING (queued for evaluation)                   │
  ╰──────────────────────────────────────────────────────────────╯
  [Memory]  Map (6/25): [___██___________... (truncated)]
🚀 APPLYING AXIOM IN SANDBOX: CROP_WINDOW_AROUND(3) (Tier: 7)
🚀 APPLYING AXIOM IN SANDBOX: CROP_WINDOW_AROUND(3) (Tier: 7)
🚀 APPLYING AXIOM IN SANDBOX: CROP_WINDOW_AROUND(3) (Tier: 7)
[Depth 1] Axioms: ["ROOT_START", "CROP_WINDOW_AROUND(3)"] | Pragmatic: 123.00 | Epistemic: 3.74 | Prob: 0.9876 | Dim: 2x2
  ╭──────────────────────────────────────────────────────────────╮
  │  MCTS NODE [0] — Rank 1/2 │ Depth 1                       │
  ├──────────────────────────────────────────────────────────────┤
  │  P(dist): ━━━━━━━━━━━━━━━━━━━━━━━━━━━━━━ ●=0.988 μ=0.894 range[0.800, 0.988]   │
  │  Threshold: 0.050 ✓ SURVIVES                                │
  │  Energy Components:                                          │
  │    Pragmatic (E):   123.000  │  Goal-seeking error             │
  │    Epistemic (I):     3.744  │  Information gain               │
  │    Complexity (C):    0.000  │  Model complexity               │
  │    ───────────────────────────────────────────────────────── │
  │    Total Free Energy: 119.256  │  G = E - I + C                  │
  ├──────────────────────────────────────────────────────────────┤
  │  Status: 🌿 EXPANDING (exploring policies...)                   │
  ╰──────────────────────────────────────────────────────────────╯
  [Memory]  Map (6/25): [█_______________... (truncated)]
🚀 APPLYING AXIOM IN SANDBOX: CROP_WINDOW_AROUND(8) (Tier: 7)
🚀 APPLYING AXIOM IN SANDBOX: CROP_WINDOW_AROUND(8) (Tier: 7)
🚀 APPLYING AXIOM IN SANDBOX: CROP_WINDOW_AROUND(8) (Tier: 7)
[Depth 2] Axioms: ["ROOT_START", "CROP_WINDOW_AROUND(3)", "CROP_WINDOW_AROUND(8)"] | Pragmatic: 123.00 | Epistemic: 3.74 | Prob: 0.9876 | Dim: 2x2
  ╭──────────────────────────────────────────────────────────────╮
  │  MCTS NODE [0] — Rank 1/2 │ Depth 2                       │
  ├──────────────────────────────────────────────────────────────┤
  │  P(dist): ━━━━━━━━━━━━━━━━━━━━━━━━━━━━━━ ●=0.988 μ=0.894 range[0.800, 0.988]   │
  │  Threshold: 0.050 ✓ SURVIVES                                │
  │  Energy Components:                                          │
  │    Pragmatic (E):   123.000  │  Goal-seeking error             │
  │    Epistemic (I):     3.744  │  Information gain               │
  │    Complexity (C):    0.000  │  Model complexity               │
  │    ───────────────────────────────────────────────────────── │
  │    Total Free Energy: 119.256  │  G = E - I + C                  │
  ├──────────────────────────────────────────────────────────────┤
  │  Status: ⏸️  PENDING (queued for evaluation)                   │
  ╰──────────────────────────────────────────────────────────────╯
  [Memory]  Map (6/25): [█_______________... (truncated)]
🚀 APPLYING AXIOM IN SANDBOX: CROP_WINDOW_AROUND(4) (Tier: 7)
🚀 APPLYING AXIOM IN SANDBOX: CROP_WINDOW_AROUND(4) (Tier: 7)
🚀 APPLYING AXIOM IN SANDBOX: CROP_WINDOW_AROUND(4) (Tier: 7)
[Depth 2] Axioms: ["ROOT_START", "CROP_WINDOW_AROUND(3)", "CROP_WINDOW_AROUND(4)"] | Pragmatic: 118.00 | Epistemic: 5.62 | Prob: 0.9878 | Dim: 2x2
  ╭──────────────────────────────────────────────────────────────╮
  │  MCTS NODE [0] — Rank 1/2 │ Depth 2                       │
  ├──────────────────────────────────────────────────────────────┤
  │  P(dist): ━━━━━━━━━━━━━━━━━━━━━━━━━━━━━━ ●=0.988 μ=0.894 range[0.800, 0.988]   │
  │  Threshold: 0.050 ✓ SURVIVES                                │
  │  Energy Components:                                          │
  │    Pragmatic (E):   118.000  │  Goal-seeking error             │
  │    Epistemic (I):     5.615  │  Information gain               │
  │    Complexity (C):    0.000  │  Model complexity               │
  │    ───────────────────────────────────────────────────────── │
  │    Total Free Energy: 112.385  │  G = E - I + C                  │
  ├──────────────────────────────────────────────────────────────┤
  │  Status: ⏸️  PENDING (queued for evaluation)                   │
  ╰──────────────────────────────────────────────────────────────╯
  [Memory]  Map (6/25): [█_______________... (truncated)]
   🔍 Search Attempt 2: Exploring top 5 advanced axioms...
🚀 APPLYING AXIOM IN SANDBOX: CROP_WINDOW_AROUND(3) (Tier: 7)
🚀 APPLYING AXIOM IN SANDBOX: CROP_WINDOW_AROUND(3) (Tier: 7)
🚀 APPLYING AXIOM IN SANDBOX: CROP_WINDOW_AROUND(3) (Tier: 7)
🚀 APPLYING AXIOM IN SANDBOX: CROP_WINDOW_AROUND(4) (Tier: 7)
🚀 APPLYING AXIOM IN SANDBOX: CROP_WINDOW_AROUND(4) (Tier: 7)
🚀 APPLYING AXIOM IN SANDBOX: CROP_WINDOW_AROUND(4) (Tier: 7)
🚀 APPLYING AXIOM IN SANDBOX: CROP_WINDOW_AROUND(8) (Tier: 7)
🚀 APPLYING AXIOM IN SANDBOX: CROP_WINDOW_AROUND(8) (Tier: 7)
🚀 APPLYING AXIOM IN SANDBOX: CROP_WINDOW_AROUND(8) (Tier: 7)
🚀 APPLYING AXIOM IN SANDBOX: CROP_WINDOW_AROUND(3) (Tier: 7)
🚀 APPLYING AXIOM IN SANDBOX: CROP_WINDOW_AROUND(3) (Tier: 7)
🚀 APPLYING AXIOM IN SANDBOX: CROP_WINDOW_AROUND(3) (Tier: 7)
🚀 APPLYING AXIOM IN SANDBOX: CROP_WINDOW_AROUND(4) (Tier: 7)
🚀 APPLYING AXIOM IN SANDBOX: CROP_WINDOW_AROUND(4) (Tier: 7)
🚀 APPLYING AXIOM IN SANDBOX: CROP_WINDOW_AROUND(4) (Tier: 7)
🚀 APPLYING AXIOM IN SANDBOX: CROP_WINDOW_AROUND(8) (Tier: 7)
🚀 APPLYING AXIOM IN SANDBOX: CROP_WINDOW_AROUND(8) (Tier: 7)
🚀 APPLYING AXIOM IN SANDBOX: CROP_WINDOW_AROUND(8) (Tier: 7)
   ⚡ Memulai MCTS dari ROOT ZERO-POINT dengan 3 amunisi unik...
🚀 APPLYING AXIOM IN SANDBOX: ROOT_START (Tier: 0)
🚀 APPLYING AXIOM IN SANDBOX: ROOT_START (Tier: 0)
🚀 APPLYING AXIOM IN SANDBOX: ROOT_START (Tier: 0)
[Depth 0] Axioms: ["ROOT_START"] | Pragmatic: 79500.00 | Epistemic: 0.00 | Prob: 0.9900 | Dim: 2x2
  ╭──────────────────────────────────────────────────────────────╮
  │  MCTS NODE [0] — Rank 1/2 │ Depth 0                       │
  ├──────────────────────────────────────────────────────────────┤
  │  P(dist): ━━━━━━━━━━━━━━━━━━━━━━━━━━━━━━ ●=0.990 μ=0.895 range[0.800, 0.990]   │
  │  Threshold: 0.050 ✓ SURVIVES                                │
  │  Energy Components:                                          │
  │    Pragmatic (E):  79500.000  │  Goal-seeking error             │
  │    Epistemic (I):     0.000  │  Information gain               │
  │    Complexity (C):    0.000  │  Model complexity               │
  │    ───────────────────────────────────────────────────────── │
  │    Total Free Energy: 79500.000  │  G = E - I + C                  │
  ├──────────────────────────────────────────────────────────────┤
  │  Status: 🌿 EXPANDING (exploring policies...)                   │
  ╰──────────────────────────────────────────────────────────────╯
  [Memory]  Map (6/25): [██████__________... (truncated)]
🚀 APPLYING AXIOM IN SANDBOX: CROP_WINDOW_AROUND(8) (Tier: 7)
🚀 APPLYING AXIOM IN SANDBOX: CROP_WINDOW_AROUND(8) (Tier: 7)
🚀 APPLYING AXIOM IN SANDBOX: CROP_WINDOW_AROUND(8) (Tier: 7)
[Depth 1] Axioms: ["ROOT_START", "CROP_WINDOW_AROUND(8)"] | Pragmatic: 123.00 | Epistemic: 3.74 | Prob: 0.9876 | Dim: 2x2
  ╭──────────────────────────────────────────────────────────────╮
  │  MCTS NODE [0] — Rank 1/2 │ Depth 1                       │
  ├──────────────────────────────────────────────────────────────┤
  │  P(dist): ━━━━━━━━━━━━━━━━━━━━━━━━━━━━━━ ●=0.988 μ=0.894 range[0.800, 0.988]   │
  │  Threshold: 0.050 ✓ SURVIVES                                │
  │  Energy Components:                                          │
  │    Pragmatic (E):   123.000  │  Goal-seeking error             │
  │    Epistemic (I):     3.744  │  Information gain               │
  │    Complexity (C):    0.000  │  Model complexity               │
  │    ───────────────────────────────────────────────────────── │
  │    Total Free Energy: 119.256  │  G = E - I + C                  │
  ├──────────────────────────────────────────────────────────────┤
  │  Status: 🌿 EXPANDING (exploring policies...)                   │
  ╰──────────────────────────────────────────────────────────────╯
  [Memory]  Map (6/25): [█_______________... (truncated)]
🚀 APPLYING AXIOM IN SANDBOX: CROP_WINDOW_AROUND(4) (Tier: 7)
🚀 APPLYING AXIOM IN SANDBOX: CROP_WINDOW_AROUND(4) (Tier: 7)
🚀 APPLYING AXIOM IN SANDBOX: CROP_WINDOW_AROUND(4) (Tier: 7)
[Depth 2] Axioms: ["ROOT_START", "CROP_WINDOW_AROUND(8)", "CROP_WINDOW_AROUND(4)"] | Pragmatic: 118.00 | Epistemic: 5.62 | Prob: 0.9878 | Dim: 2x2
  ╭──────────────────────────────────────────────────────────────╮
  │  MCTS NODE [0] — Rank 1/2 │ Depth 2                       │
  ├──────────────────────────────────────────────────────────────┤
  │  P(dist): ━━━━━━━━━━━━━━━━━━━━━━━━━━━━━━ ●=0.988 μ=0.894 range[0.800, 0.988]   │
  │  Threshold: 0.050 ✓ SURVIVES                                │
  │  Energy Components:                                          │
  │    Pragmatic (E):   118.000  │  Goal-seeking error             │
  │    Epistemic (I):     5.615  │  Information gain               │
  │    Complexity (C):    0.000  │  Model complexity               │
  │    ───────────────────────────────────────────────────────── │
  │    Total Free Energy: 112.385  │  G = E - I + C                  │
  ├──────────────────────────────────────────────────────────────┤
  │  Status: ⏸️  PENDING (queued for evaluation)                   │
  ╰──────────────────────────────────────────────────────────────╯
  [Memory]  Map (6/25): [█_______________... (truncated)]
🚀 APPLYING AXIOM IN SANDBOX: CROP_WINDOW_AROUND(3) (Tier: 7)
🚀 APPLYING AXIOM IN SANDBOX: CROP_WINDOW_AROUND(3) (Tier: 7)
🚀 APPLYING AXIOM IN SANDBOX: CROP_WINDOW_AROUND(3) (Tier: 7)
[Depth 2] Axioms: ["ROOT_START", "CROP_WINDOW_AROUND(8)", "CROP_WINDOW_AROUND(3)"] | Pragmatic: 123.00 | Epistemic: 3.74 | Prob: 0.9876 | Dim: 2x2
  ╭──────────────────────────────────────────────────────────────╮
  │  MCTS NODE [0] — Rank 1/2 │ Depth 2                       │
  ├──────────────────────────────────────────────────────────────┤
  │  P(dist): ━━━━━━━━━━━━━━━━━━━━━━━━━━━━━━ ●=0.988 μ=0.894 range[0.800, 0.988]   │
  │  Threshold: 0.050 ✓ SURVIVES                                │
  │  Energy Components:                                          │
  │    Pragmatic (E):   123.000  │  Goal-seeking error             │
  │    Epistemic (I):     3.744  │  Information gain               │
  │    Complexity (C):    0.000  │  Model complexity               │
  │    ───────────────────────────────────────────────────────── │
  │    Total Free Energy: 119.256  │  G = E - I + C                  │
  ├──────────────────────────────────────────────────────────────┤
  │  Status: ⏸️  PENDING (queued for evaluation)                   │
  ╰──────────────────────────────────────────────────────────────╯
  [Memory]  Map (6/25): [█_______________... (truncated)]
🚀 APPLYING AXIOM IN SANDBOX: CROP_WINDOW_AROUND(4) (Tier: 7)
🚀 APPLYING AXIOM IN SANDBOX: CROP_WINDOW_AROUND(4) (Tier: 7)
🚀 APPLYING AXIOM IN SANDBOX: CROP_WINDOW_AROUND(4) (Tier: 7)
[Depth 1] Axioms: ["ROOT_START", "CROP_WINDOW_AROUND(4)"] | Pragmatic: 118.00 | Epistemic: 3.66 | Prob: 0.9877 | Dim: 2x2
  ╭──────────────────────────────────────────────────────────────╮
  │  MCTS NODE [0] — Rank 1/2 │ Depth 1                       │
  ├──────────────────────────────────────────────────────────────┤
  │  P(dist): ━━━━━━━━━━━━━━━━━━━━━━━━━━━━━━ ●=0.988 μ=0.894 range[0.800, 0.988]   │
  │  Threshold: 0.050 ✓ SURVIVES                                │
  │  Energy Components:                                          │
  │    Pragmatic (E):   118.000  │  Goal-seeking error             │
  │    Epistemic (I):     3.664  │  Information gain               │
  │    Complexity (C):    0.000  │  Model complexity               │
  │    ───────────────────────────────────────────────────────── │
  │    Total Free Energy: 114.336  │  G = E - I + C                  │
  ├──────────────────────────────────────────────────────────────┤
  │  Status: 🌿 EXPANDING (exploring policies...)                   │
  ╰──────────────────────────────────────────────────────────────╯
  [Memory]  Map (6/25): [___██___________... (truncated)]
🚀 APPLYING AXIOM IN SANDBOX: CROP_WINDOW_AROUND(8) (Tier: 7)
🚀 APPLYING AXIOM IN SANDBOX: CROP_WINDOW_AROUND(8) (Tier: 7)
🚀 APPLYING AXIOM IN SANDBOX: CROP_WINDOW_AROUND(8) (Tier: 7)
[Depth 2] Axioms: ["ROOT_START", "CROP_WINDOW_AROUND(4)", "CROP_WINDOW_AROUND(8)"] | Pragmatic: 116.00 | Epistemic: 5.54 | Prob: 0.9878 | Dim: 2x2
  ╭──────────────────────────────────────────────────────────────╮
  │  MCTS NODE [0] — Rank 1/2 │ Depth 2                       │
  ├──────────────────────────────────────────────────────────────┤
  │  P(dist): ━━━━━━━━━━━━━━━━━━━━━━━━━━━━━━ ●=0.988 μ=0.894 range[0.800, 0.988]   │
  │  Threshold: 0.050 ✓ SURVIVES                                │
  │  Energy Components:                                          │
  │    Pragmatic (E):   116.000  │  Goal-seeking error             │
  │    Epistemic (I):     5.535  │  Information gain               │
  │    Complexity (C):    0.000  │  Model complexity               │
  │    ───────────────────────────────────────────────────────── │
  │    Total Free Energy: 110.465  │  G = E - I + C                  │
  ├──────────────────────────────────────────────────────────────┤
  │  Status: ⏸️  PENDING (queued for evaluation)                   │
  ╰──────────────────────────────────────────────────────────────╯
  [Memory]  Map (6/25): [___██___________... (truncated)]
🚀 APPLYING AXIOM IN SANDBOX: CROP_WINDOW_AROUND(3) (Tier: 7)
🚀 APPLYING AXIOM IN SANDBOX: CROP_WINDOW_AROUND(3) (Tier: 7)
🚀 APPLYING AXIOM IN SANDBOX: CROP_WINDOW_AROUND(3) (Tier: 7)
[Depth 2] Axioms: ["ROOT_START", "CROP_WINDOW_AROUND(4)", "CROP_WINDOW_AROUND(3)"] | Pragmatic: 116.00 | Epistemic: 5.54 | Prob: 0.9878 | Dim: 2x2
  ╭──────────────────────────────────────────────────────────────╮
  │  MCTS NODE [0] — Rank 1/2 │ Depth 2                       │
  ├──────────────────────────────────────────────────────────────┤
  │  P(dist): ━━━━━━━━━━━━━━━━━━━━━━━━━━━━━━ ●=0.988 μ=0.894 range[0.800, 0.988]   │
  │  Threshold: 0.050 ✓ SURVIVES                                │
  │  Energy Components:                                          │
  │    Pragmatic (E):   116.000  │  Goal-seeking error             │
  │    Epistemic (I):     5.535  │  Information gain               │
  │    Complexity (C):    0.000  │  Model complexity               │
  │    ───────────────────────────────────────────────────────── │
  │    Total Free Energy: 110.465  │  G = E - I + C                  │
  ├──────────────────────────────────────────────────────────────┤
  │  Status: ⏸️  PENDING (queued for evaluation)                   │
  ╰──────────────────────────────────────────────────────────────╯
  [Memory]  Map (6/25): [___██___________... (truncated)]
🚀 APPLYING AXIOM IN SANDBOX: CROP_WINDOW_AROUND(3) (Tier: 7)
🚀 APPLYING AXIOM IN SANDBOX: CROP_WINDOW_AROUND(3) (Tier: 7)
🚀 APPLYING AXIOM IN SANDBOX: CROP_WINDOW_AROUND(3) (Tier: 7)
[Depth 1] Axioms: ["ROOT_START", "CROP_WINDOW_AROUND(3)"] | Pragmatic: 123.00 | Epistemic: 3.74 | Prob: 0.9876 | Dim: 2x2
  ╭──────────────────────────────────────────────────────────────╮
  │  MCTS NODE [0] — Rank 1/2 │ Depth 1                       │
  ├──────────────────────────────────────────────────────────────┤
  │  P(dist): ━━━━━━━━━━━━━━━━━━━━━━━━━━━━━━ ●=0.988 μ=0.894 range[0.800, 0.988]   │
  │  Threshold: 0.050 ✓ SURVIVES                                │
  │  Energy Components:                                          │
  │    Pragmatic (E):   123.000  │  Goal-seeking error             │
  │    Epistemic (I):     3.744  │  Information gain               │
  │    Complexity (C):    0.000  │  Model complexity               │
  │    ───────────────────────────────────────────────────────── │
  │    Total Free Energy: 119.256  │  G = E - I + C                  │
  ├──────────────────────────────────────────────────────────────┤
  │  Status: 🌿 EXPANDING (exploring policies...)                   │
  ╰──────────────────────────────────────────────────────────────╯
  [Memory]  Map (6/25): [█_______________... (truncated)]
🚀 APPLYING AXIOM IN SANDBOX: CROP_WINDOW_AROUND(8) (Tier: 7)
🚀 APPLYING AXIOM IN SANDBOX: CROP_WINDOW_AROUND(8) (Tier: 7)
🚀 APPLYING AXIOM IN SANDBOX: CROP_WINDOW_AROUND(8) (Tier: 7)
[Depth 2] Axioms: ["ROOT_START", "CROP_WINDOW_AROUND(3)", "CROP_WINDOW_AROUND(8)"] | Pragmatic: 123.00 | Epistemic: 3.74 | Prob: 0.9876 | Dim: 2x2
  ╭──────────────────────────────────────────────────────────────╮
  │  MCTS NODE [0] — Rank 1/2 │ Depth 2                       │
  ├──────────────────────────────────────────────────────────────┤
  │  P(dist): ━━━━━━━━━━━━━━━━━━━━━━━━━━━━━━ ●=0.988 μ=0.894 range[0.800, 0.988]   │
  │  Threshold: 0.050 ✓ SURVIVES                                │
  │  Energy Components:                                          │
  │    Pragmatic (E):   123.000  │  Goal-seeking error             │
  │    Epistemic (I):     3.744  │  Information gain               │
  │    Complexity (C):    0.000  │  Model complexity               │
  │    ───────────────────────────────────────────────────────── │
  │    Total Free Energy: 119.256  │  G = E - I + C                  │
  ├──────────────────────────────────────────────────────────────┤
  │  Status: ⏸️  PENDING (queued for evaluation)                   │
  ╰──────────────────────────────────────────────────────────────╯
  [Memory]  Map (6/25): [█_______________... (truncated)]
🚀 APPLYING AXIOM IN SANDBOX: CROP_WINDOW_AROUND(4) (Tier: 7)
🚀 APPLYING AXIOM IN SANDBOX: CROP_WINDOW_AROUND(4) (Tier: 7)
🚀 APPLYING AXIOM IN SANDBOX: CROP_WINDOW_AROUND(4) (Tier: 7)
[Depth 2] Axioms: ["ROOT_START", "CROP_WINDOW_AROUND(3)", "CROP_WINDOW_AROUND(4)"] | Pragmatic: 118.00 | Epistemic: 5.62 | Prob: 0.9878 | Dim: 2x2
  ╭──────────────────────────────────────────────────────────────╮
  │  MCTS NODE [0] — Rank 1/2 │ Depth 2                       │
  ├──────────────────────────────────────────────────────────────┤
  │  P(dist): ━━━━━━━━━━━━━━━━━━━━━━━━━━━━━━ ●=0.988 μ=0.894 range[0.800, 0.988]   │
  │  Threshold: 0.050 ✓ SURVIVES                                │
  │  Energy Components:                                          │
  │    Pragmatic (E):   118.000  │  Goal-seeking error             │
  │    Epistemic (I):     5.615  │  Information gain               │
  │    Complexity (C):    0.000  │  Model complexity               │
  │    ───────────────────────────────────────────────────────── │
  │    Total Free Energy: 112.385  │  G = E - I + C                  │
  ├──────────────────────────────────────────────────────────────┤
  │  Status: ⏸️  PENDING (queued for evaluation)                   │
  ╰──────────────────────────────────────────────────────────────╯
  [Memory]  Map (6/25): [█_______________... (truncated)]
🧠 [Metakognisi] Bottleneck::FalseSharing - Amnesia Singkat (Cache Miss) Terdeteksi!
   📝 MENULIS LOG ARCHITECTURE KE SISTEM: Iterasi iterasi EntityManifold lambat rata-rata 223293 ns per entitas. Kecepatan ini 3x lipat dari limit AVX2.
🧠 [Metakognisi] Bottleneck::LocalOptimum - MCTS mentok.
   -> Beralih ke ADVANCED PASS (Iterative Deepening MCTS / Grover)...
   🔍 Search Attempt 1: Exploring top 2 advanced axioms...
🚀 APPLYING AXIOM IN SANDBOX: CROP_WINDOW_AROUND(3) (Tier: 7)
🚀 APPLYING AXIOM IN SANDBOX: CROP_WINDOW_AROUND(3) (Tier: 7)
🚀 APPLYING AXIOM IN SANDBOX: CROP_WINDOW_AROUND(3) (Tier: 7)
🚀 APPLYING AXIOM IN SANDBOX: CROP_WINDOW_AROUND(4) (Tier: 7)
🚀 APPLYING AXIOM IN SANDBOX: CROP_WINDOW_AROUND(4) (Tier: 7)
🚀 APPLYING AXIOM IN SANDBOX: CROP_WINDOW_AROUND(4) (Tier: 7)
🚀 APPLYING AXIOM IN SANDBOX: CROP_WINDOW_AROUND(3) (Tier: 7)
🚀 APPLYING AXIOM IN SANDBOX: CROP_WINDOW_AROUND(3) (Tier: 7)
🚀 APPLYING AXIOM IN SANDBOX: CROP_WINDOW_AROUND(3) (Tier: 7)
🚀 APPLYING AXIOM IN SANDBOX: CROP_WINDOW_AROUND(4) (Tier: 7)
🚀 APPLYING AXIOM IN SANDBOX: CROP_WINDOW_AROUND(4) (Tier: 7)
🚀 APPLYING AXIOM IN SANDBOX: CROP_WINDOW_AROUND(4) (Tier: 7)
   ⚡ Memulai MCTS dari ROOT ZERO-POINT dengan 3 amunisi unik...
🚀 APPLYING AXIOM IN SANDBOX: ROOT_START (Tier: 0)
🚀 APPLYING AXIOM IN SANDBOX: ROOT_START (Tier: 0)
🚀 APPLYING AXIOM IN SANDBOX: ROOT_START (Tier: 0)
[Depth 0] Axioms: ["ROOT_START"] | Pragmatic: 79500.00 | Epistemic: 0.00 | Prob: 0.9900 | Dim: 2x2
  ╭──────────────────────────────────────────────────────────────╮
  │  MCTS NODE [0] — Rank 1/2 │ Depth 0                       │
  ├──────────────────────────────────────────────────────────────┤
  │  P(dist): ━━━━━━━━━━━━━━━━━━━━━━━━━━━━━━ ●=0.990 μ=0.895 range[0.800, 0.990]   │
  │  Threshold: 0.050 ✓ SURVIVES                                │
  │  Energy Components:                                          │
  │    Pragmatic (E):  79500.000  │  Goal-seeking error             │
  │    Epistemic (I):     0.000  │  Information gain               │
  │    Complexity (C):    0.000  │  Model complexity               │
  │    ───────────────────────────────────────────────────────── │
  │    Total Free Energy: 79500.000  │  G = E - I + C                  │
  ├──────────────────────────────────────────────────────────────┤
  │  Status: 🌿 EXPANDING (exploring policies...)                   │
  ╰──────────────────────────────────────────────────────────────╯
  [Memory]  Map (6/25): [██████__________... (truncated)]
🚀 APPLYING AXIOM IN SANDBOX: CROP_WINDOW_AROUND(8) (Tier: 7)
🚀 APPLYING AXIOM IN SANDBOX: CROP_WINDOW_AROUND(8) (Tier: 7)
🚀 APPLYING AXIOM IN SANDBOX: CROP_WINDOW_AROUND(8) (Tier: 7)
[Depth 1] Axioms: ["ROOT_START", "CROP_WINDOW_AROUND(8)"] | Pragmatic: 123.00 | Epistemic: 3.74 | Prob: 0.9876 | Dim: 2x2
  ╭──────────────────────────────────────────────────────────────╮
  │  MCTS NODE [0] — Rank 1/2 │ Depth 1                       │
  ├──────────────────────────────────────────────────────────────┤
  │  P(dist): ━━━━━━━━━━━━━━━━━━━━━━━━━━━━━━ ●=0.988 μ=0.894 range[0.800, 0.988]   │
  │  Threshold: 0.050 ✓ SURVIVES                                │
  │  Energy Components:                                          │
  │    Pragmatic (E):   123.000  │  Goal-seeking error             │
  │    Epistemic (I):     3.744  │  Information gain               │
  │    Complexity (C):    0.000  │  Model complexity               │
  │    ───────────────────────────────────────────────────────── │
  │    Total Free Energy: 119.256  │  G = E - I + C                  │
  ├──────────────────────────────────────────────────────────────┤
  │  Status: 🌿 EXPANDING (exploring policies...)                   │
  ╰──────────────────────────────────────────────────────────────╯
  [Memory]  Map (6/25): [█_______________... (truncated)]
🚀 APPLYING AXIOM IN SANDBOX: CROP_WINDOW_AROUND(4) (Tier: 7)
🚀 APPLYING AXIOM IN SANDBOX: CROP_WINDOW_AROUND(4) (Tier: 7)
🚀 APPLYING AXIOM IN SANDBOX: CROP_WINDOW_AROUND(4) (Tier: 7)
[Depth 2] Axioms: ["ROOT_START", "CROP_WINDOW_AROUND(8)", "CROP_WINDOW_AROUND(4)"] | Pragmatic: 118.00 | Epistemic: 5.62 | Prob: 0.9878 | Dim: 2x2
  ╭──────────────────────────────────────────────────────────────╮
  │  MCTS NODE [0] — Rank 1/2 │ Depth 2                       │
  ├──────────────────────────────────────────────────────────────┤
  │  P(dist): ━━━━━━━━━━━━━━━━━━━━━━━━━━━━━━ ●=0.988 μ=0.894 range[0.800, 0.988]   │
  │  Threshold: 0.050 ✓ SURVIVES                                │
  │  Energy Components:                                          │
  │    Pragmatic (E):   118.000  │  Goal-seeking error             │
  │    Epistemic (I):     5.615  │  Information gain               │
  │    Complexity (C):    0.000  │  Model complexity               │
  │    ───────────────────────────────────────────────────────── │
  │    Total Free Energy: 112.385  │  G = E - I + C                  │
  ├──────────────────────────────────────────────────────────────┤
  │  Status: ⏸️  PENDING (queued for evaluation)                   │
  ╰──────────────────────────────────────────────────────────────╯
  [Memory]  Map (6/25): [█_______________... (truncated)]
🚀 APPLYING AXIOM IN SANDBOX: CROP_WINDOW_AROUND(3) (Tier: 7)
🚀 APPLYING AXIOM IN SANDBOX: CROP_WINDOW_AROUND(3) (Tier: 7)
🚀 APPLYING AXIOM IN SANDBOX: CROP_WINDOW_AROUND(3) (Tier: 7)
[Depth 2] Axioms: ["ROOT_START", "CROP_WINDOW_AROUND(8)", "CROP_WINDOW_AROUND(3)"] | Pragmatic: 123.00 | Epistemic: 3.74 | Prob: 0.9876 | Dim: 2x2
  ╭──────────────────────────────────────────────────────────────╮
  │  MCTS NODE [0] — Rank 1/2 │ Depth 2                       │
  ├──────────────────────────────────────────────────────────────┤
  │  P(dist): ━━━━━━━━━━━━━━━━━━━━━━━━━━━━━━ ●=0.988 μ=0.894 range[0.800, 0.988]   │
  │  Threshold: 0.050 ✓ SURVIVES                                │
  │  Energy Components:                                          │
  │    Pragmatic (E):   123.000  │  Goal-seeking error             │
  │    Epistemic (I):     3.744  │  Information gain               │
  │    Complexity (C):    0.000  │  Model complexity               │
  │    ───────────────────────────────────────────────────────── │
  │    Total Free Energy: 119.256  │  G = E - I + C                  │
  ├──────────────────────────────────────────────────────────────┤
  │  Status: ⏸️  PENDING (queued for evaluation)                   │
  ╰──────────────────────────────────────────────────────────────╯
  [Memory]  Map (6/25): [█_______________... (truncated)]
🚀 APPLYING AXIOM IN SANDBOX: CROP_WINDOW_AROUND(4) (Tier: 7)
🚀 APPLYING AXIOM IN SANDBOX: CROP_WINDOW_AROUND(4) (Tier: 7)
🚀 APPLYING AXIOM IN SANDBOX: CROP_WINDOW_AROUND(4) (Tier: 7)
[Depth 1] Axioms: ["ROOT_START", "CROP_WINDOW_AROUND(4)"] | Pragmatic: 118.00 | Epistemic: 3.66 | Prob: 0.9877 | Dim: 2x2
  ╭──────────────────────────────────────────────────────────────╮
  │  MCTS NODE [0] — Rank 1/2 │ Depth 1                       │
  ├──────────────────────────────────────────────────────────────┤
  │  P(dist): ━━━━━━━━━━━━━━━━━━━━━━━━━━━━━━ ●=0.988 μ=0.894 range[0.800, 0.988]   │
  │  Threshold: 0.050 ✓ SURVIVES                                │
  │  Energy Components:                                          │
  │    Pragmatic (E):   118.000  │  Goal-seeking error             │
  │    Epistemic (I):     3.664  │  Information gain               │
  │    Complexity (C):    0.000  │  Model complexity               │
  │    ───────────────────────────────────────────────────────── │
  │    Total Free Energy: 114.336  │  G = E - I + C                  │
  ├──────────────────────────────────────────────────────────────┤
  │  Status: 🌿 EXPANDING (exploring policies...)                   │
  ╰──────────────────────────────────────────────────────────────╯
  [Memory]  Map (6/25): [___██___________... (truncated)]
🚀 APPLYING AXIOM IN SANDBOX: CROP_WINDOW_AROUND(8) (Tier: 7)
🚀 APPLYING AXIOM IN SANDBOX: CROP_WINDOW_AROUND(8) (Tier: 7)
🚀 APPLYING AXIOM IN SANDBOX: CROP_WINDOW_AROUND(8) (Tier: 7)
[Depth 2] Axioms: ["ROOT_START", "CROP_WINDOW_AROUND(4)", "CROP_WINDOW_AROUND(8)"] | Pragmatic: 116.00 | Epistemic: 5.54 | Prob: 0.9878 | Dim: 2x2
  ╭──────────────────────────────────────────────────────────────╮
  │  MCTS NODE [0] — Rank 1/2 │ Depth 2                       │
  ├──────────────────────────────────────────────────────────────┤
  │  P(dist): ━━━━━━━━━━━━━━━━━━━━━━━━━━━━━━ ●=0.988 μ=0.894 range[0.800, 0.988]   │
  │  Threshold: 0.050 ✓ SURVIVES                                │
  │  Energy Components:                                          │
  │    Pragmatic (E):   116.000  │  Goal-seeking error             │
  │    Epistemic (I):     5.535  │  Information gain               │
  │    Complexity (C):    0.000  │  Model complexity               │
  │    ───────────────────────────────────────────────────────── │
  │    Total Free Energy: 110.465  │  G = E - I + C                  │
  ├──────────────────────────────────────────────────────────────┤
  │  Status: ⏸️  PENDING (queued for evaluation)                   │
  ╰──────────────────────────────────────────────────────────────╯
  [Memory]  Map (6/25): [___██___________... (truncated)]
🚀 APPLYING AXIOM IN SANDBOX: CROP_WINDOW_AROUND(3) (Tier: 7)
🚀 APPLYING AXIOM IN SANDBOX: CROP_WINDOW_AROUND(3) (Tier: 7)
🚀 APPLYING AXIOM IN SANDBOX: CROP_WINDOW_AROUND(3) (Tier: 7)
[Depth 2] Axioms: ["ROOT_START", "CROP_WINDOW_AROUND(4)", "CROP_WINDOW_AROUND(3)"] | Pragmatic: 116.00 | Epistemic: 5.54 | Prob: 0.9878 | Dim: 2x2
  ╭──────────────────────────────────────────────────────────────╮
  │  MCTS NODE [0] — Rank 1/2 │ Depth 2                       │
  ├──────────────────────────────────────────────────────────────┤
  │  P(dist): ━━━━━━━━━━━━━━━━━━━━━━━━━━━━━━ ●=0.988 μ=0.894 range[0.800, 0.988]   │
  │  Threshold: 0.050 ✓ SURVIVES                                │
  │  Energy Components:                                          │
  │    Pragmatic (E):   116.000  │  Goal-seeking error             │
  │    Epistemic (I):     5.535  │  Information gain               │
  │    Complexity (C):    0.000  │  Model complexity               │
  │    ───────────────────────────────────────────────────────── │
  │    Total Free Energy: 110.465  │  G = E - I + C                  │
  ├──────────────────────────────────────────────────────────────┤
  │  Status: ⏸️  PENDING (queued for evaluation)                   │
  ╰──────────────────────────────────────────────────────────────╯
  [Memory]  Map (6/25): [___██___________... (truncated)]
🚀 APPLYING AXIOM IN SANDBOX: CROP_WINDOW_AROUND(3) (Tier: 7)
🚀 APPLYING AXIOM IN SANDBOX: CROP_WINDOW_AROUND(3) (Tier: 7)
🚀 APPLYING AXIOM IN SANDBOX: CROP_WINDOW_AROUND(3) (Tier: 7)
[Depth 1] Axioms: ["ROOT_START", "CROP_WINDOW_AROUND(3)"] | Pragmatic: 123.00 | Epistemic: 3.74 | Prob: 0.9876 | Dim: 2x2
  ╭──────────────────────────────────────────────────────────────╮
  │  MCTS NODE [0] — Rank 1/2 │ Depth 1                       │
  ├──────────────────────────────────────────────────────────────┤
  │  P(dist): ━━━━━━━━━━━━━━━━━━━━━━━━━━━━━━ ●=0.988 μ=0.894 range[0.800, 0.988]   │
  │  Threshold: 0.050 ✓ SURVIVES                                │
  │  Energy Components:                                          │
  │    Pragmatic (E):   123.000  │  Goal-seeking error             │
  │    Epistemic (I):     3.744  │  Information gain               │
  │    Complexity (C):    0.000  │  Model complexity               │
  │    ───────────────────────────────────────────────────────── │
  │    Total Free Energy: 119.256  │  G = E - I + C                  │
  ├──────────────────────────────────────────────────────────────┤
  │  Status: 🌿 EXPANDING (exploring policies...)                   │
  ╰──────────────────────────────────────────────────────────────╯
  [Memory]  Map (6/25): [█_______________... (truncated)]
🚀 APPLYING AXIOM IN SANDBOX: CROP_WINDOW_AROUND(8) (Tier: 7)
🚀 APPLYING AXIOM IN SANDBOX: CROP_WINDOW_AROUND(8) (Tier: 7)
🚀 APPLYING AXIOM IN SANDBOX: CROP_WINDOW_AROUND(8) (Tier: 7)
[Depth 2] Axioms: ["ROOT_START", "CROP_WINDOW_AROUND(3)", "CROP_WINDOW_AROUND(8)"] | Pragmatic: 123.00 | Epistemic: 3.74 | Prob: 0.9876 | Dim: 2x2
  ╭──────────────────────────────────────────────────────────────╮
  │  MCTS NODE [0] — Rank 1/2 │ Depth 2                       │
  ├──────────────────────────────────────────────────────────────┤
  │  P(dist): ━━━━━━━━━━━━━━━━━━━━━━━━━━━━━━ ●=0.988 μ=0.894 range[0.800, 0.988]   │
  │  Threshold: 0.050 ✓ SURVIVES                                │
  │  Energy Components:                                          │
  │    Pragmatic (E):   123.000  │  Goal-seeking error             │
  │    Epistemic (I):     3.744  │  Information gain               │
  │    Complexity (C):    0.000  │  Model complexity               │
  │    ───────────────────────────────────────────────────────── │
  │    Total Free Energy: 119.256  │  G = E - I + C                  │
  ├──────────────────────────────────────────────────────────────┤
  │  Status: ⏸️  PENDING (queued for evaluation)                   │
  ╰──────────────────────────────────────────────────────────────╯
  [Memory]  Map (6/25): [█_______________... (truncated)]
🚀 APPLYING AXIOM IN SANDBOX: CROP_WINDOW_AROUND(4) (Tier: 7)
🚀 APPLYING AXIOM IN SANDBOX: CROP_WINDOW_AROUND(4) (Tier: 7)
🚀 APPLYING AXIOM IN SANDBOX: CROP_WINDOW_AROUND(4) (Tier: 7)
[Depth 2] Axioms: ["ROOT_START", "CROP_WINDOW_AROUND(3)", "CROP_WINDOW_AROUND(4)"] | Pragmatic: 118.00 | Epistemic: 5.62 | Prob: 0.9878 | Dim: 2x2
  ╭──────────────────────────────────────────────────────────────╮
  │  MCTS NODE [0] — Rank 1/2 │ Depth 2                       │
  ├──────────────────────────────────────────────────────────────┤
  │  P(dist): ━━━━━━━━━━━━━━━━━━━━━━━━━━━━━━ ●=0.988 μ=0.894 range[0.800, 0.988]   │
  │  Threshold: 0.050 ✓ SURVIVES                                │
  │  Energy Components:                                          │
  │    Pragmatic (E):   118.000  │  Goal-seeking error             │
  │    Epistemic (I):     5.615  │  Information gain               │
  │    Complexity (C):    0.000  │  Model complexity               │
  │    ───────────────────────────────────────────────────────── │
  │    Total Free Energy: 112.385  │  G = E - I + C                  │
  ├──────────────────────────────────────────────────────────────┤
  │  Status: ⏸️  PENDING (queued for evaluation)                   │
  ╰──────────────────────────────────────────────────────────────╯
  [Memory]  Map (6/25): [█_______________... (truncated)]
   🔍 Search Attempt 2: Exploring top 5 advanced axioms...
🚀 APPLYING AXIOM IN SANDBOX: CROP_WINDOW_AROUND(3) (Tier: 7)
🚀 APPLYING AXIOM IN SANDBOX: CROP_WINDOW_AROUND(3) (Tier: 7)
🚀 APPLYING AXIOM IN SANDBOX: CROP_WINDOW_AROUND(3) (Tier: 7)
🚀 APPLYING AXIOM IN SANDBOX: CROP_WINDOW_AROUND(4) (Tier: 7)
🚀 APPLYING AXIOM IN SANDBOX: CROP_WINDOW_AROUND(4) (Tier: 7)
🚀 APPLYING AXIOM IN SANDBOX: CROP_WINDOW_AROUND(4) (Tier: 7)
🚀 APPLYING AXIOM IN SANDBOX: CROP_WINDOW_AROUND(8) (Tier: 7)
🚀 APPLYING AXIOM IN SANDBOX: CROP_WINDOW_AROUND(8) (Tier: 7)
🚀 APPLYING AXIOM IN SANDBOX: CROP_WINDOW_AROUND(8) (Tier: 7)
🚀 APPLYING AXIOM IN SANDBOX: CROP_WINDOW_AROUND(3) (Tier: 7)
🚀 APPLYING AXIOM IN SANDBOX: CROP_WINDOW_AROUND(3) (Tier: 7)
🚀 APPLYING AXIOM IN SANDBOX: CROP_WINDOW_AROUND(3) (Tier: 7)
🚀 APPLYING AXIOM IN SANDBOX: CROP_WINDOW_AROUND(4) (Tier: 7)
🚀 APPLYING AXIOM IN SANDBOX: CROP_WINDOW_AROUND(4) (Tier: 7)
🚀 APPLYING AXIOM IN SANDBOX: CROP_WINDOW_AROUND(4) (Tier: 7)
🚀 APPLYING AXIOM IN SANDBOX: CROP_WINDOW_AROUND(8) (Tier: 7)
🚀 APPLYING AXIOM IN SANDBOX: CROP_WINDOW_AROUND(8) (Tier: 7)
🚀 APPLYING AXIOM IN SANDBOX: CROP_WINDOW_AROUND(8) (Tier: 7)
   ⚡ Memulai MCTS dari ROOT ZERO-POINT dengan 3 amunisi unik...
🚀 APPLYING AXIOM IN SANDBOX: ROOT_START (Tier: 0)
🚀 APPLYING AXIOM IN SANDBOX: ROOT_START (Tier: 0)
🚀 APPLYING AXIOM IN SANDBOX: ROOT_START (Tier: 0)
[Depth 0] Axioms: ["ROOT_START"] | Pragmatic: 79500.00 | Epistemic: 0.00 | Prob: 0.9900 | Dim: 2x2
  ╭──────────────────────────────────────────────────────────────╮
  │  MCTS NODE [0] — Rank 1/2 │ Depth 0                       │
  ├──────────────────────────────────────────────────────────────┤
  │  P(dist): ━━━━━━━━━━━━━━━━━━━━━━━━━━━━━━ ●=0.990 μ=0.895 range[0.800, 0.990]   │
  │  Threshold: 0.050 ✓ SURVIVES                                │
  │  Energy Components:                                          │
  │    Pragmatic (E):  79500.000  │  Goal-seeking error             │
  │    Epistemic (I):     0.000  │  Information gain               │
  │    Complexity (C):    0.000  │  Model complexity               │
  │    ───────────────────────────────────────────────────────── │
  │    Total Free Energy: 79500.000  │  G = E - I + C                  │
  ├──────────────────────────────────────────────────────────────┤
  │  Status: 🌿 EXPANDING (exploring policies...)                   │
  ╰──────────────────────────────────────────────────────────────╯
  [Memory]  Map (6/25): [██████__________... (truncated)]
🚀 APPLYING AXIOM IN SANDBOX: CROP_WINDOW_AROUND(8) (Tier: 7)
🚀 APPLYING AXIOM IN SANDBOX: CROP_WINDOW_AROUND(8) (Tier: 7)
🚀 APPLYING AXIOM IN SANDBOX: CROP_WINDOW_AROUND(8) (Tier: 7)
[Depth 1] Axioms: ["ROOT_START", "CROP_WINDOW_AROUND(8)"] | Pragmatic: 123.00 | Epistemic: 3.74 | Prob: 0.9876 | Dim: 2x2
  ╭──────────────────────────────────────────────────────────────╮
  │  MCTS NODE [0] — Rank 1/2 │ Depth 1                       │
  ├──────────────────────────────────────────────────────────────┤
  │  P(dist): ━━━━━━━━━━━━━━━━━━━━━━━━━━━━━━ ●=0.988 μ=0.894 range[0.800, 0.988]   │
  │  Threshold: 0.050 ✓ SURVIVES                                │
  │  Energy Components:                                          │
  │    Pragmatic (E):   123.000  │  Goal-seeking error             │
  │    Epistemic (I):     3.744  │  Information gain               │
  │    Complexity (C):    0.000  │  Model complexity               │
  │    ───────────────────────────────────────────────────────── │
  │    Total Free Energy: 119.256  │  G = E - I + C                  │
  ├──────────────────────────────────────────────────────────────┤
  │  Status: 🌿 EXPANDING (exploring policies...)                   │
  ╰──────────────────────────────────────────────────────────────╯
  [Memory]  Map (6/25): [█_______________... (truncated)]
🚀 APPLYING AXIOM IN SANDBOX: CROP_WINDOW_AROUND(4) (Tier: 7)
🚀 APPLYING AXIOM IN SANDBOX: CROP_WINDOW_AROUND(4) (Tier: 7)
🚀 APPLYING AXIOM IN SANDBOX: CROP_WINDOW_AROUND(4) (Tier: 7)
[Depth 2] Axioms: ["ROOT_START", "CROP_WINDOW_AROUND(8)", "CROP_WINDOW_AROUND(4)"] | Pragmatic: 118.00 | Epistemic: 5.62 | Prob: 0.9878 | Dim: 2x2
  ╭──────────────────────────────────────────────────────────────╮
  │  MCTS NODE [0] — Rank 1/2 │ Depth 2                       │
  ├──────────────────────────────────────────────────────────────┤
  │  P(dist): ━━━━━━━━━━━━━━━━━━━━━━━━━━━━━━ ●=0.988 μ=0.894 range[0.800, 0.988]   │
  │  Threshold: 0.050 ✓ SURVIVES                                │
  │  Energy Components:                                          │
  │    Pragmatic (E):   118.000  │  Goal-seeking error             │
  │    Epistemic (I):     5.615  │  Information gain               │
  │    Complexity (C):    0.000  │  Model complexity               │
  │    ───────────────────────────────────────────────────────── │
  │    Total Free Energy: 112.385  │  G = E - I + C                  │
  ├──────────────────────────────────────────────────────────────┤
  │  Status: ⏸️  PENDING (queued for evaluation)                   │
  ╰──────────────────────────────────────────────────────────────╯
  [Memory]  Map (6/25): [█_______________... (truncated)]
🚀 APPLYING AXIOM IN SANDBOX: CROP_WINDOW_AROUND(3) (Tier: 7)
🚀 APPLYING AXIOM IN SANDBOX: CROP_WINDOW_AROUND(3) (Tier: 7)
🚀 APPLYING AXIOM IN SANDBOX: CROP_WINDOW_AROUND(3) (Tier: 7)
[Depth 2] Axioms: ["ROOT_START", "CROP_WINDOW_AROUND(8)", "CROP_WINDOW_AROUND(3)"] | Pragmatic: 123.00 | Epistemic: 3.74 | Prob: 0.9876 | Dim: 2x2
  ╭──────────────────────────────────────────────────────────────╮
  │  MCTS NODE [0] — Rank 1/2 │ Depth 2                       │
  ├──────────────────────────────────────────────────────────────┤
  │  P(dist): ━━━━━━━━━━━━━━━━━━━━━━━━━━━━━━ ●=0.988 μ=0.894 range[0.800, 0.988]   │
  │  Threshold: 0.050 ✓ SURVIVES                                │
  │  Energy Components:                                          │
  │    Pragmatic (E):   123.000  │  Goal-seeking error             │
  │    Epistemic (I):     3.744  │  Information gain               │
  │    Complexity (C):    0.000  │  Model complexity               │
  │    ───────────────────────────────────────────────────────── │
  │    Total Free Energy: 119.256  │  G = E - I + C                  │
  ├──────────────────────────────────────────────────────────────┤
  │  Status: ⏸️  PENDING (queued for evaluation)                   │
  ╰──────────────────────────────────────────────────────────────╯
  [Memory]  Map (6/25): [█_______________... (truncated)]
🚀 APPLYING AXIOM IN SANDBOX: CROP_WINDOW_AROUND(4) (Tier: 7)
🚀 APPLYING AXIOM IN SANDBOX: CROP_WINDOW_AROUND(4) (Tier: 7)
🚀 APPLYING AXIOM IN SANDBOX: CROP_WINDOW_AROUND(4) (Tier: 7)
[Depth 1] Axioms: ["ROOT_START", "CROP_WINDOW_AROUND(4)"] | Pragmatic: 118.00 | Epistemic: 3.66 | Prob: 0.9877 | Dim: 2x2
  ╭──────────────────────────────────────────────────────────────╮
  │  MCTS NODE [0] — Rank 1/2 │ Depth 1                       │
  ├──────────────────────────────────────────────────────────────┤
  │  P(dist): ━━━━━━━━━━━━━━━━━━━━━━━━━━━━━━ ●=0.988 μ=0.894 range[0.800, 0.988]   │
  │  Threshold: 0.050 ✓ SURVIVES                                │
  │  Energy Components:                                          │
  │    Pragmatic (E):   118.000  │  Goal-seeking error             │
  │    Epistemic (I):     3.664  │  Information gain               │
  │    Complexity (C):    0.000  │  Model complexity               │
  │    ───────────────────────────────────────────────────────── │
  │    Total Free Energy: 114.336  │  G = E - I + C                  │
  ├──────────────────────────────────────────────────────────────┤
  │  Status: 🌿 EXPANDING (exploring policies...)                   │
  ╰──────────────────────────────────────────────────────────────╯
  [Memory]  Map (6/25): [___██___________... (truncated)]
🚀 APPLYING AXIOM IN SANDBOX: CROP_WINDOW_AROUND(8) (Tier: 7)
🚀 APPLYING AXIOM IN SANDBOX: CROP_WINDOW_AROUND(8) (Tier: 7)
🚀 APPLYING AXIOM IN SANDBOX: CROP_WINDOW_AROUND(8) (Tier: 7)
[Depth 2] Axioms: ["ROOT_START", "CROP_WINDOW_AROUND(4)", "CROP_WINDOW_AROUND(8)"] | Pragmatic: 116.00 | Epistemic: 5.54 | Prob: 0.9878 | Dim: 2x2
  ╭──────────────────────────────────────────────────────────────╮
  │  MCTS NODE [0] — Rank 1/2 │ Depth 2                       │
  ├──────────────────────────────────────────────────────────────┤
  │  P(dist): ━━━━━━━━━━━━━━━━━━━━━━━━━━━━━━ ●=0.988 μ=0.894 range[0.800, 0.988]   │
  │  Threshold: 0.050 ✓ SURVIVES                                │
  │  Energy Components:                                          │
  │    Pragmatic (E):   116.000  │  Goal-seeking error             │
  │    Epistemic (I):     5.535  │  Information gain               │
  │    Complexity (C):    0.000  │  Model complexity               │
  │    ───────────────────────────────────────────────────────── │
  │    Total Free Energy: 110.465  │  G = E - I + C                  │
  ├──────────────────────────────────────────────────────────────┤
  │  Status: ⏸️  PENDING (queued for evaluation)                   │
  ╰──────────────────────────────────────────────────────────────╯
  [Memory]  Map (6/25): [___██___________... (truncated)]
🚀 APPLYING AXIOM IN SANDBOX: CROP_WINDOW_AROUND(3) (Tier: 7)
🚀 APPLYING AXIOM IN SANDBOX: CROP_WINDOW_AROUND(3) (Tier: 7)
🚀 APPLYING AXIOM IN SANDBOX: CROP_WINDOW_AROUND(3) (Tier: 7)
[Depth 2] Axioms: ["ROOT_START", "CROP_WINDOW_AROUND(4)", "CROP_WINDOW_AROUND(3)"] | Pragmatic: 116.00 | Epistemic: 5.54 | Prob: 0.9878 | Dim: 2x2
  ╭──────────────────────────────────────────────────────────────╮
  │  MCTS NODE [0] — Rank 1/2 │ Depth 2                       │
  ├──────────────────────────────────────────────────────────────┤
  │  P(dist): ━━━━━━━━━━━━━━━━━━━━━━━━━━━━━━ ●=0.988 μ=0.894 range[0.800, 0.988]   │
  │  Threshold: 0.050 ✓ SURVIVES                                │
  │  Energy Components:                                          │
  │    Pragmatic (E):   116.000  │  Goal-seeking error             │
  │    Epistemic (I):     5.535  │  Information gain               │
  │    Complexity (C):    0.000  │  Model complexity               │
  │    ───────────────────────────────────────────────────────── │
  │    Total Free Energy: 110.465  │  G = E - I + C                  │
  ├──────────────────────────────────────────────────────────────┤
  │  Status: ⏸️  PENDING (queued for evaluation)                   │
  ╰──────────────────────────────────────────────────────────────╯
  [Memory]  Map (6/25): [___██___________... (truncated)]
🚀 APPLYING AXIOM IN SANDBOX: CROP_WINDOW_AROUND(3) (Tier: 7)
🚀 APPLYING AXIOM IN SANDBOX: CROP_WINDOW_AROUND(3) (Tier: 7)
🚀 APPLYING AXIOM IN SANDBOX: CROP_WINDOW_AROUND(3) (Tier: 7)
[Depth 1] Axioms: ["ROOT_START", "CROP_WINDOW_AROUND(3)"] | Pragmatic: 123.00 | Epistemic: 3.74 | Prob: 0.9876 | Dim: 2x2
  ╭──────────────────────────────────────────────────────────────╮
  │  MCTS NODE [0] — Rank 1/2 │ Depth 1                       │
  ├──────────────────────────────────────────────────────────────┤
  │  P(dist): ━━━━━━━━━━━━━━━━━━━━━━━━━━━━━━ ●=0.988 μ=0.894 range[0.800, 0.988]   │
  │  Threshold: 0.050 ✓ SURVIVES                                │
  │  Energy Components:                                          │
  │    Pragmatic (E):   123.000  │  Goal-seeking error             │
  │    Epistemic (I):     3.744  │  Information gain               │
  │    Complexity (C):    0.000  │  Model complexity               │
  │    ───────────────────────────────────────────────────────── │
  │    Total Free Energy: 119.256  │  G = E - I + C                  │
  ├──────────────────────────────────────────────────────────────┤
  │  Status: 🌿 EXPANDING (exploring policies...)                   │
  ╰──────────────────────────────────────────────────────────────╯
  [Memory]  Map (6/25): [█_______________... (truncated)]
🚀 APPLYING AXIOM IN SANDBOX: CROP_WINDOW_AROUND(8) (Tier: 7)
🚀 APPLYING AXIOM IN SANDBOX: CROP_WINDOW_AROUND(8) (Tier: 7)
🚀 APPLYING AXIOM IN SANDBOX: CROP_WINDOW_AROUND(8) (Tier: 7)
[Depth 2] Axioms: ["ROOT_START", "CROP_WINDOW_AROUND(3)", "CROP_WINDOW_AROUND(8)"] | Pragmatic: 123.00 | Epistemic: 3.74 | Prob: 0.9876 | Dim: 2x2
  ╭──────────────────────────────────────────────────────────────╮
  │  MCTS NODE [0] — Rank 1/2 │ Depth 2                       │
  ├──────────────────────────────────────────────────────────────┤
  │  P(dist): ━━━━━━━━━━━━━━━━━━━━━━━━━━━━━━ ●=0.988 μ=0.894 range[0.800, 0.988]   │
  │  Threshold: 0.050 ✓ SURVIVES                                │
  │  Energy Components:                                          │
  │    Pragmatic (E):   123.000  │  Goal-seeking error             │
  │    Epistemic (I):     3.744  │  Information gain               │
  │    Complexity (C):    0.000  │  Model complexity               │
  │    ───────────────────────────────────────────────────────── │
  │    Total Free Energy: 119.256  │  G = E - I + C                  │
  ├──────────────────────────────────────────────────────────────┤
  │  Status: ⏸️  PENDING (queued for evaluation)                   │
  ╰──────────────────────────────────────────────────────────────╯
  [Memory]  Map (6/25): [█_______________... (truncated)]
🚀 APPLYING AXIOM IN SANDBOX: CROP_WINDOW_AROUND(4) (Tier: 7)
🚀 APPLYING AXIOM IN SANDBOX: CROP_WINDOW_AROUND(4) (Tier: 7)
🚀 APPLYING AXIOM IN SANDBOX: CROP_WINDOW_AROUND(4) (Tier: 7)
[Depth 2] Axioms: ["ROOT_START", "CROP_WINDOW_AROUND(3)", "CROP_WINDOW_AROUND(4)"] | Pragmatic: 118.00 | Epistemic: 5.62 | Prob: 0.9878 | Dim: 2x2
  ╭──────────────────────────────────────────────────────────────╮
  │  MCTS NODE [0] — Rank 1/2 │ Depth 2                       │
  ├──────────────────────────────────────────────────────────────┤
  │  P(dist): ━━━━━━━━━━━━━━━━━━━━━━━━━━━━━━ ●=0.988 μ=0.894 range[0.800, 0.988]   │
  │  Threshold: 0.050 ✓ SURVIVES                                │
  │  Energy Components:                                          │
  │    Pragmatic (E):   118.000  │  Goal-seeking error             │
  │    Epistemic (I):     5.615  │  Information gain               │
  │    Complexity (C):    0.000  │  Model complexity               │
  │    ───────────────────────────────────────────────────────── │
  │    Total Free Energy: 112.385  │  G = E - I + C                  │
  ├──────────────────────────────────────────────────────────────┤
  │  Status: ⏸️  PENDING (queued for evaluation)                   │
  ╰──────────────────────────────────────────────────────────────╯
  [Memory]  Map (6/25): [█_______________... (truncated)]
🧠 [Metakognisi] Batas loop kognitif tercapai (Infinite Loop Protection). Simulasi dihentikan paksa.
   [Rust MCTS] WARNING: Semua gelombang hancur! (Halusinasi/Meleset)
🧬 [Autopoiesis] Kode genetik sudah ada di Wiki (knowledge/skills/auto/synthesized_crossover_19b9eee8.md). Menggunakan kembali tanpa menulis file baru.
🧬 [Quantum Inference] Menjalankan Axiom Tensor 'synthesized_crossover_19b9eee8' secara dinamis di Multiverse Sandbox...
🚀 APPLYING AXIOM IN SANDBOX: synthesized_crossover_19b9eee8 (Tier: 1)
🧬 [Quantum Inference] Wave propagation selesai. (Simulasi internal berhasil).
DEBUG: Agent returned grid:
[1, 1, 1, 1, 1, 1, 0, 1, 1, 1, 1, 1, 1]
[1, 1, 1, 1, 1, 1, 0, 1, 1, 1, 1, 1, 1]
[1, 1, 1, 1, 1, 1, 0, 1, 1, 1, 1, 1, 1]
[1, 1, 1, 1, 1, 1, 0, 1, 1, 1, 1, 1, 1]
[1, 1, 1, 1, 1, 1, 0, 1, 1, 1, 1, 1, 1]
[1, 1, 1, 1, 1, 1, 0, 1, 1, 1, 1, 1, 1]
[0, 0, 0, 0, 0, 0, 0, 0, 0, 0, 0, 0, 0]
[1, 1, 1, 1, 1, 1, 0, 1, 1, 1, 1, 1, 1]
[1, 1, 1, 1, 1, 1, 0, 1, 1, 1, 1, 1, 1]
[1, 1, 1, 1, 1, 1, 0, 1, 1, 1, 1, 1, 1]
[1, 1, 1, 1, 1, 1, 0, 1, 1, 1, 1, 1, 1]
[1, 1, 1, 1, 1, 1, 0, 1, 1, 1, 1, 1, 1]
[1, 1, 1, 1, 1, 1, 0, 1, 1, 1, 1, 1, 1]
MCTS failed. Engaging Generative Synthesized Skill: extract_anomalous_quadrant...
✅ SUCCESS (100% Match!)


🌿 ==================================
Solving Task: 11852cab.json
🌿 ==================================
🧠 [Orientasi Pre-emptive] Membaca Niat Task...
   -> Niat / Klasifikasi Masalah: Task ini menunjukkan: ObjectManipulation. Dimensi Equal (7 → 7), Added(3) objek (10 → 13), topologi berubah dari Scatter ke Scatter. Tidak ada template frame.
🧠 [Topologi Kuantum] Betti-1: Tidak ada lubang terdeteksi. Struktur solid.
🧠 [Metakognisi] Bottleneck::FalseSharing - Amnesia Singkat (Cache Miss) Terdeteksi!
   📝 MENULIS LOG ARCHITECTURE KE SISTEM: Iterasi iterasi EntityManifold lambat rata-rata 223221 ns per entitas. Kecepatan ini 3x lipat dari limit AVX2.
🧠 [Metakognisi] Bottleneck::FastFail - Gradient Energy dE/dt sangat lambat. MCTS dihentikan lebih awal!
   -> Beralih ke ADVANCED PASS (Iterative Deepening MCTS / Grover)...
   🔍 Search Attempt 1: Exploring top 2 advanced axioms...
   ⚡ Memulai MCTS dari ROOT ZERO-POINT dengan 0 amunisi unik...
🚀 APPLYING AXIOM IN SANDBOX: ROOT_START (Tier: 0)
🚀 APPLYING AXIOM IN SANDBOX: ROOT_START (Tier: 0)
🚀 APPLYING AXIOM IN SANDBOX: ROOT_START (Tier: 0)
[Depth 0] Axioms: ["ROOT_START"] | Pragmatic: -1500.00 | Epistemic: 0.00 | Prob: 0.9900 | Dim: 10x10
  ╭──────────────────────────────────────────────────────────────╮
  │  MCTS NODE [0] — Rank 1/2 │ Depth 0                       │
  ├──────────────────────────────────────────────────────────────┤
  │  P(dist): ━━━━━━━━━━━━━━━━━━━━━━━━━━━━━━ ●=0.990 μ=0.895 range[0.800, 0.990]   │
  │  Threshold: 0.050 ✓ SURVIVES                                │
  │  Energy Components:                                          │
  │    Pragmatic (E):  -1500.000  │  Goal-seeking error             │
  │    Epistemic (I):     0.000  │  Information gain               │
  │    Complexity (C):    0.000  │  Model complexity               │
  │    ───────────────────────────────────────────────────────── │
  │    Total Free Energy: -1500.000  │  G = E - I + C                  │
  ├──────────────────────────────────────────────────────────────┤
  │  Status: 🌿 EXPANDING (exploring policies...)                   │
  ╰──────────────────────────────────────────────────────────────╯
  [Memory]  Map (10/10): [██████████]
🧠 [Metakognisi] Bottleneck::FalseSharing - Amnesia Singkat (Cache Miss) Terdeteksi!
   📝 MENULIS LOG ARCHITECTURE KE SISTEM: Iterasi iterasi EntityManifold lambat rata-rata 53603 ns per entitas. Kecepatan ini 3x lipat dari limit AVX2.
🧠 [Metakognisi] Bottleneck::FastFail - Gradient Energy dE/dt sangat lambat. MCTS dihentikan lebih awal!
   -> Beralih ke ADVANCED PASS (Iterative Deepening MCTS / Grover)...
   🔍 Search Attempt 1: Exploring top 2 advanced axioms...
   ⚡ Memulai MCTS dari ROOT ZERO-POINT dengan 0 amunisi unik...
🚀 APPLYING AXIOM IN SANDBOX: ROOT_START (Tier: 0)
🚀 APPLYING AXIOM IN SANDBOX: ROOT_START (Tier: 0)
🚀 APPLYING AXIOM IN SANDBOX: ROOT_START (Tier: 0)
[Depth 0] Axioms: ["ROOT_START"] | Pragmatic: -1500.00 | Epistemic: 0.00 | Prob: 0.9900 | Dim: 10x10
  ╭──────────────────────────────────────────────────────────────╮
  │  MCTS NODE [0] — Rank 1/2 │ Depth 0                       │
  ├──────────────────────────────────────────────────────────────┤
  │  P(dist): ━━━━━━━━━━━━━━━━━━━━━━━━━━━━━━ ●=0.990 μ=0.895 range[0.800, 0.990]   │
  │  Threshold: 0.050 ✓ SURVIVES                                │
  │  Energy Components:                                          │
  │    Pragmatic (E):  -1500.000  │  Goal-seeking error             │
  │    Epistemic (I):     0.000  │  Information gain               │
  │    Complexity (C):    0.000  │  Model complexity               │
  │    ───────────────────────────────────────────────────────── │
  │    Total Free Energy: -1500.000  │  G = E - I + C                  │
  ├──────────────────────────────────────────────────────────────┤
  │  Status: 🌿 EXPANDING (exploring policies...)                   │
  ╰──────────────────────────────────────────────────────────────╯
  [Memory]  Map (10/10): [██████████]
🧠 [Metakognisi] Bottleneck::FalseSharing - Amnesia Singkat (Cache Miss) Terdeteksi!
   📝 MENULIS LOG ARCHITECTURE KE SISTEM: Iterasi iterasi EntityManifold lambat rata-rata 47168 ns per entitas. Kecepatan ini 3x lipat dari limit AVX2.
🧠 [Metakognisi] Bottleneck::FastFail - Gradient Energy dE/dt sangat lambat. MCTS dihentikan lebih awal!
   -> Beralih ke ADVANCED PASS (Iterative Deepening MCTS / Grover)...
   🔍 Search Attempt 1: Exploring top 2 advanced axioms...
   ⚡ Memulai MCTS dari ROOT ZERO-POINT dengan 0 amunisi unik...
🚀 APPLYING AXIOM IN SANDBOX: ROOT_START (Tier: 0)
🚀 APPLYING AXIOM IN SANDBOX: ROOT_START (Tier: 0)
🚀 APPLYING AXIOM IN SANDBOX: ROOT_START (Tier: 0)
[Depth 0] Axioms: ["ROOT_START"] | Pragmatic: -1500.00 | Epistemic: 0.00 | Prob: 0.9900 | Dim: 10x10
  ╭──────────────────────────────────────────────────────────────╮
  │  MCTS NODE [0] — Rank 1/2 │ Depth 0                       │
  ├──────────────────────────────────────────────────────────────┤
  │  P(dist): ━━━━━━━━━━━━━━━━━━━━━━━━━━━━━━ ●=0.990 μ=0.895 range[0.800, 0.990]   │
  │  Threshold: 0.050 ✓ SURVIVES                                │
  │  Energy Components:                                          │
  │    Pragmatic (E):  -1500.000  │  Goal-seeking error             │
  │    Epistemic (I):     0.000  │  Information gain               │
  │    Complexity (C):    0.000  │  Model complexity               │
  │    ───────────────────────────────────────────────────────── │
  │    Total Free Energy: -1500.000  │  G = E - I + C                  │
  ├──────────────────────────────────────────────────────────────┤
  │  Status: 🌿 EXPANDING (exploring policies...)                   │
  ╰──────────────────────────────────────────────────────────────╯
  [Memory]  Map (10/10): [██████████]
🧠 [Metakognisi] Batas loop kognitif tercapai (Infinite Loop Protection). Simulasi dihentikan paksa.
   [Rust MCTS] WARNING: Semua gelombang hancur! (Halusinasi/Meleset)
🧬 [Autopoiesis] Kode genetik sudah ada di Wiki (knowledge/skills/auto/synthesized_crossover_8b516458.md). Menggunakan kembali tanpa menulis file baru.
🧬 [Quantum Inference] Menjalankan Axiom Tensor 'synthesized_crossover_8b516458' secara dinamis di Multiverse Sandbox...
🚀 APPLYING AXIOM IN SANDBOX: synthesized_crossover_8b516458 (Tier: 1)
🧬 [Quantum Inference] Wave propagation selesai. (Simulasi internal berhasil).
DEBUG: Agent returned grid:
[0, 0, 0, 0, 0, 0]
[0, 0, 0, 0, 0, 0]
[0, 1, 0, 4, 0, 1]
[0, 0, 2, 0, 2, 0]
[0, 0, 0, 1, 0, 0]
[0, 0, 2, 0, 2, 0]
[0, 1, 0, 0, 0, 1]
MCTS failed. Engaging Generative Synthesized Skill: extract_anomalous_quadrant...
💀 FAILED (Mismatch)


🌿 ==================================
Solving Task: 22168020.json
🌿 ==================================
🧠 [Orientasi Pre-emptive] Membaca Niat Task...
   -> Niat / Klasifikasi Masalah: Task ini menunjukkan: ObjectManipulation. Dimensi Equal (9 → 9), Removed(6) objek (7 → 1), topologi berubah dari Scatter ke Single. Tidak ada template frame.
🧠 [Topologi Kuantum] Betti-1: Tidak ada lubang terdeteksi. Struktur solid.
🧠 [Metakognisi] Bottleneck::FalseSharing - Amnesia Singkat (Cache Miss) Terdeteksi!
   📝 MENULIS LOG ARCHITECTURE KE SISTEM: Iterasi iterasi EntityManifold lambat rata-rata 45017 ns per entitas. Kecepatan ini 3x lipat dari limit AVX2.
🧠 [Metakognisi] Bottleneck::FastFail - Gradient Energy dE/dt sangat lambat. MCTS dihentikan lebih awal!
   -> Beralih ke ADVANCED PASS (Iterative Deepening MCTS / Grover)...
   🔍 Search Attempt 1: Exploring top 2 advanced axioms...
   ⚡ Memulai MCTS dari ROOT ZERO-POINT dengan 0 amunisi unik...
🚀 APPLYING AXIOM IN SANDBOX: ROOT_START (Tier: 0)
🚀 APPLYING AXIOM IN SANDBOX: ROOT_START (Tier: 0)
🚀 APPLYING AXIOM IN SANDBOX: ROOT_START (Tier: 0)
[Depth 0] Axioms: ["ROOT_START"] | Pragmatic: -1500.00 | Epistemic: 0.00 | Prob: 0.9900 | Dim: 10x10
  ╭──────────────────────────────────────────────────────────────╮
  │  MCTS NODE [0] — Rank 1/2 │ Depth 0                       │
  ├──────────────────────────────────────────────────────────────┤
  │  P(dist): ━━━━━━━━━━━━━━━━━━━━━━━━━━━━━━ ●=0.990 μ=0.895 range[0.800, 0.990]   │
  │  Threshold: 0.050 ✓ SURVIVES                                │
  │  Energy Components:                                          │
  │    Pragmatic (E):  -1500.000  │  Goal-seeking error             │
  │    Epistemic (I):     0.000  │  Information gain               │
  │    Complexity (C):    0.000  │  Model complexity               │
  │    ───────────────────────────────────────────────────────── │
  │    Total Free Energy: -1500.000  │  G = E - I + C                  │
  ├──────────────────────────────────────────────────────────────┤
  │  Status: 🌿 EXPANDING (exploring policies...)                   │
  ╰──────────────────────────────────────────────────────────────╯
  [Memory]  Map (7/10): [███████___]
🧠 [Metakognisi] Bottleneck::FalseSharing - Amnesia Singkat (Cache Miss) Terdeteksi!
   📝 MENULIS LOG ARCHITECTURE KE SISTEM: Iterasi iterasi EntityManifold lambat rata-rata 54235 ns per entitas. Kecepatan ini 3x lipat dari limit AVX2.
🧠 [Metakognisi] Bottleneck::FastFail - Gradient Energy dE/dt sangat lambat. MCTS dihentikan lebih awal!
   -> Beralih ke ADVANCED PASS (Iterative Deepening MCTS / Grover)...
   🔍 Search Attempt 1: Exploring top 2 advanced axioms...
   ⚡ Memulai MCTS dari ROOT ZERO-POINT dengan 0 amunisi unik...
🚀 APPLYING AXIOM IN SANDBOX: ROOT_START (Tier: 0)
🚀 APPLYING AXIOM IN SANDBOX: ROOT_START (Tier: 0)
🚀 APPLYING AXIOM IN SANDBOX: ROOT_START (Tier: 0)
[Depth 0] Axioms: ["ROOT_START"] | Pragmatic: -1500.00 | Epistemic: 0.00 | Prob: 0.9900 | Dim: 10x10
  ╭──────────────────────────────────────────────────────────────╮
  │  MCTS NODE [0] — Rank 1/2 │ Depth 0                       │
  ├──────────────────────────────────────────────────────────────┤
  │  P(dist): ━━━━━━━━━━━━━━━━━━━━━━━━━━━━━━ ●=0.990 μ=0.895 range[0.800, 0.990]   │
  │  Threshold: 0.050 ✓ SURVIVES                                │
  │  Energy Components:                                          │
  │    Pragmatic (E):  -1500.000  │  Goal-seeking error             │
  │    Epistemic (I):     0.000  │  Information gain               │
  │    Complexity (C):    0.000  │  Model complexity               │
  │    ───────────────────────────────────────────────────────── │
  │    Total Free Energy: -1500.000  │  G = E - I + C                  │
  ├──────────────────────────────────────────────────────────────┤
  │  Status: 🌿 EXPANDING (exploring policies...)                   │
  ╰──────────────────────────────────────────────────────────────╯
  [Memory]  Map (7/10): [███████___]
🧠 [Metakognisi] Bottleneck::FalseSharing - Amnesia Singkat (Cache Miss) Terdeteksi!
   📝 MENULIS LOG ARCHITECTURE KE SISTEM: Iterasi iterasi EntityManifold lambat rata-rata 49797 ns per entitas. Kecepatan ini 3x lipat dari limit AVX2.
🧠 [Metakognisi] Bottleneck::FastFail - Gradient Energy dE/dt sangat lambat. MCTS dihentikan lebih awal!
   -> Beralih ke ADVANCED PASS (Iterative Deepening MCTS / Grover)...
   🔍 Search Attempt 1: Exploring top 2 advanced axioms...
   ⚡ Memulai MCTS dari ROOT ZERO-POINT dengan 0 amunisi unik...
🚀 APPLYING AXIOM IN SANDBOX: ROOT_START (Tier: 0)
🚀 APPLYING AXIOM IN SANDBOX: ROOT_START (Tier: 0)
🚀 APPLYING AXIOM IN SANDBOX: ROOT_START (Tier: 0)
[Depth 0] Axioms: ["ROOT_START"] | Pragmatic: -1500.00 | Epistemic: 0.00 | Prob: 0.9900 | Dim: 10x10
  ╭──────────────────────────────────────────────────────────────╮
  │  MCTS NODE [0] — Rank 1/2 │ Depth 0                       │
  ├──────────────────────────────────────────────────────────────┤
  │  P(dist): ━━━━━━━━━━━━━━━━━━━━━━━━━━━━━━ ●=0.990 μ=0.895 range[0.800, 0.990]   │
  │  Threshold: 0.050 ✓ SURVIVES                                │
  │  Energy Components:                                          │
  │    Pragmatic (E):  -1500.000  │  Goal-seeking error             │
  │    Epistemic (I):     0.000  │  Information gain               │
  │    Complexity (C):    0.000  │  Model complexity               │
  │    ───────────────────────────────────────────────────────── │
  │    Total Free Energy: -1500.000  │  G = E - I + C                  │
  ├──────────────────────────────────────────────────────────────┤
  │  Status: 🌿 EXPANDING (exploring policies...)                   │
  ╰──────────────────────────────────────────────────────────────╯
  [Memory]  Map (7/10): [███████___]
🧠 [Metakognisi] Batas loop kognitif tercapai (Infinite Loop Protection). Simulasi dihentikan paksa.
   [Rust MCTS] WARNING: Semua gelombang hancur! (Halusinasi/Meleset)
🧬 [Autopoiesis] Kode genetik sudah ada di Wiki (knowledge/skills/auto/synthesized_crossover_8b516458.md). Menggunakan kembali tanpa menulis file baru.
🧬 [Quantum Inference] Menjalankan Axiom Tensor 'synthesized_crossover_8b516458' secara dinamis di Multiverse Sandbox...
🚀 APPLYING AXIOM IN SANDBOX: synthesized_crossover_8b516458 (Tier: 1)
🧬 [Quantum Inference] Wave propagation selesai. (Simulasi internal berhasil).
DEBUG: Agent returned grid:
[0, 0, 0, 0, 0, 0, 0, 0, 0, 0]
[4, 0, 0, 4, 0, 0, 0, 0, 0, 0]
[0, 4, 4, 0, 7, 0, 0, 0, 0, 7]
[0, 4, 4, 0, 0, 7, 0, 0, 7, 0]
[0, 0, 0, 0, 0, 0, 7, 7, 0, 0]
[0, 0, 0, 0, 0, 0, 7, 7, 0, 0]
[0, 3, 0, 0, 0, 0, 3, 0, 0, 0]
[0, 0, 3, 0, 0, 3, 0, 0, 0, 0]
[0, 0, 0, 3, 3, 0, 0, 0, 0, 0]
[0, 0, 0, 3, 3, 0, 0, 0, 0, 0]
MCTS failed. Engaging Generative Synthesized Skill: extract_anomalous_quadrant...
💀 FAILED (Mismatch)


🌿 ==================================
Solving Task: 22233c11.json
🌿 ==================================
🧠 [Orientasi Pre-emptive] Membaca Niat Task...
   -> Niat / Klasifikasi Masalah: Task ini menunjukkan: StructuralTransform. Dimensi Larger (8 → 9), Added(4) objek (4 → 8), topologi berubah dari Scatter ke Scatter. Tidak ada template frame.
🧠 [Topologi Kuantum] Betti-1: Tidak ada lubang terdeteksi. Struktur solid.
🧠 [Metakognisi] Bottleneck::FalseSharing - Amnesia Singkat (Cache Miss) Terdeteksi!
   📝 MENULIS LOG ARCHITECTURE KE SISTEM: Iterasi iterasi EntityManifold lambat rata-rata 47129 ns per entitas. Kecepatan ini 3x lipat dari limit AVX2.
🧠 [Metakognisi] Bottleneck::FastFail - Gradient Energy dE/dt sangat lambat. MCTS dihentikan lebih awal!
   -> Beralih ke ADVANCED PASS (Iterative Deepening MCTS / Grover)...
   🔍 Search Attempt 1: Exploring top 2 advanced axioms...
🚀 APPLYING AXIOM IN SANDBOX: SPAWN_EXTRAPOLATE_TL_BR_8 (Tier: 6)
🚀 APPLYING AXIOM IN SANDBOX: SPAWN_EXTRAPOLATE_TL_BR_8 (Tier: 6)
🚀 APPLYING AXIOM IN SANDBOX: SPAWN_EXTRAPOLATE_TL_BR_8 (Tier: 6)
🚀 APPLYING AXIOM IN SANDBOX: SPAWN_EXTRAPOLATE_TL_BR_8 (Tier: 6)
🚀 APPLYING AXIOM IN SANDBOX: SPAWN_EXTRAPOLATE_TL_BR_8 (Tier: 6)
🚀 APPLYING AXIOM IN SANDBOX: SPAWN_EXTRAPOLATE_TL_BR_8 (Tier: 6)
🚀 APPLYING AXIOM IN SANDBOX: SPAWN_EXTRAPOLATE_TL_BR_8 (Tier: 6)
🚀 APPLYING AXIOM IN SANDBOX: SPAWN_EXTRAPOLATE_TL_BR_8 (Tier: 6)
🚀 APPLYING AXIOM IN SANDBOX: SPAWN_EXTRAPOLATE_TL_BR_8 (Tier: 6)
🚀 APPLYING AXIOM IN SANDBOX: SPAWN_EXTRAPOLATE_TL_BR_8 (Tier: 6)
🚀 APPLYING AXIOM IN SANDBOX: SPAWN_EXTRAPOLATE_TL_BR_8 (Tier: 6)
🚀 APPLYING AXIOM IN SANDBOX: SPAWN_EXTRAPOLATE_TL_BR_8 (Tier: 6)
   ⚡ Memulai MCTS dari ROOT ZERO-POINT dengan 4 amunisi unik...
🚀 APPLYING AXIOM IN SANDBOX: ROOT_START (Tier: 0)
🚀 APPLYING AXIOM IN SANDBOX: ROOT_START (Tier: 0)
🚀 APPLYING AXIOM IN SANDBOX: ROOT_START (Tier: 0)
[Depth 0] Axioms: ["ROOT_START"] | Pragmatic: -1500.00 | Epistemic: 0.00 | Prob: 0.9900 | Dim: 10x10
  ╭──────────────────────────────────────────────────────────────╮
  │  MCTS NODE [0] — Rank 1/2 │ Depth 0                       │
  ├──────────────────────────────────────────────────────────────┤
  │  P(dist): ━━━━━━━━━━━━━━━━━━━━━━━━━━━━━━ ●=0.990 μ=0.895 range[0.800, 0.990]   │
  │  Threshold: 0.050 ✓ SURVIVES                                │
  │  Energy Components:                                          │
  │    Pragmatic (E):  -1500.000  │  Goal-seeking error             │
  │    Epistemic (I):     0.000  │  Information gain               │
  │    Complexity (C):    0.000  │  Model complexity               │
  │    ───────────────────────────────────────────────────────── │
  │    Total Free Energy: -1500.000  │  G = E - I + C                  │
  ├──────────────────────────────────────────────────────────────┤
  │  Status: 🌿 EXPANDING (exploring policies...)                   │
  ╰──────────────────────────────────────────────────────────────╯
  [Memory]  Map (4/4): [████]
🚀 APPLYING AXIOM IN SANDBOX: SPAWN_EXTRAPOLATE_ORTHOGONAL_8 (Tier: 6)
🚀 APPLYING AXIOM IN SANDBOX: SPAWN_EXTRAPOLATE_ORTHOGONAL_8 (Tier: 6)
🚀 APPLYING AXIOM IN SANDBOX: SPAWN_EXTRAPOLATE_ORTHOGONAL_8 (Tier: 6)
[Depth 1] Axioms: ["ROOT_START", "SPAWN_EXTRAPOLATE_ORTHOGONAL_8"] | Pragmatic: 52.00 | Epistemic: 6.70 | Prob: 1.0000 | Dim: 10x10
  ╭──────────────────────────────────────────────────────────────╮
  │  MCTS NODE [0] — Rank 1/2 │ Depth 1                       │
  ├──────────────────────────────────────────────────────────────┤
  │  P(dist): ━━━━━━━━━━━━━━━━━━━━━━━━━━━━━━ ●=1.000 μ=0.900 range[0.800, 1.000]   │
  │  Threshold: 0.050 ✓ SURVIVES                                │
  │  Energy Components:                                          │
  │    Pragmatic (E):    52.000  │  Goal-seeking error             │
  │    Epistemic (I):     6.697  │  Information gain               │
  │    Complexity (C):    0.000  │  Model complexity               │
  │    ───────────────────────────────────────────────────────── │
  │    Total Free Energy:  45.303  │  G = E - I + C                  │
  ├──────────────────────────────────────────────────────────────┤
  │  Status: 🌿 EXPANDING (exploring policies...)                   │
  ╰──────────────────────────────────────────────────────────────╯
  [Memory]  Map (30/30): [██████████████████████████████]
🚀 APPLYING AXIOM IN SANDBOX: INTERSECTION_FILL_8 (Tier: 6)
🚀 APPLYING AXIOM IN SANDBOX: INTERSECTION_FILL_8 (Tier: 6)
🚀 APPLYING AXIOM IN SANDBOX: INTERSECTION_FILL_8 (Tier: 6)
[Depth 2] Axioms: ["ROOT_START", "SPAWN_EXTRAPOLATE_ORTHOGONAL_8", "INTERSECTION_FILL_8"] | Pragmatic: 75.00 | Epistemic: 8.00 | Prob: 1.0000 | Dim: 10x10
  ╭──────────────────────────────────────────────────────────────╮
  │  MCTS NODE [0] — Rank 1/2 │ Depth 2                       │
  ├──────────────────────────────────────────────────────────────┤
  │  P(dist): ━━━━━━━━━━━━━━━━━━━━━━━━━━━━━━ ●=1.000 μ=0.900 range[0.800, 1.000]   │
  │  Threshold: 0.050 ✓ SURVIVES                                │
  │  Energy Components:                                          │
  │    Pragmatic (E):    75.000  │  Goal-seeking error             │
  │    Epistemic (I):     7.998  │  Information gain               │
  │    Complexity (C):    0.000  │  Model complexity               │
  │    ───────────────────────────────────────────────────────── │
  │    Total Free Energy:  67.002  │  G = E - I + C                  │
  ├──────────────────────────────────────────────────────────────┤
  │  Status: ⏸️  PENDING (queued for evaluation)                   │
  ╰──────────────────────────────────────────────────────────────╯
  [Memory]  Map (37/37): [█████████████████████████████████████]
🚀 APPLYING AXIOM IN SANDBOX: SPAWN_EXTRAPOLATE_TL_BR_8 (Tier: 6)
🚀 APPLYING AXIOM IN SANDBOX: SPAWN_EXTRAPOLATE_TL_BR_8 (Tier: 6)
🚀 APPLYING AXIOM IN SANDBOX: SPAWN_EXTRAPOLATE_TL_BR_8 (Tier: 6)
[Depth 2] Axioms: ["ROOT_START", "SPAWN_EXTRAPOLATE_ORTHOGONAL_8", "SPAWN_EXTRAPOLATE_TL_BR_8"] | Pragmatic: 52.00 | Epistemic: 6.70 | Prob: 1.0000 | Dim: 10x10
  ╭──────────────────────────────────────────────────────────────╮
  │  MCTS NODE [0] — Rank 1/2 │ Depth 2                       │
  ├──────────────────────────────────────────────────────────────┤
  │  P(dist): ━━━━━━━━━━━━━━━━━━━━━━━━━━━━━━ ●=1.000 μ=0.900 range[0.800, 1.000]   │
  │  Threshold: 0.050 ✓ SURVIVES                                │
  │  Energy Components:                                          │
  │    Pragmatic (E):    52.000  │  Goal-seeking error             │
  │    Epistemic (I):     6.697  │  Information gain               │
  │    Complexity (C):    0.000  │  Model complexity               │
  │    ───────────────────────────────────────────────────────── │
  │    Total Free Energy:  45.303  │  G = E - I + C                  │
  ├──────────────────────────────────────────────────────────────┤
  │  Status: ⏸️  PENDING (queued for evaluation)                   │
  ╰──────────────────────────────────────────────────────────────╯
  [Memory]  Map (30/30): [██████████████████████████████]
🚀 APPLYING AXIOM IN SANDBOX: SPAWN_EXTRAPOLATE_TR_BL_8 (Tier: 6)
🚀 APPLYING AXIOM IN SANDBOX: SPAWN_EXTRAPOLATE_TR_BL_8 (Tier: 6)
🚀 APPLYING AXIOM IN SANDBOX: SPAWN_EXTRAPOLATE_TR_BL_8 (Tier: 6)
[Depth 1] Axioms: ["ROOT_START", "SPAWN_EXTRAPOLATE_TR_BL_8"] | Pragmatic: 52.00 | Epistemic: 6.70 | Prob: 1.0000 | Dim: 10x10
  ╭──────────────────────────────────────────────────────────────╮
  │  MCTS NODE [0] — Rank 1/2 │ Depth 1                       │
  ├──────────────────────────────────────────────────────────────┤
  │  P(dist): ━━━━━━━━━━━━━━━━━━━━━━━━━━━━━━ ●=1.000 μ=0.900 range[0.800, 1.000]   │
  │  Threshold: 0.050 ✓ SURVIVES                                │
  │  Energy Components:                                          │
  │    Pragmatic (E):    52.000  │  Goal-seeking error             │
  │    Epistemic (I):     6.697  │  Information gain               │
  │    Complexity (C):    0.000  │  Model complexity               │
  │    ───────────────────────────────────────────────────────── │
  │    Total Free Energy:  45.303  │  G = E - I + C                  │
  ├──────────────────────────────────────────────────────────────┤
  │  Status: 🌿 EXPANDING (exploring policies...)                   │
  ╰──────────────────────────────────────────────────────────────╯
  [Memory]  Map (30/30): [██████████████████████████████]
🚀 APPLYING AXIOM IN SANDBOX: INTERSECTION_FILL_8 (Tier: 6)
🚀 APPLYING AXIOM IN SANDBOX: INTERSECTION_FILL_8 (Tier: 6)
🚀 APPLYING AXIOM IN SANDBOX: INTERSECTION_FILL_8 (Tier: 6)
[Depth 2] Axioms: ["ROOT_START", "SPAWN_EXTRAPOLATE_TR_BL_8", "INTERSECTION_FILL_8"] | Pragmatic: 75.00 | Epistemic: 8.00 | Prob: 1.0000 | Dim: 10x10
  ╭──────────────────────────────────────────────────────────────╮
  │  MCTS NODE [0] — Rank 1/2 │ Depth 2                       │
  ├──────────────────────────────────────────────────────────────┤
  │  P(dist): ━━━━━━━━━━━━━━━━━━━━━━━━━━━━━━ ●=1.000 μ=0.900 range[0.800, 1.000]   │
  │  Threshold: 0.050 ✓ SURVIVES                                │
  │  Energy Components:                                          │
  │    Pragmatic (E):    75.000  │  Goal-seeking error             │
  │    Epistemic (I):     7.998  │  Information gain               │
  │    Complexity (C):    0.000  │  Model complexity               │
  │    ───────────────────────────────────────────────────────── │
  │    Total Free Energy:  67.002  │  G = E - I + C                  │
  ├──────────────────────────────────────────────────────────────┤
  │  Status: ⏸️  PENDING (queued for evaluation)                   │
  ╰──────────────────────────────────────────────────────────────╯
  [Memory]  Map (37/37): [█████████████████████████████████████]
🚀 APPLYING AXIOM IN SANDBOX: SPAWN_EXTRAPOLATE_TL_BR_8 (Tier: 6)
🚀 APPLYING AXIOM IN SANDBOX: SPAWN_EXTRAPOLATE_TL_BR_8 (Tier: 6)
🚀 APPLYING AXIOM IN SANDBOX: SPAWN_EXTRAPOLATE_TL_BR_8 (Tier: 6)
[Depth 2] Axioms: ["ROOT_START", "SPAWN_EXTRAPOLATE_TR_BL_8", "SPAWN_EXTRAPOLATE_TL_BR_8"] | Pragmatic: 52.00 | Epistemic: 6.70 | Prob: 1.0000 | Dim: 10x10
  ╭──────────────────────────────────────────────────────────────╮
  │  MCTS NODE [0] — Rank 1/2 │ Depth 2                       │
  ├──────────────────────────────────────────────────────────────┤
  │  P(dist): ━━━━━━━━━━━━━━━━━━━━━━━━━━━━━━ ●=1.000 μ=0.900 range[0.800, 1.000]   │
  │  Threshold: 0.050 ✓ SURVIVES                                │
  │  Energy Components:                                          │
  │    Pragmatic (E):    52.000  │  Goal-seeking error             │
  │    Epistemic (I):     6.697  │  Information gain               │
  │    Complexity (C):    0.000  │  Model complexity               │
  │    ───────────────────────────────────────────────────────── │
  │    Total Free Energy:  45.303  │  G = E - I + C                  │
  ├──────────────────────────────────────────────────────────────┤
  │  Status: ⏸️  PENDING (queued for evaluation)                   │
  ╰──────────────────────────────────────────────────────────────╯
  [Memory]  Map (30/30): [██████████████████████████████]
🚀 APPLYING AXIOM IN SANDBOX: INTERSECTION_FILL_8 (Tier: 6)
🚀 APPLYING AXIOM IN SANDBOX: INTERSECTION_FILL_8 (Tier: 6)
🚀 APPLYING AXIOM IN SANDBOX: INTERSECTION_FILL_8 (Tier: 6)
[Depth 1] Axioms: ["ROOT_START", "INTERSECTION_FILL_8"] | Pragmatic: 58.00 | Epistemic: 6.92 | Prob: 1.0000 | Dim: 10x10
  ╭──────────────────────────────────────────────────────────────╮
  │  MCTS NODE [0] — Rank 1/2 │ Depth 1                       │
  ├──────────────────────────────────────────────────────────────┤
  │  P(dist): ━━━━━━━━━━━━━━━━━━━━━━━━━━━━━━ ●=1.000 μ=0.900 range[0.800, 1.000]   │
  │  Threshold: 0.050 ✓ SURVIVES                                │
  │  Energy Components:                                          │
  │    Pragmatic (E):    58.000  │  Goal-seeking error             │
  │    Epistemic (I):     6.919  │  Information gain               │
  │    Complexity (C):    0.000  │  Model complexity               │
  │    ───────────────────────────────────────────────────────── │
  │    Total Free Energy:  51.081  │  G = E - I + C                  │
  ├──────────────────────────────────────────────────────────────┤
  │  Status: 🌿 EXPANDING (exploring policies...)                   │
  ╰──────────────────────────────────────────────────────────────╯
  [Memory]  Map (22/22): [██████████████████████]
🚀 APPLYING AXIOM IN SANDBOX: SPAWN_EXTRAPOLATE_TR_BL_8 (Tier: 6)
🚀 APPLYING AXIOM IN SANDBOX: SPAWN_EXTRAPOLATE_TR_BL_8 (Tier: 6)
🚀 APPLYING AXIOM IN SANDBOX: SPAWN_EXTRAPOLATE_TR_BL_8 (Tier: 6)
[Depth 2] Axioms: ["ROOT_START", "INTERSECTION_FILL_8", "SPAWN_EXTRAPOLATE_TR_BL_8"] | Pragmatic: 50.00 | Epistemic: 7.43 | Prob: 1.0000 | Dim: 10x10
  ╭──────────────────────────────────────────────────────────────╮
  │  MCTS NODE [0] — Rank 1/2 │ Depth 2                       │
  ├──────────────────────────────────────────────────────────────┤
  │  P(dist): ━━━━━━━━━━━━━━━━━━━━━━━━━━━━━━ ●=1.000 μ=0.900 range[0.800, 1.000]   │
  │  Threshold: 0.050 ✓ SURVIVES                                │
  │  Energy Components:                                          │
  │    Pragmatic (E):    50.000  │  Goal-seeking error             │
  │    Epistemic (I):     7.430  │  Information gain               │
  │    Complexity (C):    0.000  │  Model complexity               │
  │    ───────────────────────────────────────────────────────── │
  │    Total Free Energy:  42.570  │  G = E - I + C                  │
  ├──────────────────────────────────────────────────────────────┤
  │  Status: ⏸️  PENDING (queued for evaluation)                   │
  ╰──────────────────────────────────────────────────────────────╯
  [Memory]  Map (22/22): [██████████████████████]
🚀 APPLYING AXIOM IN SANDBOX: SPAWN_EXTRAPOLATE_TL_BR_8 (Tier: 6)
🚀 APPLYING AXIOM IN SANDBOX: SPAWN_EXTRAPOLATE_TL_BR_8 (Tier: 6)
🚀 APPLYING AXIOM IN SANDBOX: SPAWN_EXTRAPOLATE_TL_BR_8 (Tier: 6)
[Depth 2] Axioms: ["ROOT_START", "INTERSECTION_FILL_8", "SPAWN_EXTRAPOLATE_TL_BR_8"] | Pragmatic: 50.00 | Epistemic: 7.43 | Prob: 1.0000 | Dim: 10x10
  ╭──────────────────────────────────────────────────────────────╮
  │  MCTS NODE [0] — Rank 1/2 │ Depth 2                       │
  ├──────────────────────────────────────────────────────────────┤
  │  P(dist): ━━━━━━━━━━━━━━━━━━━━━━━━━━━━━━ ●=1.000 μ=0.900 range[0.800, 1.000]   │
  │  Threshold: 0.050 ✓ SURVIVES                                │
  │  Energy Components:                                          │
  │    Pragmatic (E):    50.000  │  Goal-seeking error             │
  │    Epistemic (I):     7.430  │  Information gain               │
  │    Complexity (C):    0.000  │  Model complexity               │
  │    ───────────────────────────────────────────────────────── │
  │    Total Free Energy:  42.570  │  G = E - I + C                  │
  ├──────────────────────────────────────────────────────────────┤
  │  Status: ⏸️  PENDING (queued for evaluation)                   │
  ╰──────────────────────────────────────────────────────────────╯
  [Memory]  Map (22/22): [██████████████████████]
🚀 APPLYING AXIOM IN SANDBOX: SPAWN_EXTRAPOLATE_TL_BR_8 (Tier: 6)
🚀 APPLYING AXIOM IN SANDBOX: SPAWN_EXTRAPOLATE_TL_BR_8 (Tier: 6)
🚀 APPLYING AXIOM IN SANDBOX: SPAWN_EXTRAPOLATE_TL_BR_8 (Tier: 6)
[Depth 1] Axioms: ["ROOT_START", "SPAWN_EXTRAPOLATE_TL_BR_8"] | Pragmatic: 52.00 | Epistemic: 6.70 | Prob: 1.0000 | Dim: 10x10
  ╭──────────────────────────────────────────────────────────────╮
  │  MCTS NODE [0] — Rank 1/2 │ Depth 1                       │
  ├──────────────────────────────────────────────────────────────┤
  │  P(dist): ━━━━━━━━━━━━━━━━━━━━━━━━━━━━━━ ●=1.000 μ=0.900 range[0.800, 1.000]   │
  │  Threshold: 0.050 ✓ SURVIVES                                │
  │  Energy Components:                                          │
  │    Pragmatic (E):    52.000  │  Goal-seeking error             │
  │    Epistemic (I):     6.697  │  Information gain               │
  │    Complexity (C):    0.000  │  Model complexity               │
  │    ───────────────────────────────────────────────────────── │
  │    Total Free Energy:  45.303  │  G = E - I + C                  │
  ├──────────────────────────────────────────────────────────────┤
  │  Status: 🌿 EXPANDING (exploring policies...)                   │
  ╰──────────────────────────────────────────────────────────────╯
  [Memory]  Map (30/30): [██████████████████████████████]
🚀 APPLYING AXIOM IN SANDBOX: SPAWN_EXTRAPOLATE_TR_BL_8 (Tier: 6)
🚀 APPLYING AXIOM IN SANDBOX: SPAWN_EXTRAPOLATE_TR_BL_8 (Tier: 6)
🚀 APPLYING AXIOM IN SANDBOX: SPAWN_EXTRAPOLATE_TR_BL_8 (Tier: 6)
[Depth 2] Axioms: ["ROOT_START", "SPAWN_EXTRAPOLATE_TL_BR_8", "SPAWN_EXTRAPOLATE_TR_BL_8"] | Pragmatic: 52.00 | Epistemic: 6.70 | Prob: 1.0000 | Dim: 10x10
  ╭──────────────────────────────────────────────────────────────╮
  │  MCTS NODE [0] — Rank 1/2 │ Depth 2                       │
  ├──────────────────────────────────────────────────────────────┤
  │  P(dist): ━━━━━━━━━━━━━━━━━━━━━━━━━━━━━━ ●=1.000 μ=0.900 range[0.800, 1.000]   │
  │  Threshold: 0.050 ✓ SURVIVES                                │
  │  Energy Components:                                          │
  │    Pragmatic (E):    52.000  │  Goal-seeking error             │
  │    Epistemic (I):     6.697  │  Information gain               │
  │    Complexity (C):    0.000  │  Model complexity               │
  │    ───────────────────────────────────────────────────────── │
  │    Total Free Energy:  45.303  │  G = E - I + C                  │
  ├──────────────────────────────────────────────────────────────┤
  │  Status: ⏸️  PENDING (queued for evaluation)                   │
  ╰──────────────────────────────────────────────────────────────╯
  [Memory]  Map (30/30): [██████████████████████████████]
🚀 APPLYING AXIOM IN SANDBOX: INTERSECTION_FILL_8 (Tier: 6)
🚀 APPLYING AXIOM IN SANDBOX: INTERSECTION_FILL_8 (Tier: 6)
🚀 APPLYING AXIOM IN SANDBOX: INTERSECTION_FILL_8 (Tier: 6)
[Depth 2] Axioms: ["ROOT_START", "SPAWN_EXTRAPOLATE_TL_BR_8", "INTERSECTION_FILL_8"] | Pragmatic: 75.00 | Epistemic: 8.00 | Prob: 1.0000 | Dim: 10x10
  ╭──────────────────────────────────────────────────────────────╮
  │  MCTS NODE [0] — Rank 1/2 │ Depth 2                       │
  ├──────────────────────────────────────────────────────────────┤
  │  P(dist): ━━━━━━━━━━━━━━━━━━━━━━━━━━━━━━ ●=1.000 μ=0.900 range[0.800, 1.000]   │
  │  Threshold: 0.050 ✓ SURVIVES                                │
  │  Energy Components:                                          │
  │    Pragmatic (E):    75.000  │  Goal-seeking error             │
  │    Epistemic (I):     7.998  │  Information gain               │
  │    Complexity (C):    0.000  │  Model complexity               │
  │    ───────────────────────────────────────────────────────── │
  │    Total Free Energy:  67.002  │  G = E - I + C                  │
  ├──────────────────────────────────────────────────────────────┤
  │  Status: ⏸️  PENDING (queued for evaluation)                   │
  ╰──────────────────────────────────────────────────────────────╯
  [Memory]  Map (37/37): [█████████████████████████████████████]
   🔍 Search Attempt 2: Exploring top 5 advanced axioms...
🚀 APPLYING AXIOM IN SANDBOX: SPAWN_EXTRAPOLATE_TL_BR_8 (Tier: 6)
🚀 APPLYING AXIOM IN SANDBOX: SPAWN_EXTRAPOLATE_TL_BR_8 (Tier: 6)
🚀 APPLYING AXIOM IN SANDBOX: SPAWN_EXTRAPOLATE_TL_BR_8 (Tier: 6)
🚀 APPLYING AXIOM IN SANDBOX: SPAWN_EXTRAPOLATE_TL_BR_8 (Tier: 6)
🚀 APPLYING AXIOM IN SANDBOX: SPAWN_EXTRAPOLATE_TL_BR_8 (Tier: 6)
🚀 APPLYING AXIOM IN SANDBOX: SPAWN_EXTRAPOLATE_TL_BR_8 (Tier: 6)
🚀 APPLYING AXIOM IN SANDBOX: SPAWN_EXTRAPOLATE_TL_BR_8 (Tier: 6)
🚀 APPLYING AXIOM IN SANDBOX: SPAWN_EXTRAPOLATE_TL_BR_8 (Tier: 6)
🚀 APPLYING AXIOM IN SANDBOX: SPAWN_EXTRAPOLATE_TL_BR_8 (Tier: 6)
🚀 APPLYING AXIOM IN SANDBOX: SPAWN_EXTRAPOLATE_TL_BR_8 (Tier: 6)
🚀 APPLYING AXIOM IN SANDBOX: SPAWN_EXTRAPOLATE_TL_BR_8 (Tier: 6)
🚀 APPLYING AXIOM IN SANDBOX: SPAWN_EXTRAPOLATE_TL_BR_8 (Tier: 6)
🚀 APPLYING AXIOM IN SANDBOX: INTERSECTION_FILL_8 (Tier: 6)
🚀 APPLYING AXIOM IN SANDBOX: INTERSECTION_FILL_8 (Tier: 6)
🚀 APPLYING AXIOM IN SANDBOX: INTERSECTION_FILL_8 (Tier: 6)
🚀 APPLYING AXIOM IN SANDBOX: SPAWN_EXTRAPOLATE_TL_BR_8 (Tier: 6)
🚀 APPLYING AXIOM IN SANDBOX: SPAWN_EXTRAPOLATE_TL_BR_8 (Tier: 6)
🚀 APPLYING AXIOM IN SANDBOX: SPAWN_EXTRAPOLATE_TL_BR_8 (Tier: 6)
🚀 APPLYING AXIOM IN SANDBOX: SPAWN_EXTRAPOLATE_TL_BR_8 (Tier: 6)
🚀 APPLYING AXIOM IN SANDBOX: SPAWN_EXTRAPOLATE_TL_BR_8 (Tier: 6)
🚀 APPLYING AXIOM IN SANDBOX: SPAWN_EXTRAPOLATE_TL_BR_8 (Tier: 6)
🚀 APPLYING AXIOM IN SANDBOX: SPAWN_EXTRAPOLATE_TL_BR_8 (Tier: 6)
🚀 APPLYING AXIOM IN SANDBOX: SPAWN_EXTRAPOLATE_TL_BR_8 (Tier: 6)
🚀 APPLYING AXIOM IN SANDBOX: SPAWN_EXTRAPOLATE_TL_BR_8 (Tier: 6)
🚀 APPLYING AXIOM IN SANDBOX: SPAWN_EXTRAPOLATE_TL_BR_8 (Tier: 6)
🚀 APPLYING AXIOM IN SANDBOX: SPAWN_EXTRAPOLATE_TL_BR_8 (Tier: 6)
🚀 APPLYING AXIOM IN SANDBOX: SPAWN_EXTRAPOLATE_TL_BR_8 (Tier: 6)
🚀 APPLYING AXIOM IN SANDBOX: INTERSECTION_FILL_8 (Tier: 6)
🚀 APPLYING AXIOM IN SANDBOX: INTERSECTION_FILL_8 (Tier: 6)
🚀 APPLYING AXIOM IN SANDBOX: INTERSECTION_FILL_8 (Tier: 6)
   ⚡ Memulai MCTS dari ROOT ZERO-POINT dengan 4 amunisi unik...
🚀 APPLYING AXIOM IN SANDBOX: ROOT_START (Tier: 0)
🚀 APPLYING AXIOM IN SANDBOX: ROOT_START (Tier: 0)
🚀 APPLYING AXIOM IN SANDBOX: ROOT_START (Tier: 0)
[Depth 0] Axioms: ["ROOT_START"] | Pragmatic: -1500.00 | Epistemic: 0.00 | Prob: 0.9900 | Dim: 10x10
  ╭──────────────────────────────────────────────────────────────╮
  │  MCTS NODE [0] — Rank 1/2 │ Depth 0                       │
  ├──────────────────────────────────────────────────────────────┤
  │  P(dist): ━━━━━━━━━━━━━━━━━━━━━━━━━━━━━━ ●=0.990 μ=0.895 range[0.800, 0.990]   │
  │  Threshold: 0.050 ✓ SURVIVES                                │
  │  Energy Components:                                          │
  │    Pragmatic (E):  -1500.000  │  Goal-seeking error             │
  │    Epistemic (I):     0.000  │  Information gain               │
  │    Complexity (C):    0.000  │  Model complexity               │
  │    ───────────────────────────────────────────────────────── │
  │    Total Free Energy: -1500.000  │  G = E - I + C                  │
  ├──────────────────────────────────────────────────────────────┤
  │  Status: 🌿 EXPANDING (exploring policies...)                   │
  ╰──────────────────────────────────────────────────────────────╯
  [Memory]  Map (4/4): [████]
🚀 APPLYING AXIOM IN SANDBOX: SPAWN_EXTRAPOLATE_ORTHOGONAL_8 (Tier: 6)
🚀 APPLYING AXIOM IN SANDBOX: SPAWN_EXTRAPOLATE_ORTHOGONAL_8 (Tier: 6)
🚀 APPLYING AXIOM IN SANDBOX: SPAWN_EXTRAPOLATE_ORTHOGONAL_8 (Tier: 6)
[Depth 1] Axioms: ["ROOT_START", "SPAWN_EXTRAPOLATE_ORTHOGONAL_8"] | Pragmatic: 52.00 | Epistemic: 6.70 | Prob: 1.0000 | Dim: 10x10
  ╭──────────────────────────────────────────────────────────────╮
  │  MCTS NODE [0] — Rank 1/2 │ Depth 1                       │
  ├──────────────────────────────────────────────────────────────┤
  │  P(dist): ━━━━━━━━━━━━━━━━━━━━━━━━━━━━━━ ●=1.000 μ=0.900 range[0.800, 1.000]   │
  │  Threshold: 0.050 ✓ SURVIVES                                │
  │  Energy Components:                                          │
  │    Pragmatic (E):    52.000  │  Goal-seeking error             │
  │    Epistemic (I):     6.697  │  Information gain               │
  │    Complexity (C):    0.000  │  Model complexity               │
  │    ───────────────────────────────────────────────────────── │
  │    Total Free Energy:  45.303  │  G = E - I + C                  │
  ├──────────────────────────────────────────────────────────────┤
  │  Status: 🌿 EXPANDING (exploring policies...)                   │
  ╰──────────────────────────────────────────────────────────────╯
  [Memory]  Map (30/30): [██████████████████████████████]
🚀 APPLYING AXIOM IN SANDBOX: INTERSECTION_FILL_8 (Tier: 6)
🚀 APPLYING AXIOM IN SANDBOX: INTERSECTION_FILL_8 (Tier: 6)
🚀 APPLYING AXIOM IN SANDBOX: INTERSECTION_FILL_8 (Tier: 6)
[Depth 2] Axioms: ["ROOT_START", "SPAWN_EXTRAPOLATE_ORTHOGONAL_8", "INTERSECTION_FILL_8"] | Pragmatic: 75.00 | Epistemic: 8.00 | Prob: 1.0000 | Dim: 10x10
  ╭──────────────────────────────────────────────────────────────╮
  │  MCTS NODE [0] — Rank 1/2 │ Depth 2                       │
  ├──────────────────────────────────────────────────────────────┤
  │  P(dist): ━━━━━━━━━━━━━━━━━━━━━━━━━━━━━━ ●=1.000 μ=0.900 range[0.800, 1.000]   │
  │  Threshold: 0.050 ✓ SURVIVES                                │
  │  Energy Components:                                          │
  │    Pragmatic (E):    75.000  │  Goal-seeking error             │
  │    Epistemic (I):     7.998  │  Information gain               │
  │    Complexity (C):    0.000  │  Model complexity               │
  │    ───────────────────────────────────────────────────────── │
  │    Total Free Energy:  67.002  │  G = E - I + C                  │
  ├──────────────────────────────────────────────────────────────┤
  │  Status: ⏸️  PENDING (queued for evaluation)                   │
  ╰──────────────────────────────────────────────────────────────╯
  [Memory]  Map (37/37): [█████████████████████████████████████]
🚀 APPLYING AXIOM IN SANDBOX: SPAWN_EXTRAPOLATE_TL_BR_8 (Tier: 6)
🚀 APPLYING AXIOM IN SANDBOX: SPAWN_EXTRAPOLATE_TL_BR_8 (Tier: 6)
🚀 APPLYING AXIOM IN SANDBOX: SPAWN_EXTRAPOLATE_TL_BR_8 (Tier: 6)
[Depth 2] Axioms: ["ROOT_START", "SPAWN_EXTRAPOLATE_ORTHOGONAL_8", "SPAWN_EXTRAPOLATE_TL_BR_8"] | Pragmatic: 52.00 | Epistemic: 6.70 | Prob: 1.0000 | Dim: 10x10
  ╭──────────────────────────────────────────────────────────────╮
  │  MCTS NODE [0] — Rank 1/2 │ Depth 2                       │
  ├──────────────────────────────────────────────────────────────┤
  │  P(dist): ━━━━━━━━━━━━━━━━━━━━━━━━━━━━━━ ●=1.000 μ=0.900 range[0.800, 1.000]   │
  │  Threshold: 0.050 ✓ SURVIVES                                │
  │  Energy Components:                                          │
  │    Pragmatic (E):    52.000  │  Goal-seeking error             │
  │    Epistemic (I):     6.697  │  Information gain               │
  │    Complexity (C):    0.000  │  Model complexity               │
  │    ───────────────────────────────────────────────────────── │
  │    Total Free Energy:  45.303  │  G = E - I + C                  │
  ├──────────────────────────────────────────────────────────────┤
  │  Status: ⏸️  PENDING (queued for evaluation)                   │
  ╰──────────────────────────────────────────────────────────────╯
  [Memory]  Map (30/30): [██████████████████████████████]
🚀 APPLYING AXIOM IN SANDBOX: SPAWN_EXTRAPOLATE_TR_BL_8 (Tier: 6)
🚀 APPLYING AXIOM IN SANDBOX: SPAWN_EXTRAPOLATE_TR_BL_8 (Tier: 6)
🚀 APPLYING AXIOM IN SANDBOX: SPAWN_EXTRAPOLATE_TR_BL_8 (Tier: 6)
[Depth 1] Axioms: ["ROOT_START", "SPAWN_EXTRAPOLATE_TR_BL_8"] | Pragmatic: 52.00 | Epistemic: 6.70 | Prob: 1.0000 | Dim: 10x10
  ╭──────────────────────────────────────────────────────────────╮
  │  MCTS NODE [0] — Rank 1/2 │ Depth 1                       │
  ├──────────────────────────────────────────────────────────────┤
  │  P(dist): ━━━━━━━━━━━━━━━━━━━━━━━━━━━━━━ ●=1.000 μ=0.900 range[0.800, 1.000]   │
  │  Threshold: 0.050 ✓ SURVIVES                                │
  │  Energy Components:                                          │
  │    Pragmatic (E):    52.000  │  Goal-seeking error             │
  │    Epistemic (I):     6.697  │  Information gain               │
  │    Complexity (C):    0.000  │  Model complexity               │
  │    ───────────────────────────────────────────────────────── │
  │    Total Free Energy:  45.303  │  G = E - I + C                  │
  ├──────────────────────────────────────────────────────────────┤
  │  Status: 🌿 EXPANDING (exploring policies...)                   │
  ╰──────────────────────────────────────────────────────────────╯
  [Memory]  Map (30/30): [██████████████████████████████]
🚀 APPLYING AXIOM IN SANDBOX: INTERSECTION_FILL_8 (Tier: 6)
🚀 APPLYING AXIOM IN SANDBOX: INTERSECTION_FILL_8 (Tier: 6)
🚀 APPLYING AXIOM IN SANDBOX: INTERSECTION_FILL_8 (Tier: 6)
[Depth 2] Axioms: ["ROOT_START", "SPAWN_EXTRAPOLATE_TR_BL_8", "INTERSECTION_FILL_8"] | Pragmatic: 75.00 | Epistemic: 8.00 | Prob: 1.0000 | Dim: 10x10
  ╭──────────────────────────────────────────────────────────────╮
  │  MCTS NODE [0] — Rank 1/2 │ Depth 2                       │
  ├──────────────────────────────────────────────────────────────┤
  │  P(dist): ━━━━━━━━━━━━━━━━━━━━━━━━━━━━━━ ●=1.000 μ=0.900 range[0.800, 1.000]   │
  │  Threshold: 0.050 ✓ SURVIVES                                │
  │  Energy Components:                                          │
  │    Pragmatic (E):    75.000  │  Goal-seeking error             │
  │    Epistemic (I):     7.998  │  Information gain               │
  │    Complexity (C):    0.000  │  Model complexity               │
  │    ───────────────────────────────────────────────────────── │
  │    Total Free Energy:  67.002  │  G = E - I + C                  │
  ├──────────────────────────────────────────────────────────────┤
  │  Status: ⏸️  PENDING (queued for evaluation)                   │
  ╰──────────────────────────────────────────────────────────────╯
  [Memory]  Map (37/37): [█████████████████████████████████████]
🚀 APPLYING AXIOM IN SANDBOX: SPAWN_EXTRAPOLATE_TL_BR_8 (Tier: 6)
🚀 APPLYING AXIOM IN SANDBOX: SPAWN_EXTRAPOLATE_TL_BR_8 (Tier: 6)
🚀 APPLYING AXIOM IN SANDBOX: SPAWN_EXTRAPOLATE_TL_BR_8 (Tier: 6)
[Depth 2] Axioms: ["ROOT_START", "SPAWN_EXTRAPOLATE_TR_BL_8", "SPAWN_EXTRAPOLATE_TL_BR_8"] | Pragmatic: 52.00 | Epistemic: 6.70 | Prob: 1.0000 | Dim: 10x10
  ╭──────────────────────────────────────────────────────────────╮
  │  MCTS NODE [0] — Rank 1/2 │ Depth 2                       │
  ├──────────────────────────────────────────────────────────────┤
  │  P(dist): ━━━━━━━━━━━━━━━━━━━━━━━━━━━━━━ ●=1.000 μ=0.900 range[0.800, 1.000]   │
  │  Threshold: 0.050 ✓ SURVIVES                                │
  │  Energy Components:                                          │
  │    Pragmatic (E):    52.000  │  Goal-seeking error             │
  │    Epistemic (I):     6.697  │  Information gain               │
  │    Complexity (C):    0.000  │  Model complexity               │
  │    ───────────────────────────────────────────────────────── │
  │    Total Free Energy:  45.303  │  G = E - I + C                  │
  ├──────────────────────────────────────────────────────────────┤
  │  Status: ⏸️  PENDING (queued for evaluation)                   │
  ╰──────────────────────────────────────────────────────────────╯
  [Memory]  Map (30/30): [██████████████████████████████]
🚀 APPLYING AXIOM IN SANDBOX: INTERSECTION_FILL_8 (Tier: 6)
🚀 APPLYING AXIOM IN SANDBOX: INTERSECTION_FILL_8 (Tier: 6)
🚀 APPLYING AXIOM IN SANDBOX: INTERSECTION_FILL_8 (Tier: 6)
[Depth 1] Axioms: ["ROOT_START", "INTERSECTION_FILL_8"] | Pragmatic: 58.00 | Epistemic: 6.92 | Prob: 1.0000 | Dim: 10x10
  ╭──────────────────────────────────────────────────────────────╮
  │  MCTS NODE [0] — Rank 1/2 │ Depth 1                       │
  ├──────────────────────────────────────────────────────────────┤
  │  P(dist): ━━━━━━━━━━━━━━━━━━━━━━━━━━━━━━ ●=1.000 μ=0.900 range[0.800, 1.000]   │
  │  Threshold: 0.050 ✓ SURVIVES                                │
  │  Energy Components:                                          │
  │    Pragmatic (E):    58.000  │  Goal-seeking error             │
  │    Epistemic (I):     6.919  │  Information gain               │
  │    Complexity (C):    0.000  │  Model complexity               │
  │    ───────────────────────────────────────────────────────── │
  │    Total Free Energy:  51.081  │  G = E - I + C                  │
  ├──────────────────────────────────────────────────────────────┤
  │  Status: 🌿 EXPANDING (exploring policies...)                   │
  ╰──────────────────────────────────────────────────────────────╯
  [Memory]  Map (22/22): [██████████████████████]
🚀 APPLYING AXIOM IN SANDBOX: SPAWN_EXTRAPOLATE_TR_BL_8 (Tier: 6)
🚀 APPLYING AXIOM IN SANDBOX: SPAWN_EXTRAPOLATE_TR_BL_8 (Tier: 6)
🚀 APPLYING AXIOM IN SANDBOX: SPAWN_EXTRAPOLATE_TR_BL_8 (Tier: 6)
[Depth 2] Axioms: ["ROOT_START", "INTERSECTION_FILL_8", "SPAWN_EXTRAPOLATE_TR_BL_8"] | Pragmatic: 50.00 | Epistemic: 7.43 | Prob: 1.0000 | Dim: 10x10
  ╭──────────────────────────────────────────────────────────────╮
  │  MCTS NODE [0] — Rank 1/2 │ Depth 2                       │
  ├──────────────────────────────────────────────────────────────┤
  │  P(dist): ━━━━━━━━━━━━━━━━━━━━━━━━━━━━━━ ●=1.000 μ=0.900 range[0.800, 1.000]   │
  │  Threshold: 0.050 ✓ SURVIVES                                │
  │  Energy Components:                                          │
  │    Pragmatic (E):    50.000  │  Goal-seeking error             │
  │    Epistemic (I):     7.430  │  Information gain               │
  │    Complexity (C):    0.000  │  Model complexity               │
  │    ───────────────────────────────────────────────────────── │
  │    Total Free Energy:  42.570  │  G = E - I + C                  │
  ├──────────────────────────────────────────────────────────────┤
  │  Status: ⏸️  PENDING (queued for evaluation)                   │
  ╰──────────────────────────────────────────────────────────────╯
  [Memory]  Map (22/22): [██████████████████████]
🚀 APPLYING AXIOM IN SANDBOX: SPAWN_EXTRAPOLATE_TL_BR_8 (Tier: 6)
🚀 APPLYING AXIOM IN SANDBOX: SPAWN_EXTRAPOLATE_TL_BR_8 (Tier: 6)
🚀 APPLYING AXIOM IN SANDBOX: SPAWN_EXTRAPOLATE_TL_BR_8 (Tier: 6)
[Depth 2] Axioms: ["ROOT_START", "INTERSECTION_FILL_8", "SPAWN_EXTRAPOLATE_TL_BR_8"] | Pragmatic: 50.00 | Epistemic: 7.43 | Prob: 1.0000 | Dim: 10x10
  ╭──────────────────────────────────────────────────────────────╮
  │  MCTS NODE [0] — Rank 1/2 │ Depth 2                       │
  ├──────────────────────────────────────────────────────────────┤
  │  P(dist): ━━━━━━━━━━━━━━━━━━━━━━━━━━━━━━ ●=1.000 μ=0.900 range[0.800, 1.000]   │
  │  Threshold: 0.050 ✓ SURVIVES                                │
  │  Energy Components:                                          │
  │    Pragmatic (E):    50.000  │  Goal-seeking error             │
  │    Epistemic (I):     7.430  │  Information gain               │
  │    Complexity (C):    0.000  │  Model complexity               │
  │    ───────────────────────────────────────────────────────── │
  │    Total Free Energy:  42.570  │  G = E - I + C                  │
  ├──────────────────────────────────────────────────────────────┤
  │  Status: ⏸️  PENDING (queued for evaluation)                   │
  ╰──────────────────────────────────────────────────────────────╯
  [Memory]  Map (22/22): [██████████████████████]
🚀 APPLYING AXIOM IN SANDBOX: SPAWN_EXTRAPOLATE_TL_BR_8 (Tier: 6)
🚀 APPLYING AXIOM IN SANDBOX: SPAWN_EXTRAPOLATE_TL_BR_8 (Tier: 6)
🚀 APPLYING AXIOM IN SANDBOX: SPAWN_EXTRAPOLATE_TL_BR_8 (Tier: 6)
[Depth 1] Axioms: ["ROOT_START", "SPAWN_EXTRAPOLATE_TL_BR_8"] | Pragmatic: 52.00 | Epistemic: 6.70 | Prob: 1.0000 | Dim: 10x10
  ╭──────────────────────────────────────────────────────────────╮
  │  MCTS NODE [0] — Rank 1/2 │ Depth 1                       │
  ├──────────────────────────────────────────────────────────────┤
  │  P(dist): ━━━━━━━━━━━━━━━━━━━━━━━━━━━━━━ ●=1.000 μ=0.900 range[0.800, 1.000]   │
  │  Threshold: 0.050 ✓ SURVIVES                                │
  │  Energy Components:                                          │
  │    Pragmatic (E):    52.000  │  Goal-seeking error             │
  │    Epistemic (I):     6.697  │  Information gain               │
  │    Complexity (C):    0.000  │  Model complexity               │
  │    ───────────────────────────────────────────────────────── │
  │    Total Free Energy:  45.303  │  G = E - I + C                  │
  ├──────────────────────────────────────────────────────────────┤
  │  Status: 🌿 EXPANDING (exploring policies...)                   │
  ╰──────────────────────────────────────────────────────────────╯
  [Memory]  Map (30/30): [██████████████████████████████]
🚀 APPLYING AXIOM IN SANDBOX: SPAWN_EXTRAPOLATE_TR_BL_8 (Tier: 6)
🚀 APPLYING AXIOM IN SANDBOX: SPAWN_EXTRAPOLATE_TR_BL_8 (Tier: 6)
🚀 APPLYING AXIOM IN SANDBOX: SPAWN_EXTRAPOLATE_TR_BL_8 (Tier: 6)
[Depth 2] Axioms: ["ROOT_START", "SPAWN_EXTRAPOLATE_TL_BR_8", "SPAWN_EXTRAPOLATE_TR_BL_8"] | Pragmatic: 52.00 | Epistemic: 6.70 | Prob: 1.0000 | Dim: 10x10
  ╭──────────────────────────────────────────────────────────────╮
  │  MCTS NODE [0] — Rank 1/2 │ Depth 2                       │
  ├──────────────────────────────────────────────────────────────┤
  │  P(dist): ━━━━━━━━━━━━━━━━━━━━━━━━━━━━━━ ●=1.000 μ=0.900 range[0.800, 1.000]   │
  │  Threshold: 0.050 ✓ SURVIVES                                │
  │  Energy Components:                                          │
  │    Pragmatic (E):    52.000  │  Goal-seeking error             │
  │    Epistemic (I):     6.697  │  Information gain               │
  │    Complexity (C):    0.000  │  Model complexity               │
  │    ───────────────────────────────────────────────────────── │
  │    Total Free Energy:  45.303  │  G = E - I + C                  │
  ├──────────────────────────────────────────────────────────────┤
  │  Status: ⏸️  PENDING (queued for evaluation)                   │
  ╰──────────────────────────────────────────────────────────────╯
  [Memory]  Map (30/30): [██████████████████████████████]
🚀 APPLYING AXIOM IN SANDBOX: INTERSECTION_FILL_8 (Tier: 6)
🚀 APPLYING AXIOM IN SANDBOX: INTERSECTION_FILL_8 (Tier: 6)
🚀 APPLYING AXIOM IN SANDBOX: INTERSECTION_FILL_8 (Tier: 6)
[Depth 2] Axioms: ["ROOT_START", "SPAWN_EXTRAPOLATE_TL_BR_8", "INTERSECTION_FILL_8"] | Pragmatic: 75.00 | Epistemic: 8.00 | Prob: 1.0000 | Dim: 10x10
  ╭──────────────────────────────────────────────────────────────╮
  │  MCTS NODE [0] — Rank 1/2 │ Depth 2                       │
  ├──────────────────────────────────────────────────────────────┤
  │  P(dist): ━━━━━━━━━━━━━━━━━━━━━━━━━━━━━━ ●=1.000 μ=0.900 range[0.800, 1.000]   │
  │  Threshold: 0.050 ✓ SURVIVES                                │
  │  Energy Components:                                          │
  │    Pragmatic (E):    75.000  │  Goal-seeking error             │
  │    Epistemic (I):     7.998  │  Information gain               │
  │    Complexity (C):    0.000  │  Model complexity               │
  │    ───────────────────────────────────────────────────────── │
  │    Total Free Energy:  67.002  │  G = E - I + C                  │
  ├──────────────────────────────────────────────────────────────┤
  │  Status: ⏸️  PENDING (queued for evaluation)                   │
  ╰──────────────────────────────────────────────────────────────╯
  [Memory]  Map (37/37): [█████████████████████████████████████]
   🔍 Search Attempt 3: Exploring top 10 advanced axioms...
🚀 APPLYING AXIOM IN SANDBOX: SPAWN_EXTRAPOLATE_TL_BR_8 (Tier: 6)
🚀 APPLYING AXIOM IN SANDBOX: SPAWN_EXTRAPOLATE_TL_BR_8 (Tier: 6)
🚀 APPLYING AXIOM IN SANDBOX: SPAWN_EXTRAPOLATE_TL_BR_8 (Tier: 6)
🚀 APPLYING AXIOM IN SANDBOX: SPAWN_EXTRAPOLATE_TL_BR_8 (Tier: 6)
🚀 APPLYING AXIOM IN SANDBOX: SPAWN_EXTRAPOLATE_TL_BR_8 (Tier: 6)
🚀 APPLYING AXIOM IN SANDBOX: SPAWN_EXTRAPOLATE_TL_BR_8 (Tier: 6)
🚀 APPLYING AXIOM IN SANDBOX: SPAWN_EXTRAPOLATE_TL_BR_8 (Tier: 6)
🚀 APPLYING AXIOM IN SANDBOX: SPAWN_EXTRAPOLATE_TL_BR_8 (Tier: 6)
🚀 APPLYING AXIOM IN SANDBOX: SPAWN_EXTRAPOLATE_TL_BR_8 (Tier: 6)
🚀 APPLYING AXIOM IN SANDBOX: SPAWN_EXTRAPOLATE_TL_BR_8 (Tier: 6)
🚀 APPLYING AXIOM IN SANDBOX: SPAWN_EXTRAPOLATE_TL_BR_8 (Tier: 6)
🚀 APPLYING AXIOM IN SANDBOX: SPAWN_EXTRAPOLATE_TL_BR_8 (Tier: 6)
🚀 APPLYING AXIOM IN SANDBOX: INTERSECTION_FILL_8 (Tier: 6)
🚀 APPLYING AXIOM IN SANDBOX: INTERSECTION_FILL_8 (Tier: 6)
🚀 APPLYING AXIOM IN SANDBOX: INTERSECTION_FILL_8 (Tier: 6)
🚀 APPLYING AXIOM IN SANDBOX: INTERSECTION_FILL_8 (Tier: 6)
🚀 APPLYING AXIOM IN SANDBOX: INTERSECTION_FILL_8 (Tier: 6)
🚀 APPLYING AXIOM IN SANDBOX: INTERSECTION_FILL_8 (Tier: 6)
🚀 APPLYING AXIOM IN SANDBOX: INTERSECTION_FILL_8 (Tier: 6)
🚀 APPLYING AXIOM IN SANDBOX: INTERSECTION_FILL_8 (Tier: 6)
🚀 APPLYING AXIOM IN SANDBOX: INTERSECTION_FILL_8 (Tier: 6)
🚀 APPLYING AXIOM IN SANDBOX: INTERSECTION_FILL_8 (Tier: 6)
🚀 APPLYING AXIOM IN SANDBOX: INTERSECTION_FILL_8 (Tier: 6)
🚀 APPLYING AXIOM IN SANDBOX: INTERSECTION_FILL_8 (Tier: 6)
🚀 APPLYING AXIOM IN SANDBOX: SPAWN_EXTRAPOLATE_TR_BL_8 (Tier: 6)
🚀 APPLYING AXIOM IN SANDBOX: SPAWN_EXTRAPOLATE_TR_BL_8 (Tier: 6)
🚀 APPLYING AXIOM IN SANDBOX: SPAWN_EXTRAPOLATE_TR_BL_8 (Tier: 6)
🚀 APPLYING AXIOM IN SANDBOX: SPAWN_EXTRAPOLATE_TR_BL_8 (Tier: 6)
🚀 APPLYING AXIOM IN SANDBOX: SPAWN_EXTRAPOLATE_TR_BL_8 (Tier: 6)
🚀 APPLYING AXIOM IN SANDBOX: SPAWN_EXTRAPOLATE_TR_BL_8 (Tier: 6)
🚀 APPLYING AXIOM IN SANDBOX: SPAWN_EXTRAPOLATE_TL_BR_8 (Tier: 6)
🚀 APPLYING AXIOM IN SANDBOX: SPAWN_EXTRAPOLATE_TL_BR_8 (Tier: 6)
🚀 APPLYING AXIOM IN SANDBOX: SPAWN_EXTRAPOLATE_TL_BR_8 (Tier: 6)
🚀 APPLYING AXIOM IN SANDBOX: SPAWN_EXTRAPOLATE_TL_BR_8 (Tier: 6)
🚀 APPLYING AXIOM IN SANDBOX: SPAWN_EXTRAPOLATE_TL_BR_8 (Tier: 6)
🚀 APPLYING AXIOM IN SANDBOX: SPAWN_EXTRAPOLATE_TL_BR_8 (Tier: 6)
🚀 APPLYING AXIOM IN SANDBOX: SPAWN_EXTRAPOLATE_TL_BR_8 (Tier: 6)
🚀 APPLYING AXIOM IN SANDBOX: SPAWN_EXTRAPOLATE_TL_BR_8 (Tier: 6)
🚀 APPLYING AXIOM IN SANDBOX: SPAWN_EXTRAPOLATE_TL_BR_8 (Tier: 6)
🚀 APPLYING AXIOM IN SANDBOX: SPAWN_EXTRAPOLATE_TL_BR_8 (Tier: 6)
🚀 APPLYING AXIOM IN SANDBOX: SPAWN_EXTRAPOLATE_TL_BR_8 (Tier: 6)
🚀 APPLYING AXIOM IN SANDBOX: SPAWN_EXTRAPOLATE_TL_BR_8 (Tier: 6)
🚀 APPLYING AXIOM IN SANDBOX: INTERSECTION_FILL_8 (Tier: 6)
🚀 APPLYING AXIOM IN SANDBOX: INTERSECTION_FILL_8 (Tier: 6)
🚀 APPLYING AXIOM IN SANDBOX: INTERSECTION_FILL_8 (Tier: 6)
🚀 APPLYING AXIOM IN SANDBOX: INTERSECTION_FILL_8 (Tier: 6)
🚀 APPLYING AXIOM IN SANDBOX: INTERSECTION_FILL_8 (Tier: 6)
🚀 APPLYING AXIOM IN SANDBOX: INTERSECTION_FILL_8 (Tier: 6)
🚀 APPLYING AXIOM IN SANDBOX: INTERSECTION_FILL_8 (Tier: 6)
🚀 APPLYING AXIOM IN SANDBOX: INTERSECTION_FILL_8 (Tier: 6)
🚀 APPLYING AXIOM IN SANDBOX: INTERSECTION_FILL_8 (Tier: 6)
🚀 APPLYING AXIOM IN SANDBOX: INTERSECTION_FILL_8 (Tier: 6)
🚀 APPLYING AXIOM IN SANDBOX: INTERSECTION_FILL_8 (Tier: 6)
🚀 APPLYING AXIOM IN SANDBOX: INTERSECTION_FILL_8 (Tier: 6)
🚀 APPLYING AXIOM IN SANDBOX: SPAWN_EXTRAPOLATE_TR_BL_8 (Tier: 6)
🚀 APPLYING AXIOM IN SANDBOX: SPAWN_EXTRAPOLATE_TR_BL_8 (Tier: 6)
🚀 APPLYING AXIOM IN SANDBOX: SPAWN_EXTRAPOLATE_TR_BL_8 (Tier: 6)
🚀 APPLYING AXIOM IN SANDBOX: SPAWN_EXTRAPOLATE_TR_BL_8 (Tier: 6)
🚀 APPLYING AXIOM IN SANDBOX: SPAWN_EXTRAPOLATE_TR_BL_8 (Tier: 6)
🚀 APPLYING AXIOM IN SANDBOX: SPAWN_EXTRAPOLATE_TR_BL_8 (Tier: 6)
   ⚡ Memulai MCTS dari ROOT ZERO-POINT dengan 4 amunisi unik...
🚀 APPLYING AXIOM IN SANDBOX: ROOT_START (Tier: 0)
🚀 APPLYING AXIOM IN SANDBOX: ROOT_START (Tier: 0)
🚀 APPLYING AXIOM IN SANDBOX: ROOT_START (Tier: 0)
[Depth 0] Axioms: ["ROOT_START"] | Pragmatic: -1500.00 | Epistemic: 0.00 | Prob: 0.9900 | Dim: 10x10
  ╭──────────────────────────────────────────────────────────────╮
  │  MCTS NODE [0] — Rank 1/2 │ Depth 0                       │
  ├──────────────────────────────────────────────────────────────┤
  │  P(dist): ━━━━━━━━━━━━━━━━━━━━━━━━━━━━━━ ●=0.990 μ=0.895 range[0.800, 0.990]   │
  │  Threshold: 0.050 ✓ SURVIVES                                │
  │  Energy Components:                                          │
  │    Pragmatic (E):  -1500.000  │  Goal-seeking error             │
  │    Epistemic (I):     0.000  │  Information gain               │
  │    Complexity (C):    0.000  │  Model complexity               │
  │    ───────────────────────────────────────────────────────── │
  │    Total Free Energy: -1500.000  │  G = E - I + C                  │
  ├──────────────────────────────────────────────────────────────┤
  │  Status: 🌿 EXPANDING (exploring policies...)                   │
  ╰──────────────────────────────────────────────────────────────╯
  [Memory]  Map (4/4): [████]
🚀 APPLYING AXIOM IN SANDBOX: SPAWN_EXTRAPOLATE_ORTHOGONAL_8 (Tier: 6)
🚀 APPLYING AXIOM IN SANDBOX: SPAWN_EXTRAPOLATE_ORTHOGONAL_8 (Tier: 6)
🚀 APPLYING AXIOM IN SANDBOX: SPAWN_EXTRAPOLATE_ORTHOGONAL_8 (Tier: 6)
[Depth 1] Axioms: ["ROOT_START", "SPAWN_EXTRAPOLATE_ORTHOGONAL_8"] | Pragmatic: 52.00 | Epistemic: 6.70 | Prob: 1.0000 | Dim: 10x10
  ╭──────────────────────────────────────────────────────────────╮
  │  MCTS NODE [0] — Rank 1/2 │ Depth 1                       │
  ├──────────────────────────────────────────────────────────────┤
  │  P(dist): ━━━━━━━━━━━━━━━━━━━━━━━━━━━━━━ ●=1.000 μ=0.900 range[0.800, 1.000]   │
  │  Threshold: 0.050 ✓ SURVIVES                                │
  │  Energy Components:                                          │
  │    Pragmatic (E):    52.000  │  Goal-seeking error             │
  │    Epistemic (I):     6.697  │  Information gain               │
  │    Complexity (C):    0.000  │  Model complexity               │
  │    ───────────────────────────────────────────────────────── │
  │    Total Free Energy:  45.303  │  G = E - I + C                  │
  ├──────────────────────────────────────────────────────────────┤
  │  Status: 🌿 EXPANDING (exploring policies...)                   │
  ╰──────────────────────────────────────────────────────────────╯
  [Memory]  Map (30/30): [██████████████████████████████]
🚀 APPLYING AXIOM IN SANDBOX: INTERSECTION_FILL_8 (Tier: 6)
🚀 APPLYING AXIOM IN SANDBOX: INTERSECTION_FILL_8 (Tier: 6)
🚀 APPLYING AXIOM IN SANDBOX: INTERSECTION_FILL_8 (Tier: 6)
[Depth 2] Axioms: ["ROOT_START", "SPAWN_EXTRAPOLATE_ORTHOGONAL_8", "INTERSECTION_FILL_8"] | Pragmatic: 75.00 | Epistemic: 8.00 | Prob: 1.0000 | Dim: 10x10
  ╭──────────────────────────────────────────────────────────────╮
  │  MCTS NODE [0] — Rank 1/2 │ Depth 2                       │
  ├──────────────────────────────────────────────────────────────┤
  │  P(dist): ━━━━━━━━━━━━━━━━━━━━━━━━━━━━━━ ●=1.000 μ=0.900 range[0.800, 1.000]   │
  │  Threshold: 0.050 ✓ SURVIVES                                │
  │  Energy Components:                                          │
  │    Pragmatic (E):    75.000  │  Goal-seeking error             │
  │    Epistemic (I):     7.998  │  Information gain               │
  │    Complexity (C):    0.000  │  Model complexity               │
  │    ───────────────────────────────────────────────────────── │
  │    Total Free Energy:  67.002  │  G = E - I + C                  │
  ├──────────────────────────────────────────────────────────────┤
  │  Status: ⏸️  PENDING (queued for evaluation)                   │
  ╰──────────────────────────────────────────────────────────────╯
  [Memory]  Map (37/37): [█████████████████████████████████████]
🚀 APPLYING AXIOM IN SANDBOX: SPAWN_EXTRAPOLATE_TL_BR_8 (Tier: 6)
🚀 APPLYING AXIOM IN SANDBOX: SPAWN_EXTRAPOLATE_TL_BR_8 (Tier: 6)
🚀 APPLYING AXIOM IN SANDBOX: SPAWN_EXTRAPOLATE_TL_BR_8 (Tier: 6)
[Depth 2] Axioms: ["ROOT_START", "SPAWN_EXTRAPOLATE_ORTHOGONAL_8", "SPAWN_EXTRAPOLATE_TL_BR_8"] | Pragmatic: 52.00 | Epistemic: 6.70 | Prob: 1.0000 | Dim: 10x10
  ╭──────────────────────────────────────────────────────────────╮
  │  MCTS NODE [0] — Rank 1/2 │ Depth 2                       │
  ├──────────────────────────────────────────────────────────────┤
  │  P(dist): ━━━━━━━━━━━━━━━━━━━━━━━━━━━━━━ ●=1.000 μ=0.900 range[0.800, 1.000]   │
  │  Threshold: 0.050 ✓ SURVIVES                                │
  │  Energy Components:                                          │
  │    Pragmatic (E):    52.000  │  Goal-seeking error             │
  │    Epistemic (I):     6.697  │  Information gain               │
  │    Complexity (C):    0.000  │  Model complexity               │
  │    ───────────────────────────────────────────────────────── │
  │    Total Free Energy:  45.303  │  G = E - I + C                  │
  ├──────────────────────────────────────────────────────────────┤
  │  Status: ⏸️  PENDING (queued for evaluation)                   │
  ╰──────────────────────────────────────────────────────────────╯
  [Memory]  Map (30/30): [██████████████████████████████]
🚀 APPLYING AXIOM IN SANDBOX: SPAWN_EXTRAPOLATE_TR_BL_8 (Tier: 6)
🚀 APPLYING AXIOM IN SANDBOX: SPAWN_EXTRAPOLATE_TR_BL_8 (Tier: 6)
🚀 APPLYING AXIOM IN SANDBOX: SPAWN_EXTRAPOLATE_TR_BL_8 (Tier: 6)
[Depth 1] Axioms: ["ROOT_START", "SPAWN_EXTRAPOLATE_TR_BL_8"] | Pragmatic: 52.00 | Epistemic: 6.70 | Prob: 1.0000 | Dim: 10x10
  ╭──────────────────────────────────────────────────────────────╮
  │  MCTS NODE [0] — Rank 1/2 │ Depth 1                       │
  ├──────────────────────────────────────────────────────────────┤
  │  P(dist): ━━━━━━━━━━━━━━━━━━━━━━━━━━━━━━ ●=1.000 μ=0.900 range[0.800, 1.000]   │
  │  Threshold: 0.050 ✓ SURVIVES                                │
  │  Energy Components:                                          │
  │    Pragmatic (E):    52.000  │  Goal-seeking error             │
  │    Epistemic (I):     6.697  │  Information gain               │
  │    Complexity (C):    0.000  │  Model complexity               │
  │    ───────────────────────────────────────────────────────── │
  │    Total Free Energy:  45.303  │  G = E - I + C                  │
  ├──────────────────────────────────────────────────────────────┤
  │  Status: 🌿 EXPANDING (exploring policies...)                   │
  ╰──────────────────────────────────────────────────────────────╯
  [Memory]  Map (30/30): [██████████████████████████████]
🚀 APPLYING AXIOM IN SANDBOX: INTERSECTION_FILL_8 (Tier: 6)
🚀 APPLYING AXIOM IN SANDBOX: INTERSECTION_FILL_8 (Tier: 6)
🚀 APPLYING AXIOM IN SANDBOX: INTERSECTION_FILL_8 (Tier: 6)
[Depth 2] Axioms: ["ROOT_START", "SPAWN_EXTRAPOLATE_TR_BL_8", "INTERSECTION_FILL_8"] | Pragmatic: 75.00 | Epistemic: 8.00 | Prob: 1.0000 | Dim: 10x10
  ╭──────────────────────────────────────────────────────────────╮
  │  MCTS NODE [0] — Rank 1/2 │ Depth 2                       │
  ├──────────────────────────────────────────────────────────────┤
  │  P(dist): ━━━━━━━━━━━━━━━━━━━━━━━━━━━━━━ ●=1.000 μ=0.900 range[0.800, 1.000]   │
  │  Threshold: 0.050 ✓ SURVIVES                                │
  │  Energy Components:                                          │
  │    Pragmatic (E):    75.000  │  Goal-seeking error             │
  │    Epistemic (I):     7.998  │  Information gain               │
  │    Complexity (C):    0.000  │  Model complexity               │
  │    ───────────────────────────────────────────────────────── │
  │    Total Free Energy:  67.002  │  G = E - I + C                  │
  ├──────────────────────────────────────────────────────────────┤
  │  Status: ⏸️  PENDING (queued for evaluation)                   │
  ╰──────────────────────────────────────────────────────────────╯
  [Memory]  Map (37/37): [█████████████████████████████████████]
🚀 APPLYING AXIOM IN SANDBOX: SPAWN_EXTRAPOLATE_TL_BR_8 (Tier: 6)
🚀 APPLYING AXIOM IN SANDBOX: SPAWN_EXTRAPOLATE_TL_BR_8 (Tier: 6)
🚀 APPLYING AXIOM IN SANDBOX: SPAWN_EXTRAPOLATE_TL_BR_8 (Tier: 6)
[Depth 2] Axioms: ["ROOT_START", "SPAWN_EXTRAPOLATE_TR_BL_8", "SPAWN_EXTRAPOLATE_TL_BR_8"] | Pragmatic: 52.00 | Epistemic: 6.70 | Prob: 1.0000 | Dim: 10x10
  ╭──────────────────────────────────────────────────────────────╮
  │  MCTS NODE [0] — Rank 1/2 │ Depth 2                       │
  ├──────────────────────────────────────────────────────────────┤
  │  P(dist): ━━━━━━━━━━━━━━━━━━━━━━━━━━━━━━ ●=1.000 μ=0.900 range[0.800, 1.000]   │
  │  Threshold: 0.050 ✓ SURVIVES                                │
  │  Energy Components:                                          │
  │    Pragmatic (E):    52.000  │  Goal-seeking error             │
  │    Epistemic (I):     6.697  │  Information gain               │
  │    Complexity (C):    0.000  │  Model complexity               │
  │    ───────────────────────────────────────────────────────── │
  │    Total Free Energy:  45.303  │  G = E - I + C                  │
  ├──────────────────────────────────────────────────────────────┤
  │  Status: ⏸️  PENDING (queued for evaluation)                   │
  ╰──────────────────────────────────────────────────────────────╯
  [Memory]  Map (30/30): [██████████████████████████████]
🚀 APPLYING AXIOM IN SANDBOX: INTERSECTION_FILL_8 (Tier: 6)
🚀 APPLYING AXIOM IN SANDBOX: INTERSECTION_FILL_8 (Tier: 6)
🚀 APPLYING AXIOM IN SANDBOX: INTERSECTION_FILL_8 (Tier: 6)
[Depth 1] Axioms: ["ROOT_START", "INTERSECTION_FILL_8"] | Pragmatic: 58.00 | Epistemic: 6.92 | Prob: 1.0000 | Dim: 10x10
  ╭──────────────────────────────────────────────────────────────╮
  │  MCTS NODE [0] — Rank 1/2 │ Depth 1                       │
  ├──────────────────────────────────────────────────────────────┤
  │  P(dist): ━━━━━━━━━━━━━━━━━━━━━━━━━━━━━━ ●=1.000 μ=0.900 range[0.800, 1.000]   │
  │  Threshold: 0.050 ✓ SURVIVES                                │
  │  Energy Components:                                          │
  │    Pragmatic (E):    58.000  │  Goal-seeking error             │
  │    Epistemic (I):     6.919  │  Information gain               │
  │    Complexity (C):    0.000  │  Model complexity               │
  │    ───────────────────────────────────────────────────────── │
  │    Total Free Energy:  51.081  │  G = E - I + C                  │
  ├──────────────────────────────────────────────────────────────┤
  │  Status: 🌿 EXPANDING (exploring policies...)                   │
  ╰──────────────────────────────────────────────────────────────╯
  [Memory]  Map (22/22): [██████████████████████]
🚀 APPLYING AXIOM IN SANDBOX: SPAWN_EXTRAPOLATE_TR_BL_8 (Tier: 6)
🚀 APPLYING AXIOM IN SANDBOX: SPAWN_EXTRAPOLATE_TR_BL_8 (Tier: 6)
🚀 APPLYING AXIOM IN SANDBOX: SPAWN_EXTRAPOLATE_TR_BL_8 (Tier: 6)
[Depth 2] Axioms: ["ROOT_START", "INTERSECTION_FILL_8", "SPAWN_EXTRAPOLATE_TR_BL_8"] | Pragmatic: 50.00 | Epistemic: 7.43 | Prob: 1.0000 | Dim: 10x10
  ╭──────────────────────────────────────────────────────────────╮
  │  MCTS NODE [0] — Rank 1/2 │ Depth 2                       │
  ├──────────────────────────────────────────────────────────────┤
  │  P(dist): ━━━━━━━━━━━━━━━━━━━━━━━━━━━━━━ ●=1.000 μ=0.900 range[0.800, 1.000]   │
  │  Threshold: 0.050 ✓ SURVIVES                                │
  │  Energy Components:                                          │
  │    Pragmatic (E):    50.000  │  Goal-seeking error             │
  │    Epistemic (I):     7.430  │  Information gain               │
  │    Complexity (C):    0.000  │  Model complexity               │
  │    ───────────────────────────────────────────────────────── │
  │    Total Free Energy:  42.570  │  G = E - I + C                  │
  ├──────────────────────────────────────────────────────────────┤
  │  Status: ⏸️  PENDING (queued for evaluation)                   │
  ╰──────────────────────────────────────────────────────────────╯
  [Memory]  Map (22/22): [██████████████████████]
🚀 APPLYING AXIOM IN SANDBOX: SPAWN_EXTRAPOLATE_TL_BR_8 (Tier: 6)
🚀 APPLYING AXIOM IN SANDBOX: SPAWN_EXTRAPOLATE_TL_BR_8 (Tier: 6)
🚀 APPLYING AXIOM IN SANDBOX: SPAWN_EXTRAPOLATE_TL_BR_8 (Tier: 6)
[Depth 2] Axioms: ["ROOT_START", "INTERSECTION_FILL_8", "SPAWN_EXTRAPOLATE_TL_BR_8"] | Pragmatic: 50.00 | Epistemic: 7.43 | Prob: 1.0000 | Dim: 10x10
  ╭──────────────────────────────────────────────────────────────╮
  │  MCTS NODE [0] — Rank 1/2 │ Depth 2                       │
  ├──────────────────────────────────────────────────────────────┤
  │  P(dist): ━━━━━━━━━━━━━━━━━━━━━━━━━━━━━━ ●=1.000 μ=0.900 range[0.800, 1.000]   │
  │  Threshold: 0.050 ✓ SURVIVES                                │
  │  Energy Components:                                          │
  │    Pragmatic (E):    50.000  │  Goal-seeking error             │
  │    Epistemic (I):     7.430  │  Information gain               │
  │    Complexity (C):    0.000  │  Model complexity               │
  │    ───────────────────────────────────────────────────────── │
  │    Total Free Energy:  42.570  │  G = E - I + C                  │
  ├──────────────────────────────────────────────────────────────┤
  │  Status: ⏸️  PENDING (queued for evaluation)                   │
  ╰──────────────────────────────────────────────────────────────╯
  [Memory]  Map (22/22): [██████████████████████]
🚀 APPLYING AXIOM IN SANDBOX: SPAWN_EXTRAPOLATE_TL_BR_8 (Tier: 6)
🚀 APPLYING AXIOM IN SANDBOX: SPAWN_EXTRAPOLATE_TL_BR_8 (Tier: 6)
🚀 APPLYING AXIOM IN SANDBOX: SPAWN_EXTRAPOLATE_TL_BR_8 (Tier: 6)
[Depth 1] Axioms: ["ROOT_START", "SPAWN_EXTRAPOLATE_TL_BR_8"] | Pragmatic: 52.00 | Epistemic: 6.70 | Prob: 1.0000 | Dim: 10x10
  ╭──────────────────────────────────────────────────────────────╮
  │  MCTS NODE [0] — Rank 1/2 │ Depth 1                       │
  ├──────────────────────────────────────────────────────────────┤
  │  P(dist): ━━━━━━━━━━━━━━━━━━━━━━━━━━━━━━ ●=1.000 μ=0.900 range[0.800, 1.000]   │
  │  Threshold: 0.050 ✓ SURVIVES                                │
  │  Energy Components:                                          │
  │    Pragmatic (E):    52.000  │  Goal-seeking error             │
  │    Epistemic (I):     6.697  │  Information gain               │
  │    Complexity (C):    0.000  │  Model complexity               │
  │    ───────────────────────────────────────────────────────── │
  │    Total Free Energy:  45.303  │  G = E - I + C                  │
  ├──────────────────────────────────────────────────────────────┤
  │  Status: 🌿 EXPANDING (exploring policies...)                   │
  ╰──────────────────────────────────────────────────────────────╯
  [Memory]  Map (30/30): [██████████████████████████████]
🚀 APPLYING AXIOM IN SANDBOX: SPAWN_EXTRAPOLATE_TR_BL_8 (Tier: 6)
🚀 APPLYING AXIOM IN SANDBOX: SPAWN_EXTRAPOLATE_TR_BL_8 (Tier: 6)
🚀 APPLYING AXIOM IN SANDBOX: SPAWN_EXTRAPOLATE_TR_BL_8 (Tier: 6)
[Depth 2] Axioms: ["ROOT_START", "SPAWN_EXTRAPOLATE_TL_BR_8", "SPAWN_EXTRAPOLATE_TR_BL_8"] | Pragmatic: 52.00 | Epistemic: 6.70 | Prob: 1.0000 | Dim: 10x10
  ╭──────────────────────────────────────────────────────────────╮
  │  MCTS NODE [0] — Rank 1/2 │ Depth 2                       │
  ├──────────────────────────────────────────────────────────────┤
  │  P(dist): ━━━━━━━━━━━━━━━━━━━━━━━━━━━━━━ ●=1.000 μ=0.900 range[0.800, 1.000]   │
  │  Threshold: 0.050 ✓ SURVIVES                                │
  │  Energy Components:                                          │
  │    Pragmatic (E):    52.000  │  Goal-seeking error             │
  │    Epistemic (I):     6.697  │  Information gain               │
  │    Complexity (C):    0.000  │  Model complexity               │
  │    ───────────────────────────────────────────────────────── │
  │    Total Free Energy:  45.303  │  G = E - I + C                  │
  ├──────────────────────────────────────────────────────────────┤
  │  Status: ⏸️  PENDING (queued for evaluation)                   │
  ╰──────────────────────────────────────────────────────────────╯
  [Memory]  Map (30/30): [██████████████████████████████]
🚀 APPLYING AXIOM IN SANDBOX: INTERSECTION_FILL_8 (Tier: 6)
🚀 APPLYING AXIOM IN SANDBOX: INTERSECTION_FILL_8 (Tier: 6)
🚀 APPLYING AXIOM IN SANDBOX: INTERSECTION_FILL_8 (Tier: 6)
[Depth 2] Axioms: ["ROOT_START", "SPAWN_EXTRAPOLATE_TL_BR_8", "INTERSECTION_FILL_8"] | Pragmatic: 75.00 | Epistemic: 8.00 | Prob: 1.0000 | Dim: 10x10
  ╭──────────────────────────────────────────────────────────────╮
  │  MCTS NODE [0] — Rank 1/2 │ Depth 2                       │
  ├──────────────────────────────────────────────────────────────┤
  │  P(dist): ━━━━━━━━━━━━━━━━━━━━━━━━━━━━━━ ●=1.000 μ=0.900 range[0.800, 1.000]   │
  │  Threshold: 0.050 ✓ SURVIVES                                │
  │  Energy Components:                                          │
  │    Pragmatic (E):    75.000  │  Goal-seeking error             │
  │    Epistemic (I):     7.998  │  Information gain               │
  │    Complexity (C):    0.000  │  Model complexity               │
  │    ───────────────────────────────────────────────────────── │
  │    Total Free Energy:  67.002  │  G = E - I + C                  │
  ├──────────────────────────────────────────────────────────────┤
  │  Status: ⏸️  PENDING (queued for evaluation)                   │
  ╰──────────────────────────────────────────────────────────────╯
  [Memory]  Map (37/37): [█████████████████████████████████████]
   🔍 Search Attempt 4: Exploring top 20 advanced axioms...
🚀 APPLYING AXIOM IN SANDBOX: SPAWN_EXTRAPOLATE_TL_BR_8 (Tier: 6)
🚀 APPLYING AXIOM IN SANDBOX: SPAWN_EXTRAPOLATE_TL_BR_8 (Tier: 6)
🚀 APPLYING AXIOM IN SANDBOX: SPAWN_EXTRAPOLATE_TL_BR_8 (Tier: 6)
🚀 APPLYING AXIOM IN SANDBOX: SPAWN_EXTRAPOLATE_TL_BR_8 (Tier: 6)
🚀 APPLYING AXIOM IN SANDBOX: SPAWN_EXTRAPOLATE_TL_BR_8 (Tier: 6)
🚀 APPLYING AXIOM IN SANDBOX: SPAWN_EXTRAPOLATE_TL_BR_8 (Tier: 6)
🚀 APPLYING AXIOM IN SANDBOX: SPAWN_EXTRAPOLATE_TL_BR_8 (Tier: 6)
🚀 APPLYING AXIOM IN SANDBOX: SPAWN_EXTRAPOLATE_TL_BR_8 (Tier: 6)
🚀 APPLYING AXIOM IN SANDBOX: SPAWN_EXTRAPOLATE_TL_BR_8 (Tier: 6)
🚀 APPLYING AXIOM IN SANDBOX: SPAWN_EXTRAPOLATE_TL_BR_8 (Tier: 6)
🚀 APPLYING AXIOM IN SANDBOX: SPAWN_EXTRAPOLATE_TL_BR_8 (Tier: 6)
🚀 APPLYING AXIOM IN SANDBOX: SPAWN_EXTRAPOLATE_TL_BR_8 (Tier: 6)
🚀 APPLYING AXIOM IN SANDBOX: INTERSECTION_FILL_8 (Tier: 6)
🚀 APPLYING AXIOM IN SANDBOX: INTERSECTION_FILL_8 (Tier: 6)
🚀 APPLYING AXIOM IN SANDBOX: INTERSECTION_FILL_8 (Tier: 6)
🚀 APPLYING AXIOM IN SANDBOX: INTERSECTION_FILL_8 (Tier: 6)
🚀 APPLYING AXIOM IN SANDBOX: INTERSECTION_FILL_8 (Tier: 6)
🚀 APPLYING AXIOM IN SANDBOX: INTERSECTION_FILL_8 (Tier: 6)
🚀 APPLYING AXIOM IN SANDBOX: INTERSECTION_FILL_8 (Tier: 6)
🚀 APPLYING AXIOM IN SANDBOX: INTERSECTION_FILL_8 (Tier: 6)
🚀 APPLYING AXIOM IN SANDBOX: INTERSECTION_FILL_8 (Tier: 6)
🚀 APPLYING AXIOM IN SANDBOX: INTERSECTION_FILL_8 (Tier: 6)
🚀 APPLYING AXIOM IN SANDBOX: INTERSECTION_FILL_8 (Tier: 6)
🚀 APPLYING AXIOM IN SANDBOX: INTERSECTION_FILL_8 (Tier: 6)
🚀 APPLYING AXIOM IN SANDBOX: SPAWN_EXTRAPOLATE_TR_BL_8 (Tier: 6)
🚀 APPLYING AXIOM IN SANDBOX: SPAWN_EXTRAPOLATE_TR_BL_8 (Tier: 6)
🚀 APPLYING AXIOM IN SANDBOX: SPAWN_EXTRAPOLATE_TR_BL_8 (Tier: 6)
🚀 APPLYING AXIOM IN SANDBOX: SPAWN_EXTRAPOLATE_TR_BL_8 (Tier: 6)
🚀 APPLYING AXIOM IN SANDBOX: SPAWN_EXTRAPOLATE_TR_BL_8 (Tier: 6)
🚀 APPLYING AXIOM IN SANDBOX: SPAWN_EXTRAPOLATE_TR_BL_8 (Tier: 6)
🚀 APPLYING AXIOM IN SANDBOX: SPAWN_EXTRAPOLATE_TR_BL_8 (Tier: 6)
🚀 APPLYING AXIOM IN SANDBOX: SPAWN_EXTRAPOLATE_TR_BL_8 (Tier: 6)
🚀 APPLYING AXIOM IN SANDBOX: SPAWN_EXTRAPOLATE_TR_BL_8 (Tier: 6)
🚀 APPLYING AXIOM IN SANDBOX: SPAWN_EXTRAPOLATE_TR_BL_8 (Tier: 6)
🚀 APPLYING AXIOM IN SANDBOX: SPAWN_EXTRAPOLATE_TR_BL_8 (Tier: 6)
🚀 APPLYING AXIOM IN SANDBOX: SPAWN_EXTRAPOLATE_TR_BL_8 (Tier: 6)
🚀 APPLYING AXIOM IN SANDBOX: SPAWN_EXTRAPOLATE_ORTHOGONAL_8 (Tier: 6)
🚀 APPLYING AXIOM IN SANDBOX: SPAWN_EXTRAPOLATE_ORTHOGONAL_8 (Tier: 6)
🚀 APPLYING AXIOM IN SANDBOX: SPAWN_EXTRAPOLATE_ORTHOGONAL_8 (Tier: 6)
🚀 APPLYING AXIOM IN SANDBOX: SPAWN_EXTRAPOLATE_ORTHOGONAL_8 (Tier: 6)
🚀 APPLYING AXIOM IN SANDBOX: SPAWN_EXTRAPOLATE_ORTHOGONAL_8 (Tier: 6)
🚀 APPLYING AXIOM IN SANDBOX: SPAWN_EXTRAPOLATE_ORTHOGONAL_8 (Tier: 6)
🚀 APPLYING AXIOM IN SANDBOX: SPAWN_EXTRAPOLATE_ORTHOGONAL_8 (Tier: 6)
🚀 APPLYING AXIOM IN SANDBOX: SPAWN_EXTRAPOLATE_ORTHOGONAL_8 (Tier: 6)
🚀 APPLYING AXIOM IN SANDBOX: SPAWN_EXTRAPOLATE_ORTHOGONAL_8 (Tier: 6)
🚀 APPLYING AXIOM IN SANDBOX: SPAWN_EXTRAPOLATE_ORTHOGONAL_8 (Tier: 6)
🚀 APPLYING AXIOM IN SANDBOX: SPAWN_EXTRAPOLATE_ORTHOGONAL_8 (Tier: 6)
🚀 APPLYING AXIOM IN SANDBOX: SPAWN_EXTRAPOLATE_ORTHOGONAL_8 (Tier: 6)
🚀 APPLYING AXIOM IN SANDBOX: SPAWN_EXTRAPOLATE_TL_BR_8 (Tier: 6)
🚀 APPLYING AXIOM IN SANDBOX: SPAWN_EXTRAPOLATE_TL_BR_8 (Tier: 6)
🚀 APPLYING AXIOM IN SANDBOX: SPAWN_EXTRAPOLATE_TL_BR_8 (Tier: 6)
🚀 APPLYING AXIOM IN SANDBOX: SPAWN_EXTRAPOLATE_TL_BR_8 (Tier: 6)
🚀 APPLYING AXIOM IN SANDBOX: SPAWN_EXTRAPOLATE_TL_BR_8 (Tier: 6)
🚀 APPLYING AXIOM IN SANDBOX: SPAWN_EXTRAPOLATE_TL_BR_8 (Tier: 6)
🚀 APPLYING AXIOM IN SANDBOX: SPAWN_EXTRAPOLATE_TL_BR_8 (Tier: 6)
🚀 APPLYING AXIOM IN SANDBOX: SPAWN_EXTRAPOLATE_TL_BR_8 (Tier: 6)
🚀 APPLYING AXIOM IN SANDBOX: SPAWN_EXTRAPOLATE_TL_BR_8 (Tier: 6)
🚀 APPLYING AXIOM IN SANDBOX: SPAWN_EXTRAPOLATE_TL_BR_8 (Tier: 6)
🚀 APPLYING AXIOM IN SANDBOX: SPAWN_EXTRAPOLATE_TL_BR_8 (Tier: 6)
🚀 APPLYING AXIOM IN SANDBOX: SPAWN_EXTRAPOLATE_TL_BR_8 (Tier: 6)
🚀 APPLYING AXIOM IN SANDBOX: INTERSECTION_FILL_8 (Tier: 6)
🚀 APPLYING AXIOM IN SANDBOX: INTERSECTION_FILL_8 (Tier: 6)
🚀 APPLYING AXIOM IN SANDBOX: INTERSECTION_FILL_8 (Tier: 6)
🚀 APPLYING AXIOM IN SANDBOX: INTERSECTION_FILL_8 (Tier: 6)
🚀 APPLYING AXIOM IN SANDBOX: INTERSECTION_FILL_8 (Tier: 6)
🚀 APPLYING AXIOM IN SANDBOX: INTERSECTION_FILL_8 (Tier: 6)
🚀 APPLYING AXIOM IN SANDBOX: INTERSECTION_FILL_8 (Tier: 6)
🚀 APPLYING AXIOM IN SANDBOX: INTERSECTION_FILL_8 (Tier: 6)
🚀 APPLYING AXIOM IN SANDBOX: INTERSECTION_FILL_8 (Tier: 6)
🚀 APPLYING AXIOM IN SANDBOX: INTERSECTION_FILL_8 (Tier: 6)
🚀 APPLYING AXIOM IN SANDBOX: INTERSECTION_FILL_8 (Tier: 6)
🚀 APPLYING AXIOM IN SANDBOX: INTERSECTION_FILL_8 (Tier: 6)
🚀 APPLYING AXIOM IN SANDBOX: SPAWN_EXTRAPOLATE_TR_BL_8 (Tier: 6)
🚀 APPLYING AXIOM IN SANDBOX: SPAWN_EXTRAPOLATE_TR_BL_8 (Tier: 6)
🚀 APPLYING AXIOM IN SANDBOX: SPAWN_EXTRAPOLATE_TR_BL_8 (Tier: 6)
🚀 APPLYING AXIOM IN SANDBOX: SPAWN_EXTRAPOLATE_TR_BL_8 (Tier: 6)
🚀 APPLYING AXIOM IN SANDBOX: SPAWN_EXTRAPOLATE_TR_BL_8 (Tier: 6)
🚀 APPLYING AXIOM IN SANDBOX: SPAWN_EXTRAPOLATE_TR_BL_8 (Tier: 6)
🚀 APPLYING AXIOM IN SANDBOX: SPAWN_EXTRAPOLATE_TR_BL_8 (Tier: 6)
🚀 APPLYING AXIOM IN SANDBOX: SPAWN_EXTRAPOLATE_TR_BL_8 (Tier: 6)
🚀 APPLYING AXIOM IN SANDBOX: SPAWN_EXTRAPOLATE_TR_BL_8 (Tier: 6)
🚀 APPLYING AXIOM IN SANDBOX: SPAWN_EXTRAPOLATE_TR_BL_8 (Tier: 6)
🚀 APPLYING AXIOM IN SANDBOX: SPAWN_EXTRAPOLATE_TR_BL_8 (Tier: 6)
🚀 APPLYING AXIOM IN SANDBOX: SPAWN_EXTRAPOLATE_TR_BL_8 (Tier: 6)
🚀 APPLYING AXIOM IN SANDBOX: SPAWN_EXTRAPOLATE_ORTHOGONAL_8 (Tier: 6)
🚀 APPLYING AXIOM IN SANDBOX: SPAWN_EXTRAPOLATE_ORTHOGONAL_8 (Tier: 6)
🚀 APPLYING AXIOM IN SANDBOX: SPAWN_EXTRAPOLATE_ORTHOGONAL_8 (Tier: 6)
🚀 APPLYING AXIOM IN SANDBOX: SPAWN_EXTRAPOLATE_ORTHOGONAL_8 (Tier: 6)
🚀 APPLYING AXIOM IN SANDBOX: SPAWN_EXTRAPOLATE_ORTHOGONAL_8 (Tier: 6)
🚀 APPLYING AXIOM IN SANDBOX: SPAWN_EXTRAPOLATE_ORTHOGONAL_8 (Tier: 6)
🚀 APPLYING AXIOM IN SANDBOX: SPAWN_EXTRAPOLATE_ORTHOGONAL_8 (Tier: 6)
🚀 APPLYING AXIOM IN SANDBOX: SPAWN_EXTRAPOLATE_ORTHOGONAL_8 (Tier: 6)
🚀 APPLYING AXIOM IN SANDBOX: SPAWN_EXTRAPOLATE_ORTHOGONAL_8 (Tier: 6)
🚀 APPLYING AXIOM IN SANDBOX: SPAWN_EXTRAPOLATE_ORTHOGONAL_8 (Tier: 6)
🚀 APPLYING AXIOM IN SANDBOX: SPAWN_EXTRAPOLATE_ORTHOGONAL_8 (Tier: 6)
🚀 APPLYING AXIOM IN SANDBOX: SPAWN_EXTRAPOLATE_ORTHOGONAL_8 (Tier: 6)
   ⚡ Memulai MCTS dari ROOT ZERO-POINT dengan 4 amunisi unik...
🚀 APPLYING AXIOM IN SANDBOX: ROOT_START (Tier: 0)
🚀 APPLYING AXIOM IN SANDBOX: ROOT_START (Tier: 0)
🚀 APPLYING AXIOM IN SANDBOX: ROOT_START (Tier: 0)
[Depth 0] Axioms: ["ROOT_START"] | Pragmatic: -1500.00 | Epistemic: 0.00 | Prob: 0.9900 | Dim: 10x10
  ╭──────────────────────────────────────────────────────────────╮
  │  MCTS NODE [0] — Rank 1/2 │ Depth 0                       │
  ├──────────────────────────────────────────────────────────────┤
  │  P(dist): ━━━━━━━━━━━━━━━━━━━━━━━━━━━━━━ ●=0.990 μ=0.895 range[0.800, 0.990]   │
  │  Threshold: 0.050 ✓ SURVIVES                                │
  │  Energy Components:                                          │
  │    Pragmatic (E):  -1500.000  │  Goal-seeking error             │
  │    Epistemic (I):     0.000  │  Information gain               │
  │    Complexity (C):    0.000  │  Model complexity               │
  │    ───────────────────────────────────────────────────────── │
  │    Total Free Energy: -1500.000  │  G = E - I + C                  │
  ├──────────────────────────────────────────────────────────────┤
  │  Status: 🌿 EXPANDING (exploring policies...)                   │
  ╰──────────────────────────────────────────────────────────────╯
  [Memory]  Map (4/4): [████]
🚀 APPLYING AXIOM IN SANDBOX: SPAWN_EXTRAPOLATE_ORTHOGONAL_8 (Tier: 6)
🚀 APPLYING AXIOM IN SANDBOX: SPAWN_EXTRAPOLATE_ORTHOGONAL_8 (Tier: 6)
🚀 APPLYING AXIOM IN SANDBOX: SPAWN_EXTRAPOLATE_ORTHOGONAL_8 (Tier: 6)
[Depth 1] Axioms: ["ROOT_START", "SPAWN_EXTRAPOLATE_ORTHOGONAL_8"] | Pragmatic: 52.00 | Epistemic: 6.70 | Prob: 1.0000 | Dim: 10x10
  ╭──────────────────────────────────────────────────────────────╮
  │  MCTS NODE [0] — Rank 1/2 │ Depth 1                       │
  ├──────────────────────────────────────────────────────────────┤
  │  P(dist): ━━━━━━━━━━━━━━━━━━━━━━━━━━━━━━ ●=1.000 μ=0.900 range[0.800, 1.000]   │
  │  Threshold: 0.050 ✓ SURVIVES                                │
  │  Energy Components:                                          │
  │    Pragmatic (E):    52.000  │  Goal-seeking error             │
  │    Epistemic (I):     6.697  │  Information gain               │
  │    Complexity (C):    0.000  │  Model complexity               │
  │    ───────────────────────────────────────────────────────── │
  │    Total Free Energy:  45.303  │  G = E - I + C                  │
  ├──────────────────────────────────────────────────────────────┤
  │  Status: 🌿 EXPANDING (exploring policies...)                   │
  ╰──────────────────────────────────────────────────────────────╯
  [Memory]  Map (30/30): [██████████████████████████████]
🚀 APPLYING AXIOM IN SANDBOX: INTERSECTION_FILL_8 (Tier: 6)
🚀 APPLYING AXIOM IN SANDBOX: INTERSECTION_FILL_8 (Tier: 6)
🚀 APPLYING AXIOM IN SANDBOX: INTERSECTION_FILL_8 (Tier: 6)
[Depth 2] Axioms: ["ROOT_START", "SPAWN_EXTRAPOLATE_ORTHOGONAL_8", "INTERSECTION_FILL_8"] | Pragmatic: 75.00 | Epistemic: 8.00 | Prob: 1.0000 | Dim: 10x10
  ╭──────────────────────────────────────────────────────────────╮
  │  MCTS NODE [0] — Rank 1/2 │ Depth 2                       │
  ├──────────────────────────────────────────────────────────────┤
  │  P(dist): ━━━━━━━━━━━━━━━━━━━━━━━━━━━━━━ ●=1.000 μ=0.900 range[0.800, 1.000]   │
  │  Threshold: 0.050 ✓ SURVIVES                                │
  │  Energy Components:                                          │
  │    Pragmatic (E):    75.000  │  Goal-seeking error             │
  │    Epistemic (I):     7.998  │  Information gain               │
  │    Complexity (C):    0.000  │  Model complexity               │
  │    ───────────────────────────────────────────────────────── │
  │    Total Free Energy:  67.002  │  G = E - I + C                  │
  ├──────────────────────────────────────────────────────────────┤
  │  Status: ⏸️  PENDING (queued for evaluation)                   │
  ╰──────────────────────────────────────────────────────────────╯
  [Memory]  Map (37/37): [█████████████████████████████████████]
🚀 APPLYING AXIOM IN SANDBOX: SPAWN_EXTRAPOLATE_TL_BR_8 (Tier: 6)
🚀 APPLYING AXIOM IN SANDBOX: SPAWN_EXTRAPOLATE_TL_BR_8 (Tier: 6)
🚀 APPLYING AXIOM IN SANDBOX: SPAWN_EXTRAPOLATE_TL_BR_8 (Tier: 6)
[Depth 2] Axioms: ["ROOT_START", "SPAWN_EXTRAPOLATE_ORTHOGONAL_8", "SPAWN_EXTRAPOLATE_TL_BR_8"] | Pragmatic: 52.00 | Epistemic: 6.70 | Prob: 1.0000 | Dim: 10x10
  ╭──────────────────────────────────────────────────────────────╮
  │  MCTS NODE [0] — Rank 1/2 │ Depth 2                       │
  ├──────────────────────────────────────────────────────────────┤
  │  P(dist): ━━━━━━━━━━━━━━━━━━━━━━━━━━━━━━ ●=1.000 μ=0.900 range[0.800, 1.000]   │
  │  Threshold: 0.050 ✓ SURVIVES                                │
  │  Energy Components:                                          │
  │    Pragmatic (E):    52.000  │  Goal-seeking error             │
  │    Epistemic (I):     6.697  │  Information gain               │
  │    Complexity (C):    0.000  │  Model complexity               │
  │    ───────────────────────────────────────────────────────── │
  │    Total Free Energy:  45.303  │  G = E - I + C                  │
  ├──────────────────────────────────────────────────────────────┤
  │  Status: ⏸️  PENDING (queued for evaluation)                   │
  ╰──────────────────────────────────────────────────────────────╯
  [Memory]  Map (30/30): [██████████████████████████████]
🚀 APPLYING AXIOM IN SANDBOX: SPAWN_EXTRAPOLATE_TR_BL_8 (Tier: 6)
🚀 APPLYING AXIOM IN SANDBOX: SPAWN_EXTRAPOLATE_TR_BL_8 (Tier: 6)
🚀 APPLYING AXIOM IN SANDBOX: SPAWN_EXTRAPOLATE_TR_BL_8 (Tier: 6)
[Depth 1] Axioms: ["ROOT_START", "SPAWN_EXTRAPOLATE_TR_BL_8"] | Pragmatic: 52.00 | Epistemic: 6.70 | Prob: 1.0000 | Dim: 10x10
  ╭──────────────────────────────────────────────────────────────╮
  │  MCTS NODE [0] — Rank 1/2 │ Depth 1                       │
  ├──────────────────────────────────────────────────────────────┤
  │  P(dist): ━━━━━━━━━━━━━━━━━━━━━━━━━━━━━━ ●=1.000 μ=0.900 range[0.800, 1.000]   │
  │  Threshold: 0.050 ✓ SURVIVES                                │
  │  Energy Components:                                          │
  │    Pragmatic (E):    52.000  │  Goal-seeking error             │
  │    Epistemic (I):     6.697  │  Information gain               │
  │    Complexity (C):    0.000  │  Model complexity               │
  │    ───────────────────────────────────────────────────────── │
  │    Total Free Energy:  45.303  │  G = E - I + C                  │
  ├──────────────────────────────────────────────────────────────┤
  │  Status: 🌿 EXPANDING (exploring policies...)                   │
  ╰──────────────────────────────────────────────────────────────╯
  [Memory]  Map (30/30): [██████████████████████████████]
🚀 APPLYING AXIOM IN SANDBOX: INTERSECTION_FILL_8 (Tier: 6)
🚀 APPLYING AXIOM IN SANDBOX: INTERSECTION_FILL_8 (Tier: 6)
🚀 APPLYING AXIOM IN SANDBOX: INTERSECTION_FILL_8 (Tier: 6)
[Depth 2] Axioms: ["ROOT_START", "SPAWN_EXTRAPOLATE_TR_BL_8", "INTERSECTION_FILL_8"] | Pragmatic: 75.00 | Epistemic: 8.00 | Prob: 1.0000 | Dim: 10x10
  ╭──────────────────────────────────────────────────────────────╮
  │  MCTS NODE [0] — Rank 1/2 │ Depth 2                       │
  ├──────────────────────────────────────────────────────────────┤
  │  P(dist): ━━━━━━━━━━━━━━━━━━━━━━━━━━━━━━ ●=1.000 μ=0.900 range[0.800, 1.000]   │
  │  Threshold: 0.050 ✓ SURVIVES                                │
  │  Energy Components:                                          │
  │    Pragmatic (E):    75.000  │  Goal-seeking error             │
  │    Epistemic (I):     7.998  │  Information gain               │
  │    Complexity (C):    0.000  │  Model complexity               │
  │    ───────────────────────────────────────────────────────── │
  │    Total Free Energy:  67.002  │  G = E - I + C                  │
  ├──────────────────────────────────────────────────────────────┤
  │  Status: ⏸️  PENDING (queued for evaluation)                   │
  ╰──────────────────────────────────────────────────────────────╯
  [Memory]  Map (37/37): [█████████████████████████████████████]
🚀 APPLYING AXIOM IN SANDBOX: SPAWN_EXTRAPOLATE_TL_BR_8 (Tier: 6)
🚀 APPLYING AXIOM IN SANDBOX: SPAWN_EXTRAPOLATE_TL_BR_8 (Tier: 6)
🚀 APPLYING AXIOM IN SANDBOX: SPAWN_EXTRAPOLATE_TL_BR_8 (Tier: 6)
[Depth 2] Axioms: ["ROOT_START", "SPAWN_EXTRAPOLATE_TR_BL_8", "SPAWN_EXTRAPOLATE_TL_BR_8"] | Pragmatic: 52.00 | Epistemic: 6.70 | Prob: 1.0000 | Dim: 10x10
  ╭──────────────────────────────────────────────────────────────╮
  │  MCTS NODE [0] — Rank 1/2 │ Depth 2                       │
  ├──────────────────────────────────────────────────────────────┤
  │  P(dist): ━━━━━━━━━━━━━━━━━━━━━━━━━━━━━━ ●=1.000 μ=0.900 range[0.800, 1.000]   │
  │  Threshold: 0.050 ✓ SURVIVES                                │
  │  Energy Components:                                          │
  │    Pragmatic (E):    52.000  │  Goal-seeking error             │
  │    Epistemic (I):     6.697  │  Information gain               │
  │    Complexity (C):    0.000  │  Model complexity               │
  │    ───────────────────────────────────────────────────────── │
  │    Total Free Energy:  45.303  │  G = E - I + C                  │
  ├──────────────────────────────────────────────────────────────┤
  │  Status: ⏸️  PENDING (queued for evaluation)                   │
  ╰──────────────────────────────────────────────────────────────╯
  [Memory]  Map (30/30): [██████████████████████████████]
🚀 APPLYING AXIOM IN SANDBOX: INTERSECTION_FILL_8 (Tier: 6)
🚀 APPLYING AXIOM IN SANDBOX: INTERSECTION_FILL_8 (Tier: 6)
🚀 APPLYING AXIOM IN SANDBOX: INTERSECTION_FILL_8 (Tier: 6)
[Depth 1] Axioms: ["ROOT_START", "INTERSECTION_FILL_8"] | Pragmatic: 58.00 | Epistemic: 6.92 | Prob: 1.0000 | Dim: 10x10
  ╭──────────────────────────────────────────────────────────────╮
  │  MCTS NODE [0] — Rank 1/2 │ Depth 1                       │
  ├──────────────────────────────────────────────────────────────┤
  │  P(dist): ━━━━━━━━━━━━━━━━━━━━━━━━━━━━━━ ●=1.000 μ=0.900 range[0.800, 1.000]   │
  │  Threshold: 0.050 ✓ SURVIVES                                │
  │  Energy Components:                                          │
  │    Pragmatic (E):    58.000  │  Goal-seeking error             │
  │    Epistemic (I):     6.919  │  Information gain               │
  │    Complexity (C):    0.000  │  Model complexity               │
  │    ───────────────────────────────────────────────────────── │
  │    Total Free Energy:  51.081  │  G = E - I + C                  │
  ├──────────────────────────────────────────────────────────────┤
  │  Status: 🌿 EXPANDING (exploring policies...)                   │
  ╰──────────────────────────────────────────────────────────────╯
  [Memory]  Map (22/22): [██████████████████████]
🚀 APPLYING AXIOM IN SANDBOX: SPAWN_EXTRAPOLATE_TR_BL_8 (Tier: 6)
🚀 APPLYING AXIOM IN SANDBOX: SPAWN_EXTRAPOLATE_TR_BL_8 (Tier: 6)
🚀 APPLYING AXIOM IN SANDBOX: SPAWN_EXTRAPOLATE_TR_BL_8 (Tier: 6)
[Depth 2] Axioms: ["ROOT_START", "INTERSECTION_FILL_8", "SPAWN_EXTRAPOLATE_TR_BL_8"] | Pragmatic: 50.00 | Epistemic: 7.43 | Prob: 1.0000 | Dim: 10x10
  ╭──────────────────────────────────────────────────────────────╮
  │  MCTS NODE [0] — Rank 1/2 │ Depth 2                       │
  ├──────────────────────────────────────────────────────────────┤
  │  P(dist): ━━━━━━━━━━━━━━━━━━━━━━━━━━━━━━ ●=1.000 μ=0.900 range[0.800, 1.000]   │
  │  Threshold: 0.050 ✓ SURVIVES                                │
  │  Energy Components:                                          │
  │    Pragmatic (E):    50.000  │  Goal-seeking error             │
  │    Epistemic (I):     7.430  │  Information gain               │
  │    Complexity (C):    0.000  │  Model complexity               │
  │    ───────────────────────────────────────────────────────── │
  │    Total Free Energy:  42.570  │  G = E - I + C                  │
  ├──────────────────────────────────────────────────────────────┤
  │  Status: ⏸️  PENDING (queued for evaluation)                   │
  ╰──────────────────────────────────────────────────────────────╯
  [Memory]  Map (22/22): [██████████████████████]
🚀 APPLYING AXIOM IN SANDBOX: SPAWN_EXTRAPOLATE_TL_BR_8 (Tier: 6)
🚀 APPLYING AXIOM IN SANDBOX: SPAWN_EXTRAPOLATE_TL_BR_8 (Tier: 6)
🚀 APPLYING AXIOM IN SANDBOX: SPAWN_EXTRAPOLATE_TL_BR_8 (Tier: 6)
[Depth 2] Axioms: ["ROOT_START", "INTERSECTION_FILL_8", "SPAWN_EXTRAPOLATE_TL_BR_8"] | Pragmatic: 50.00 | Epistemic: 7.43 | Prob: 1.0000 | Dim: 10x10
  ╭──────────────────────────────────────────────────────────────╮
  │  MCTS NODE [0] — Rank 1/2 │ Depth 2                       │
  ├──────────────────────────────────────────────────────────────┤
  │  P(dist): ━━━━━━━━━━━━━━━━━━━━━━━━━━━━━━ ●=1.000 μ=0.900 range[0.800, 1.000]   │
  │  Threshold: 0.050 ✓ SURVIVES                                │
  │  Energy Components:                                          │
  │    Pragmatic (E):    50.000  │  Goal-seeking error             │
  │    Epistemic (I):     7.430  │  Information gain               │
  │    Complexity (C):    0.000  │  Model complexity               │
  │    ───────────────────────────────────────────────────────── │
  │    Total Free Energy:  42.570  │  G = E - I + C                  │
  ├──────────────────────────────────────────────────────────────┤
  │  Status: ⏸️  PENDING (queued for evaluation)                   │
  ╰──────────────────────────────────────────────────────────────╯
  [Memory]  Map (22/22): [██████████████████████]
🚀 APPLYING AXIOM IN SANDBOX: SPAWN_EXTRAPOLATE_TL_BR_8 (Tier: 6)
🚀 APPLYING AXIOM IN SANDBOX: SPAWN_EXTRAPOLATE_TL_BR_8 (Tier: 6)
🚀 APPLYING AXIOM IN SANDBOX: SPAWN_EXTRAPOLATE_TL_BR_8 (Tier: 6)
[Depth 1] Axioms: ["ROOT_START", "SPAWN_EXTRAPOLATE_TL_BR_8"] | Pragmatic: 52.00 | Epistemic: 6.70 | Prob: 1.0000 | Dim: 10x10
  ╭──────────────────────────────────────────────────────────────╮
  │  MCTS NODE [0] — Rank 1/2 │ Depth 1                       │
  ├──────────────────────────────────────────────────────────────┤
  │  P(dist): ━━━━━━━━━━━━━━━━━━━━━━━━━━━━━━ ●=1.000 μ=0.900 range[0.800, 1.000]   │
  │  Threshold: 0.050 ✓ SURVIVES                                │
  │  Energy Components:                                          │
  │    Pragmatic (E):    52.000  │  Goal-seeking error             │
  │    Epistemic (I):     6.697  │  Information gain               │
  │    Complexity (C):    0.000  │  Model complexity               │
  │    ───────────────────────────────────────────────────────── │
  │    Total Free Energy:  45.303  │  G = E - I + C                  │
  ├──────────────────────────────────────────────────────────────┤
  │  Status: 🌿 EXPANDING (exploring policies...)                   │
  ╰──────────────────────────────────────────────────────────────╯
  [Memory]  Map (30/30): [██████████████████████████████]
🚀 APPLYING AXIOM IN SANDBOX: SPAWN_EXTRAPOLATE_TR_BL_8 (Tier: 6)
🚀 APPLYING AXIOM IN SANDBOX: SPAWN_EXTRAPOLATE_TR_BL_8 (Tier: 6)
🚀 APPLYING AXIOM IN SANDBOX: SPAWN_EXTRAPOLATE_TR_BL_8 (Tier: 6)
[Depth 2] Axioms: ["ROOT_START", "SPAWN_EXTRAPOLATE_TL_BR_8", "SPAWN_EXTRAPOLATE_TR_BL_8"] | Pragmatic: 52.00 | Epistemic: 6.70 | Prob: 1.0000 | Dim: 10x10
  ╭──────────────────────────────────────────────────────────────╮
  │  MCTS NODE [0] — Rank 1/2 │ Depth 2                       │
  ├──────────────────────────────────────────────────────────────┤
  │  P(dist): ━━━━━━━━━━━━━━━━━━━━━━━━━━━━━━ ●=1.000 μ=0.900 range[0.800, 1.000]   │
  │  Threshold: 0.050 ✓ SURVIVES                                │
  │  Energy Components:                                          │
  │    Pragmatic (E):    52.000  │  Goal-seeking error             │
  │    Epistemic (I):     6.697  │  Information gain               │
  │    Complexity (C):    0.000  │  Model complexity               │
  │    ───────────────────────────────────────────────────────── │
  │    Total Free Energy:  45.303  │  G = E - I + C                  │
  ├──────────────────────────────────────────────────────────────┤
  │  Status: ⏸️  PENDING (queued for evaluation)                   │
  ╰──────────────────────────────────────────────────────────────╯
  [Memory]  Map (30/30): [██████████████████████████████]
🚀 APPLYING AXIOM IN SANDBOX: INTERSECTION_FILL_8 (Tier: 6)
🚀 APPLYING AXIOM IN SANDBOX: INTERSECTION_FILL_8 (Tier: 6)
🚀 APPLYING AXIOM IN SANDBOX: INTERSECTION_FILL_8 (Tier: 6)
[Depth 2] Axioms: ["ROOT_START", "SPAWN_EXTRAPOLATE_TL_BR_8", "INTERSECTION_FILL_8"] | Pragmatic: 75.00 | Epistemic: 8.00 | Prob: 1.0000 | Dim: 10x10
  ╭──────────────────────────────────────────────────────────────╮
  │  MCTS NODE [0] — Rank 1/2 │ Depth 2                       │
  ├──────────────────────────────────────────────────────────────┤
  │  P(dist): ━━━━━━━━━━━━━━━━━━━━━━━━━━━━━━ ●=1.000 μ=0.900 range[0.800, 1.000]   │
  │  Threshold: 0.050 ✓ SURVIVES                                │
  │  Energy Components:                                          │
  │    Pragmatic (E):    75.000  │  Goal-seeking error             │
  │    Epistemic (I):     7.998  │  Information gain               │
  │    Complexity (C):    0.000  │  Model complexity               │
  │    ───────────────────────────────────────────────────────── │
  │    Total Free Energy:  67.002  │  G = E - I + C                  │
  ├──────────────────────────────────────────────────────────────┤
  │  Status: ⏸️  PENDING (queued for evaluation)                   │
  ╰──────────────────────────────────────────────────────────────╯
  [Memory]  Map (37/37): [█████████████████████████████████████]
🧠 [Metakognisi] Bottleneck::FalseSharing - Amnesia Singkat (Cache Miss) Terdeteksi!
   📝 MENULIS LOG ARCHITECTURE KE SISTEM: Iterasi iterasi EntityManifold lambat rata-rata 265162 ns per entitas. Kecepatan ini 3x lipat dari limit AVX2.
🧠 [Metakognisi] Bottleneck::FastFail - Gradient Energy dE/dt sangat lambat. MCTS dihentikan lebih awal!
   -> Beralih ke ADVANCED PASS (Iterative Deepening MCTS / Grover)...
   🔍 Search Attempt 1: Exploring top 2 advanced axioms...
🚀 APPLYING AXIOM IN SANDBOX: SPAWN_EXTRAPOLATE_TL_BR_8 (Tier: 6)
🚀 APPLYING AXIOM IN SANDBOX: SPAWN_EXTRAPOLATE_TL_BR_8 (Tier: 6)
🚀 APPLYING AXIOM IN SANDBOX: SPAWN_EXTRAPOLATE_TL_BR_8 (Tier: 6)
🚀 APPLYING AXIOM IN SANDBOX: SPAWN_EXTRAPOLATE_TL_BR_8 (Tier: 6)
🚀 APPLYING AXIOM IN SANDBOX: SPAWN_EXTRAPOLATE_TL_BR_8 (Tier: 6)
🚀 APPLYING AXIOM IN SANDBOX: SPAWN_EXTRAPOLATE_TL_BR_8 (Tier: 6)
🚀 APPLYING AXIOM IN SANDBOX: SPAWN_EXTRAPOLATE_TL_BR_8 (Tier: 6)
🚀 APPLYING AXIOM IN SANDBOX: SPAWN_EXTRAPOLATE_TL_BR_8 (Tier: 6)
🚀 APPLYING AXIOM IN SANDBOX: SPAWN_EXTRAPOLATE_TL_BR_8 (Tier: 6)
🚀 APPLYING AXIOM IN SANDBOX: SPAWN_EXTRAPOLATE_TL_BR_8 (Tier: 6)
🚀 APPLYING AXIOM IN SANDBOX: SPAWN_EXTRAPOLATE_TL_BR_8 (Tier: 6)
🚀 APPLYING AXIOM IN SANDBOX: SPAWN_EXTRAPOLATE_TL_BR_8 (Tier: 6)
   ⚡ Memulai MCTS dari ROOT ZERO-POINT dengan 4 amunisi unik...
🚀 APPLYING AXIOM IN SANDBOX: ROOT_START (Tier: 0)
🚀 APPLYING AXIOM IN SANDBOX: ROOT_START (Tier: 0)
🚀 APPLYING AXIOM IN SANDBOX: ROOT_START (Tier: 0)
[Depth 0] Axioms: ["ROOT_START"] | Pragmatic: -1500.00 | Epistemic: 0.00 | Prob: 0.9900 | Dim: 10x10
  ╭──────────────────────────────────────────────────────────────╮
  │  MCTS NODE [0] — Rank 1/2 │ Depth 0                       │
  ├──────────────────────────────────────────────────────────────┤
  │  P(dist): ━━━━━━━━━━━━━━━━━━━━━━━━━━━━━━ ●=0.990 μ=0.895 range[0.800, 0.990]   │
  │  Threshold: 0.050 ✓ SURVIVES                                │
  │  Energy Components:                                          │
  │    Pragmatic (E):  -1500.000  │  Goal-seeking error             │
  │    Epistemic (I):     0.000  │  Information gain               │
  │    Complexity (C):    0.000  │  Model complexity               │
  │    ───────────────────────────────────────────────────────── │
  │    Total Free Energy: -1500.000  │  G = E - I + C                  │
  ├──────────────────────────────────────────────────────────────┤
  │  Status: 🌿 EXPANDING (exploring policies...)                   │
  ╰──────────────────────────────────────────────────────────────╯
  [Memory]  Map (4/4): [████]
🚀 APPLYING AXIOM IN SANDBOX: SPAWN_EXTRAPOLATE_ORTHOGONAL_8 (Tier: 6)
🚀 APPLYING AXIOM IN SANDBOX: SPAWN_EXTRAPOLATE_ORTHOGONAL_8 (Tier: 6)
🚀 APPLYING AXIOM IN SANDBOX: SPAWN_EXTRAPOLATE_ORTHOGONAL_8 (Tier: 6)
[Depth 1] Axioms: ["ROOT_START", "SPAWN_EXTRAPOLATE_ORTHOGONAL_8"] | Pragmatic: 52.00 | Epistemic: 6.70 | Prob: 1.0000 | Dim: 10x10
  ╭──────────────────────────────────────────────────────────────╮
  │  MCTS NODE [0] — Rank 1/2 │ Depth 1                       │
  ├──────────────────────────────────────────────────────────────┤
  │  P(dist): ━━━━━━━━━━━━━━━━━━━━━━━━━━━━━━ ●=1.000 μ=0.900 range[0.800, 1.000]   │
  │  Threshold: 0.050 ✓ SURVIVES                                │
  │  Energy Components:                                          │
  │    Pragmatic (E):    52.000  │  Goal-seeking error             │
  │    Epistemic (I):     6.697  │  Information gain               │
  │    Complexity (C):    0.000  │  Model complexity               │
  │    ───────────────────────────────────────────────────────── │
  │    Total Free Energy:  45.303  │  G = E - I + C                  │
  ├──────────────────────────────────────────────────────────────┤
  │  Status: 🌿 EXPANDING (exploring policies...)                   │
  ╰──────────────────────────────────────────────────────────────╯
  [Memory]  Map (30/30): [██████████████████████████████]
🚀 APPLYING AXIOM IN SANDBOX: INTERSECTION_FILL_8 (Tier: 6)
🚀 APPLYING AXIOM IN SANDBOX: INTERSECTION_FILL_8 (Tier: 6)
🚀 APPLYING AXIOM IN SANDBOX: INTERSECTION_FILL_8 (Tier: 6)
[Depth 2] Axioms: ["ROOT_START", "SPAWN_EXTRAPOLATE_ORTHOGONAL_8", "INTERSECTION_FILL_8"] | Pragmatic: 75.00 | Epistemic: 8.00 | Prob: 1.0000 | Dim: 10x10
  ╭──────────────────────────────────────────────────────────────╮
  │  MCTS NODE [0] — Rank 1/2 │ Depth 2                       │
  ├──────────────────────────────────────────────────────────────┤
  │  P(dist): ━━━━━━━━━━━━━━━━━━━━━━━━━━━━━━ ●=1.000 μ=0.900 range[0.800, 1.000]   │
  │  Threshold: 0.050 ✓ SURVIVES                                │
  │  Energy Components:                                          │
  │    Pragmatic (E):    75.000  │  Goal-seeking error             │
  │    Epistemic (I):     7.998  │  Information gain               │
  │    Complexity (C):    0.000  │  Model complexity               │
  │    ───────────────────────────────────────────────────────── │
  │    Total Free Energy:  67.002  │  G = E - I + C                  │
  ├──────────────────────────────────────────────────────────────┤
  │  Status: ⏸️  PENDING (queued for evaluation)                   │
  ╰──────────────────────────────────────────────────────────────╯
  [Memory]  Map (37/37): [█████████████████████████████████████]
🚀 APPLYING AXIOM IN SANDBOX: SPAWN_EXTRAPOLATE_TL_BR_8 (Tier: 6)
🚀 APPLYING AXIOM IN SANDBOX: SPAWN_EXTRAPOLATE_TL_BR_8 (Tier: 6)
🚀 APPLYING AXIOM IN SANDBOX: SPAWN_EXTRAPOLATE_TL_BR_8 (Tier: 6)
[Depth 2] Axioms: ["ROOT_START", "SPAWN_EXTRAPOLATE_ORTHOGONAL_8", "SPAWN_EXTRAPOLATE_TL_BR_8"] | Pragmatic: 52.00 | Epistemic: 6.70 | Prob: 1.0000 | Dim: 10x10
  ╭──────────────────────────────────────────────────────────────╮
  │  MCTS NODE [0] — Rank 1/2 │ Depth 2                       │
  ├──────────────────────────────────────────────────────────────┤
  │  P(dist): ━━━━━━━━━━━━━━━━━━━━━━━━━━━━━━ ●=1.000 μ=0.900 range[0.800, 1.000]   │
  │  Threshold: 0.050 ✓ SURVIVES                                │
  │  Energy Components:                                          │
  │    Pragmatic (E):    52.000  │  Goal-seeking error             │
  │    Epistemic (I):     6.697  │  Information gain               │
  │    Complexity (C):    0.000  │  Model complexity               │
  │    ───────────────────────────────────────────────────────── │
  │    Total Free Energy:  45.303  │  G = E - I + C                  │
  ├──────────────────────────────────────────────────────────────┤
  │  Status: ⏸️  PENDING (queued for evaluation)                   │
  ╰──────────────────────────────────────────────────────────────╯
  [Memory]  Map (30/30): [██████████████████████████████]
🚀 APPLYING AXIOM IN SANDBOX: SPAWN_EXTRAPOLATE_TR_BL_8 (Tier: 6)
🚀 APPLYING AXIOM IN SANDBOX: SPAWN_EXTRAPOLATE_TR_BL_8 (Tier: 6)
🚀 APPLYING AXIOM IN SANDBOX: SPAWN_EXTRAPOLATE_TR_BL_8 (Tier: 6)
[Depth 1] Axioms: ["ROOT_START", "SPAWN_EXTRAPOLATE_TR_BL_8"] | Pragmatic: 52.00 | Epistemic: 6.70 | Prob: 1.0000 | Dim: 10x10
  ╭──────────────────────────────────────────────────────────────╮
  │  MCTS NODE [0] — Rank 1/2 │ Depth 1                       │
  ├──────────────────────────────────────────────────────────────┤
  │  P(dist): ━━━━━━━━━━━━━━━━━━━━━━━━━━━━━━ ●=1.000 μ=0.900 range[0.800, 1.000]   │
  │  Threshold: 0.050 ✓ SURVIVES                                │
  │  Energy Components:                                          │
  │    Pragmatic (E):    52.000  │  Goal-seeking error             │
  │    Epistemic (I):     6.697  │  Information gain               │
  │    Complexity (C):    0.000  │  Model complexity               │
  │    ───────────────────────────────────────────────────────── │
  │    Total Free Energy:  45.303  │  G = E - I + C                  │
  ├──────────────────────────────────────────────────────────────┤
  │  Status: 🌿 EXPANDING (exploring policies...)                   │
  ╰──────────────────────────────────────────────────────────────╯
  [Memory]  Map (30/30): [██████████████████████████████]
🚀 APPLYING AXIOM IN SANDBOX: INTERSECTION_FILL_8 (Tier: 6)
🚀 APPLYING AXIOM IN SANDBOX: INTERSECTION_FILL_8 (Tier: 6)
🚀 APPLYING AXIOM IN SANDBOX: INTERSECTION_FILL_8 (Tier: 6)
[Depth 2] Axioms: ["ROOT_START", "SPAWN_EXTRAPOLATE_TR_BL_8", "INTERSECTION_FILL_8"] | Pragmatic: 75.00 | Epistemic: 8.00 | Prob: 1.0000 | Dim: 10x10
  ╭──────────────────────────────────────────────────────────────╮
  │  MCTS NODE [0] — Rank 1/2 │ Depth 2                       │
  ├──────────────────────────────────────────────────────────────┤
  │  P(dist): ━━━━━━━━━━━━━━━━━━━━━━━━━━━━━━ ●=1.000 μ=0.900 range[0.800, 1.000]   │
  │  Threshold: 0.050 ✓ SURVIVES                                │
  │  Energy Components:                                          │
  │    Pragmatic (E):    75.000  │  Goal-seeking error             │
  │    Epistemic (I):     7.998  │  Information gain               │
  │    Complexity (C):    0.000  │  Model complexity               │
  │    ───────────────────────────────────────────────────────── │
  │    Total Free Energy:  67.002  │  G = E - I + C                  │
  ├──────────────────────────────────────────────────────────────┤
  │  Status: ⏸️  PENDING (queued for evaluation)                   │
  ╰──────────────────────────────────────────────────────────────╯
  [Memory]  Map (37/37): [█████████████████████████████████████]
🚀 APPLYING AXIOM IN SANDBOX: SPAWN_EXTRAPOLATE_TL_BR_8 (Tier: 6)
🚀 APPLYING AXIOM IN SANDBOX: SPAWN_EXTRAPOLATE_TL_BR_8 (Tier: 6)
🚀 APPLYING AXIOM IN SANDBOX: SPAWN_EXTRAPOLATE_TL_BR_8 (Tier: 6)
[Depth 2] Axioms: ["ROOT_START", "SPAWN_EXTRAPOLATE_TR_BL_8", "SPAWN_EXTRAPOLATE_TL_BR_8"] | Pragmatic: 52.00 | Epistemic: 6.70 | Prob: 1.0000 | Dim: 10x10
  ╭──────────────────────────────────────────────────────────────╮
  │  MCTS NODE [0] — Rank 1/2 │ Depth 2                       │
  ├──────────────────────────────────────────────────────────────┤
  │  P(dist): ━━━━━━━━━━━━━━━━━━━━━━━━━━━━━━ ●=1.000 μ=0.900 range[0.800, 1.000]   │
  │  Threshold: 0.050 ✓ SURVIVES                                │
  │  Energy Components:                                          │
  │    Pragmatic (E):    52.000  │  Goal-seeking error             │
  │    Epistemic (I):     6.697  │  Information gain               │
  │    Complexity (C):    0.000  │  Model complexity               │
  │    ───────────────────────────────────────────────────────── │
  │    Total Free Energy:  45.303  │  G = E - I + C                  │
  ├──────────────────────────────────────────────────────────────┤
  │  Status: ⏸️  PENDING (queued for evaluation)                   │
  ╰──────────────────────────────────────────────────────────────╯
  [Memory]  Map (30/30): [██████████████████████████████]
🚀 APPLYING AXIOM IN SANDBOX: INTERSECTION_FILL_8 (Tier: 6)
🚀 APPLYING AXIOM IN SANDBOX: INTERSECTION_FILL_8 (Tier: 6)
🚀 APPLYING AXIOM IN SANDBOX: INTERSECTION_FILL_8 (Tier: 6)
[Depth 1] Axioms: ["ROOT_START", "INTERSECTION_FILL_8"] | Pragmatic: 58.00 | Epistemic: 6.92 | Prob: 1.0000 | Dim: 10x10
  ╭──────────────────────────────────────────────────────────────╮
  │  MCTS NODE [0] — Rank 1/2 │ Depth 1                       │
  ├──────────────────────────────────────────────────────────────┤
  │  P(dist): ━━━━━━━━━━━━━━━━━━━━━━━━━━━━━━ ●=1.000 μ=0.900 range[0.800, 1.000]   │
  │  Threshold: 0.050 ✓ SURVIVES                                │
  │  Energy Components:                                          │
  │    Pragmatic (E):    58.000  │  Goal-seeking error             │
  │    Epistemic (I):     6.919  │  Information gain               │
  │    Complexity (C):    0.000  │  Model complexity               │
  │    ───────────────────────────────────────────────────────── │
  │    Total Free Energy:  51.081  │  G = E - I + C                  │
  ├──────────────────────────────────────────────────────────────┤
  │  Status: 🌿 EXPANDING (exploring policies...)                   │
  ╰──────────────────────────────────────────────────────────────╯
  [Memory]  Map (22/22): [██████████████████████]
🚀 APPLYING AXIOM IN SANDBOX: SPAWN_EXTRAPOLATE_TR_BL_8 (Tier: 6)
🚀 APPLYING AXIOM IN SANDBOX: SPAWN_EXTRAPOLATE_TR_BL_8 (Tier: 6)
🚀 APPLYING AXIOM IN SANDBOX: SPAWN_EXTRAPOLATE_TR_BL_8 (Tier: 6)
[Depth 2] Axioms: ["ROOT_START", "INTERSECTION_FILL_8", "SPAWN_EXTRAPOLATE_TR_BL_8"] | Pragmatic: 50.00 | Epistemic: 7.43 | Prob: 1.0000 | Dim: 10x10
  ╭──────────────────────────────────────────────────────────────╮
  │  MCTS NODE [0] — Rank 1/2 │ Depth 2                       │
  ├──────────────────────────────────────────────────────────────┤
  │  P(dist): ━━━━━━━━━━━━━━━━━━━━━━━━━━━━━━ ●=1.000 μ=0.900 range[0.800, 1.000]   │
  │  Threshold: 0.050 ✓ SURVIVES                                │
  │  Energy Components:                                          │
  │    Pragmatic (E):    50.000  │  Goal-seeking error             │
  │    Epistemic (I):     7.430  │  Information gain               │
  │    Complexity (C):    0.000  │  Model complexity               │
  │    ───────────────────────────────────────────────────────── │
  │    Total Free Energy:  42.570  │  G = E - I + C                  │
  ├──────────────────────────────────────────────────────────────┤
  │  Status: ⏸️  PENDING (queued for evaluation)                   │
  ╰──────────────────────────────────────────────────────────────╯
  [Memory]  Map (22/22): [██████████████████████]
🚀 APPLYING AXIOM IN SANDBOX: SPAWN_EXTRAPOLATE_TL_BR_8 (Tier: 6)
🚀 APPLYING AXIOM IN SANDBOX: SPAWN_EXTRAPOLATE_TL_BR_8 (Tier: 6)
🚀 APPLYING AXIOM IN SANDBOX: SPAWN_EXTRAPOLATE_TL_BR_8 (Tier: 6)
[Depth 2] Axioms: ["ROOT_START", "INTERSECTION_FILL_8", "SPAWN_EXTRAPOLATE_TL_BR_8"] | Pragmatic: 50.00 | Epistemic: 7.43 | Prob: 1.0000 | Dim: 10x10
  ╭──────────────────────────────────────────────────────────────╮
  │  MCTS NODE [0] — Rank 1/2 │ Depth 2                       │
  ├──────────────────────────────────────────────────────────────┤
  │  P(dist): ━━━━━━━━━━━━━━━━━━━━━━━━━━━━━━ ●=1.000 μ=0.900 range[0.800, 1.000]   │
  │  Threshold: 0.050 ✓ SURVIVES                                │
  │  Energy Components:                                          │
  │    Pragmatic (E):    50.000  │  Goal-seeking error             │
  │    Epistemic (I):     7.430  │  Information gain               │
  │    Complexity (C):    0.000  │  Model complexity               │
  │    ───────────────────────────────────────────────────────── │
  │    Total Free Energy:  42.570  │  G = E - I + C                  │
  ├──────────────────────────────────────────────────────────────┤
  │  Status: ⏸️  PENDING (queued for evaluation)                   │
  ╰──────────────────────────────────────────────────────────────╯
  [Memory]  Map (22/22): [██████████████████████]
🚀 APPLYING AXIOM IN SANDBOX: SPAWN_EXTRAPOLATE_TL_BR_8 (Tier: 6)
🚀 APPLYING AXIOM IN SANDBOX: SPAWN_EXTRAPOLATE_TL_BR_8 (Tier: 6)
🚀 APPLYING AXIOM IN SANDBOX: SPAWN_EXTRAPOLATE_TL_BR_8 (Tier: 6)
[Depth 1] Axioms: ["ROOT_START", "SPAWN_EXTRAPOLATE_TL_BR_8"] | Pragmatic: 52.00 | Epistemic: 6.70 | Prob: 1.0000 | Dim: 10x10
  ╭──────────────────────────────────────────────────────────────╮
  │  MCTS NODE [0] — Rank 1/2 │ Depth 1                       │
  ├──────────────────────────────────────────────────────────────┤
  │  P(dist): ━━━━━━━━━━━━━━━━━━━━━━━━━━━━━━ ●=1.000 μ=0.900 range[0.800, 1.000]   │
  │  Threshold: 0.050 ✓ SURVIVES                                │
  │  Energy Components:                                          │
  │    Pragmatic (E):    52.000  │  Goal-seeking error             │
  │    Epistemic (I):     6.697  │  Information gain               │
  │    Complexity (C):    0.000  │  Model complexity               │
  │    ───────────────────────────────────────────────────────── │
  │    Total Free Energy:  45.303  │  G = E - I + C                  │
  ├──────────────────────────────────────────────────────────────┤
  │  Status: 🌿 EXPANDING (exploring policies...)                   │
  ╰──────────────────────────────────────────────────────────────╯
  [Memory]  Map (30/30): [██████████████████████████████]
🚀 APPLYING AXIOM IN SANDBOX: SPAWN_EXTRAPOLATE_TR_BL_8 (Tier: 6)
🚀 APPLYING AXIOM IN SANDBOX: SPAWN_EXTRAPOLATE_TR_BL_8 (Tier: 6)
🚀 APPLYING AXIOM IN SANDBOX: SPAWN_EXTRAPOLATE_TR_BL_8 (Tier: 6)
[Depth 2] Axioms: ["ROOT_START", "SPAWN_EXTRAPOLATE_TL_BR_8", "SPAWN_EXTRAPOLATE_TR_BL_8"] | Pragmatic: 52.00 | Epistemic: 6.70 | Prob: 1.0000 | Dim: 10x10
  ╭──────────────────────────────────────────────────────────────╮
  │  MCTS NODE [0] — Rank 1/2 │ Depth 2                       │
  ├──────────────────────────────────────────────────────────────┤
  │  P(dist): ━━━━━━━━━━━━━━━━━━━━━━━━━━━━━━ ●=1.000 μ=0.900 range[0.800, 1.000]   │
  │  Threshold: 0.050 ✓ SURVIVES                                │
  │  Energy Components:                                          │
  │    Pragmatic (E):    52.000  │  Goal-seeking error             │
  │    Epistemic (I):     6.697  │  Information gain               │
  │    Complexity (C):    0.000  │  Model complexity               │
  │    ───────────────────────────────────────────────────────── │
  │    Total Free Energy:  45.303  │  G = E - I + C                  │
  ├──────────────────────────────────────────────────────────────┤
  │  Status: ⏸️  PENDING (queued for evaluation)                   │
  ╰──────────────────────────────────────────────────────────────╯
  [Memory]  Map (30/30): [██████████████████████████████]
🚀 APPLYING AXIOM IN SANDBOX: INTERSECTION_FILL_8 (Tier: 6)
🚀 APPLYING AXIOM IN SANDBOX: INTERSECTION_FILL_8 (Tier: 6)
🚀 APPLYING AXIOM IN SANDBOX: INTERSECTION_FILL_8 (Tier: 6)
[Depth 2] Axioms: ["ROOT_START", "SPAWN_EXTRAPOLATE_TL_BR_8", "INTERSECTION_FILL_8"] | Pragmatic: 75.00 | Epistemic: 8.00 | Prob: 1.0000 | Dim: 10x10
  ╭──────────────────────────────────────────────────────────────╮
  │  MCTS NODE [0] — Rank 1/2 │ Depth 2                       │
  ├──────────────────────────────────────────────────────────────┤
  │  P(dist): ━━━━━━━━━━━━━━━━━━━━━━━━━━━━━━ ●=1.000 μ=0.900 range[0.800, 1.000]   │
  │  Threshold: 0.050 ✓ SURVIVES                                │
  │  Energy Components:                                          │
  │    Pragmatic (E):    75.000  │  Goal-seeking error             │
  │    Epistemic (I):     7.998  │  Information gain               │
  │    Complexity (C):    0.000  │  Model complexity               │
  │    ───────────────────────────────────────────────────────── │
  │    Total Free Energy:  67.002  │  G = E - I + C                  │
  ├──────────────────────────────────────────────────────────────┤
  │  Status: ⏸️  PENDING (queued for evaluation)                   │
  ╰──────────────────────────────────────────────────────────────╯
  [Memory]  Map (37/37): [█████████████████████████████████████]
   🔍 Search Attempt 2: Exploring top 5 advanced axioms...
🚀 APPLYING AXIOM IN SANDBOX: SPAWN_EXTRAPOLATE_TL_BR_8 (Tier: 6)
🚀 APPLYING AXIOM IN SANDBOX: SPAWN_EXTRAPOLATE_TL_BR_8 (Tier: 6)
🚀 APPLYING AXIOM IN SANDBOX: SPAWN_EXTRAPOLATE_TL_BR_8 (Tier: 6)
🚀 APPLYING AXIOM IN SANDBOX: SPAWN_EXTRAPOLATE_TL_BR_8 (Tier: 6)
🚀 APPLYING AXIOM IN SANDBOX: SPAWN_EXTRAPOLATE_TL_BR_8 (Tier: 6)
🚀 APPLYING AXIOM IN SANDBOX: SPAWN_EXTRAPOLATE_TL_BR_8 (Tier: 6)
🚀 APPLYING AXIOM IN SANDBOX: SPAWN_EXTRAPOLATE_TL_BR_8 (Tier: 6)
🚀 APPLYING AXIOM IN SANDBOX: SPAWN_EXTRAPOLATE_TL_BR_8 (Tier: 6)
🚀 APPLYING AXIOM IN SANDBOX: SPAWN_EXTRAPOLATE_TL_BR_8 (Tier: 6)
🚀 APPLYING AXIOM IN SANDBOX: SPAWN_EXTRAPOLATE_TL_BR_8 (Tier: 6)
🚀 APPLYING AXIOM IN SANDBOX: SPAWN_EXTRAPOLATE_TL_BR_8 (Tier: 6)
🚀 APPLYING AXIOM IN SANDBOX: SPAWN_EXTRAPOLATE_TL_BR_8 (Tier: 6)
🚀 APPLYING AXIOM IN SANDBOX: INTERSECTION_FILL_8 (Tier: 6)
🚀 APPLYING AXIOM IN SANDBOX: INTERSECTION_FILL_8 (Tier: 6)
🚀 APPLYING AXIOM IN SANDBOX: INTERSECTION_FILL_8 (Tier: 6)
🚀 APPLYING AXIOM IN SANDBOX: SPAWN_EXTRAPOLATE_TL_BR_8 (Tier: 6)
🚀 APPLYING AXIOM IN SANDBOX: SPAWN_EXTRAPOLATE_TL_BR_8 (Tier: 6)
🚀 APPLYING AXIOM IN SANDBOX: SPAWN_EXTRAPOLATE_TL_BR_8 (Tier: 6)
🚀 APPLYING AXIOM IN SANDBOX: SPAWN_EXTRAPOLATE_TL_BR_8 (Tier: 6)
🚀 APPLYING AXIOM IN SANDBOX: SPAWN_EXTRAPOLATE_TL_BR_8 (Tier: 6)
🚀 APPLYING AXIOM IN SANDBOX: SPAWN_EXTRAPOLATE_TL_BR_8 (Tier: 6)
🚀 APPLYING AXIOM IN SANDBOX: SPAWN_EXTRAPOLATE_TL_BR_8 (Tier: 6)
🚀 APPLYING AXIOM IN SANDBOX: SPAWN_EXTRAPOLATE_TL_BR_8 (Tier: 6)
🚀 APPLYING AXIOM IN SANDBOX: SPAWN_EXTRAPOLATE_TL_BR_8 (Tier: 6)
🚀 APPLYING AXIOM IN SANDBOX: SPAWN_EXTRAPOLATE_TL_BR_8 (Tier: 6)
🚀 APPLYING AXIOM IN SANDBOX: SPAWN_EXTRAPOLATE_TL_BR_8 (Tier: 6)
🚀 APPLYING AXIOM IN SANDBOX: SPAWN_EXTRAPOLATE_TL_BR_8 (Tier: 6)
🚀 APPLYING AXIOM IN SANDBOX: INTERSECTION_FILL_8 (Tier: 6)
🚀 APPLYING AXIOM IN SANDBOX: INTERSECTION_FILL_8 (Tier: 6)
🚀 APPLYING AXIOM IN SANDBOX: INTERSECTION_FILL_8 (Tier: 6)
   ⚡ Memulai MCTS dari ROOT ZERO-POINT dengan 4 amunisi unik...
🚀 APPLYING AXIOM IN SANDBOX: ROOT_START (Tier: 0)
🚀 APPLYING AXIOM IN SANDBOX: ROOT_START (Tier: 0)
🚀 APPLYING AXIOM IN SANDBOX: ROOT_START (Tier: 0)
[Depth 0] Axioms: ["ROOT_START"] | Pragmatic: -1500.00 | Epistemic: 0.00 | Prob: 0.9900 | Dim: 10x10
  ╭──────────────────────────────────────────────────────────────╮
  │  MCTS NODE [0] — Rank 1/2 │ Depth 0                       │
  ├──────────────────────────────────────────────────────────────┤
  │  P(dist): ━━━━━━━━━━━━━━━━━━━━━━━━━━━━━━ ●=0.990 μ=0.895 range[0.800, 0.990]   │
  │  Threshold: 0.050 ✓ SURVIVES                                │
  │  Energy Components:                                          │
  │    Pragmatic (E):  -1500.000  │  Goal-seeking error             │
  │    Epistemic (I):     0.000  │  Information gain               │
  │    Complexity (C):    0.000  │  Model complexity               │
  │    ───────────────────────────────────────────────────────── │
  │    Total Free Energy: -1500.000  │  G = E - I + C                  │
  ├──────────────────────────────────────────────────────────────┤
  │  Status: 🌿 EXPANDING (exploring policies...)                   │
  ╰──────────────────────────────────────────────────────────────╯
  [Memory]  Map (4/4): [████]
🚀 APPLYING AXIOM IN SANDBOX: SPAWN_EXTRAPOLATE_ORTHOGONAL_8 (Tier: 6)
🚀 APPLYING AXIOM IN SANDBOX: SPAWN_EXTRAPOLATE_ORTHOGONAL_8 (Tier: 6)
🚀 APPLYING AXIOM IN SANDBOX: SPAWN_EXTRAPOLATE_ORTHOGONAL_8 (Tier: 6)
[Depth 1] Axioms: ["ROOT_START", "SPAWN_EXTRAPOLATE_ORTHOGONAL_8"] | Pragmatic: 52.00 | Epistemic: 6.70 | Prob: 1.0000 | Dim: 10x10
  ╭──────────────────────────────────────────────────────────────╮
  │  MCTS NODE [0] — Rank 1/2 │ Depth 1                       │
  ├──────────────────────────────────────────────────────────────┤
  │  P(dist): ━━━━━━━━━━━━━━━━━━━━━━━━━━━━━━ ●=1.000 μ=0.900 range[0.800, 1.000]   │
  │  Threshold: 0.050 ✓ SURVIVES                                │
  │  Energy Components:                                          │
  │    Pragmatic (E):    52.000  │  Goal-seeking error             │
  │    Epistemic (I):     6.697  │  Information gain               │
  │    Complexity (C):    0.000  │  Model complexity               │
  │    ───────────────────────────────────────────────────────── │
  │    Total Free Energy:  45.303  │  G = E - I + C                  │
  ├──────────────────────────────────────────────────────────────┤
  │  Status: 🌿 EXPANDING (exploring policies...)                   │
  ╰──────────────────────────────────────────────────────────────╯
  [Memory]  Map (30/30): [██████████████████████████████]
🚀 APPLYING AXIOM IN SANDBOX: INTERSECTION_FILL_8 (Tier: 6)
🚀 APPLYING AXIOM IN SANDBOX: INTERSECTION_FILL_8 (Tier: 6)
🚀 APPLYING AXIOM IN SANDBOX: INTERSECTION_FILL_8 (Tier: 6)
[Depth 2] Axioms: ["ROOT_START", "SPAWN_EXTRAPOLATE_ORTHOGONAL_8", "INTERSECTION_FILL_8"] | Pragmatic: 75.00 | Epistemic: 8.00 | Prob: 1.0000 | Dim: 10x10
  ╭──────────────────────────────────────────────────────────────╮
  │  MCTS NODE [0] — Rank 1/2 │ Depth 2                       │
  ├──────────────────────────────────────────────────────────────┤
  │  P(dist): ━━━━━━━━━━━━━━━━━━━━━━━━━━━━━━ ●=1.000 μ=0.900 range[0.800, 1.000]   │
  │  Threshold: 0.050 ✓ SURVIVES                                │
  │  Energy Components:                                          │
  │    Pragmatic (E):    75.000  │  Goal-seeking error             │
  │    Epistemic (I):     7.998  │  Information gain               │
  │    Complexity (C):    0.000  │  Model complexity               │
  │    ───────────────────────────────────────────────────────── │
  │    Total Free Energy:  67.002  │  G = E - I + C                  │
  ├──────────────────────────────────────────────────────────────┤
  │  Status: ⏸️  PENDING (queued for evaluation)                   │
  ╰──────────────────────────────────────────────────────────────╯
  [Memory]  Map (37/37): [█████████████████████████████████████]
🚀 APPLYING AXIOM IN SANDBOX: SPAWN_EXTRAPOLATE_TL_BR_8 (Tier: 6)
🚀 APPLYING AXIOM IN SANDBOX: SPAWN_EXTRAPOLATE_TL_BR_8 (Tier: 6)
🚀 APPLYING AXIOM IN SANDBOX: SPAWN_EXTRAPOLATE_TL_BR_8 (Tier: 6)
[Depth 2] Axioms: ["ROOT_START", "SPAWN_EXTRAPOLATE_ORTHOGONAL_8", "SPAWN_EXTRAPOLATE_TL_BR_8"] | Pragmatic: 52.00 | Epistemic: 6.70 | Prob: 1.0000 | Dim: 10x10
  ╭──────────────────────────────────────────────────────────────╮
  │  MCTS NODE [0] — Rank 1/2 │ Depth 2                       │
  ├──────────────────────────────────────────────────────────────┤
  │  P(dist): ━━━━━━━━━━━━━━━━━━━━━━━━━━━━━━ ●=1.000 μ=0.900 range[0.800, 1.000]   │
  │  Threshold: 0.050 ✓ SURVIVES                                │
  │  Energy Components:                                          │
  │    Pragmatic (E):    52.000  │  Goal-seeking error             │
  │    Epistemic (I):     6.697  │  Information gain               │
  │    Complexity (C):    0.000  │  Model complexity               │
  │    ───────────────────────────────────────────────────────── │
  │    Total Free Energy:  45.303  │  G = E - I + C                  │
  ├──────────────────────────────────────────────────────────────┤
  │  Status: ⏸️  PENDING (queued for evaluation)                   │
  ╰──────────────────────────────────────────────────────────────╯
  [Memory]  Map (30/30): [██████████████████████████████]
🚀 APPLYING AXIOM IN SANDBOX: SPAWN_EXTRAPOLATE_TR_BL_8 (Tier: 6)
🚀 APPLYING AXIOM IN SANDBOX: SPAWN_EXTRAPOLATE_TR_BL_8 (Tier: 6)
🚀 APPLYING AXIOM IN SANDBOX: SPAWN_EXTRAPOLATE_TR_BL_8 (Tier: 6)
[Depth 1] Axioms: ["ROOT_START", "SPAWN_EXTRAPOLATE_TR_BL_8"] | Pragmatic: 52.00 | Epistemic: 6.70 | Prob: 1.0000 | Dim: 10x10
  ╭──────────────────────────────────────────────────────────────╮
  │  MCTS NODE [0] — Rank 1/2 │ Depth 1                       │
  ├──────────────────────────────────────────────────────────────┤
  │  P(dist): ━━━━━━━━━━━━━━━━━━━━━━━━━━━━━━ ●=1.000 μ=0.900 range[0.800, 1.000]   │
  │  Threshold: 0.050 ✓ SURVIVES                                │
  │  Energy Components:                                          │
  │    Pragmatic (E):    52.000  │  Goal-seeking error             │
  │    Epistemic (I):     6.697  │  Information gain               │
  │    Complexity (C):    0.000  │  Model complexity               │
  │    ───────────────────────────────────────────────────────── │
  │    Total Free Energy:  45.303  │  G = E - I + C                  │
  ├──────────────────────────────────────────────────────────────┤
  │  Status: 🌿 EXPANDING (exploring policies...)                   │
  ╰──────────────────────────────────────────────────────────────╯
  [Memory]  Map (30/30): [██████████████████████████████]
🚀 APPLYING AXIOM IN SANDBOX: INTERSECTION_FILL_8 (Tier: 6)
🚀 APPLYING AXIOM IN SANDBOX: INTERSECTION_FILL_8 (Tier: 6)
🚀 APPLYING AXIOM IN SANDBOX: INTERSECTION_FILL_8 (Tier: 6)
[Depth 2] Axioms: ["ROOT_START", "SPAWN_EXTRAPOLATE_TR_BL_8", "INTERSECTION_FILL_8"] | Pragmatic: 75.00 | Epistemic: 8.00 | Prob: 1.0000 | Dim: 10x10
  ╭──────────────────────────────────────────────────────────────╮
  │  MCTS NODE [0] — Rank 1/2 │ Depth 2                       │
  ├──────────────────────────────────────────────────────────────┤
  │  P(dist): ━━━━━━━━━━━━━━━━━━━━━━━━━━━━━━ ●=1.000 μ=0.900 range[0.800, 1.000]   │
  │  Threshold: 0.050 ✓ SURVIVES                                │
  │  Energy Components:                                          │
  │    Pragmatic (E):    75.000  │  Goal-seeking error             │
  │    Epistemic (I):     7.998  │  Information gain               │
  │    Complexity (C):    0.000  │  Model complexity               │
  │    ───────────────────────────────────────────────────────── │
  │    Total Free Energy:  67.002  │  G = E - I + C                  │
  ├──────────────────────────────────────────────────────────────┤
  │  Status: ⏸️  PENDING (queued for evaluation)                   │
  ╰──────────────────────────────────────────────────────────────╯
  [Memory]  Map (37/37): [█████████████████████████████████████]
🚀 APPLYING AXIOM IN SANDBOX: SPAWN_EXTRAPOLATE_TL_BR_8 (Tier: 6)
🚀 APPLYING AXIOM IN SANDBOX: SPAWN_EXTRAPOLATE_TL_BR_8 (Tier: 6)
🚀 APPLYING AXIOM IN SANDBOX: SPAWN_EXTRAPOLATE_TL_BR_8 (Tier: 6)
[Depth 2] Axioms: ["ROOT_START", "SPAWN_EXTRAPOLATE_TR_BL_8", "SPAWN_EXTRAPOLATE_TL_BR_8"] | Pragmatic: 52.00 | Epistemic: 6.70 | Prob: 1.0000 | Dim: 10x10
  ╭──────────────────────────────────────────────────────────────╮
  │  MCTS NODE [0] — Rank 1/2 │ Depth 2                       │
  ├──────────────────────────────────────────────────────────────┤
  │  P(dist): ━━━━━━━━━━━━━━━━━━━━━━━━━━━━━━ ●=1.000 μ=0.900 range[0.800, 1.000]   │
  │  Threshold: 0.050 ✓ SURVIVES                                │
  │  Energy Components:                                          │
  │    Pragmatic (E):    52.000  │  Goal-seeking error             │
  │    Epistemic (I):     6.697  │  Information gain               │
  │    Complexity (C):    0.000  │  Model complexity               │
  │    ───────────────────────────────────────────────────────── │
  │    Total Free Energy:  45.303  │  G = E - I + C                  │
  ├──────────────────────────────────────────────────────────────┤
  │  Status: ⏸️  PENDING (queued for evaluation)                   │
  ╰──────────────────────────────────────────────────────────────╯
  [Memory]  Map (30/30): [██████████████████████████████]
🚀 APPLYING AXIOM IN SANDBOX: INTERSECTION_FILL_8 (Tier: 6)
🚀 APPLYING AXIOM IN SANDBOX: INTERSECTION_FILL_8 (Tier: 6)
🚀 APPLYING AXIOM IN SANDBOX: INTERSECTION_FILL_8 (Tier: 6)
[Depth 1] Axioms: ["ROOT_START", "INTERSECTION_FILL_8"] | Pragmatic: 58.00 | Epistemic: 6.92 | Prob: 1.0000 | Dim: 10x10
  ╭──────────────────────────────────────────────────────────────╮
  │  MCTS NODE [0] — Rank 1/2 │ Depth 1                       │
  ├──────────────────────────────────────────────────────────────┤
  │  P(dist): ━━━━━━━━━━━━━━━━━━━━━━━━━━━━━━ ●=1.000 μ=0.900 range[0.800, 1.000]   │
  │  Threshold: 0.050 ✓ SURVIVES                                │
  │  Energy Components:                                          │
  │    Pragmatic (E):    58.000  │  Goal-seeking error             │
  │    Epistemic (I):     6.919  │  Information gain               │
  │    Complexity (C):    0.000  │  Model complexity               │
  │    ───────────────────────────────────────────────────────── │
  │    Total Free Energy:  51.081  │  G = E - I + C                  │
  ├──────────────────────────────────────────────────────────────┤
  │  Status: 🌿 EXPANDING (exploring policies...)                   │
  ╰──────────────────────────────────────────────────────────────╯
  [Memory]  Map (22/22): [██████████████████████]
🚀 APPLYING AXIOM IN SANDBOX: SPAWN_EXTRAPOLATE_TR_BL_8 (Tier: 6)
🚀 APPLYING AXIOM IN SANDBOX: SPAWN_EXTRAPOLATE_TR_BL_8 (Tier: 6)
🚀 APPLYING AXIOM IN SANDBOX: SPAWN_EXTRAPOLATE_TR_BL_8 (Tier: 6)
[Depth 2] Axioms: ["ROOT_START", "INTERSECTION_FILL_8", "SPAWN_EXTRAPOLATE_TR_BL_8"] | Pragmatic: 50.00 | Epistemic: 7.43 | Prob: 1.0000 | Dim: 10x10
  ╭──────────────────────────────────────────────────────────────╮
  │  MCTS NODE [0] — Rank 1/2 │ Depth 2                       │
  ├──────────────────────────────────────────────────────────────┤
  │  P(dist): ━━━━━━━━━━━━━━━━━━━━━━━━━━━━━━ ●=1.000 μ=0.900 range[0.800, 1.000]   │
  │  Threshold: 0.050 ✓ SURVIVES                                │
  │  Energy Components:                                          │
  │    Pragmatic (E):    50.000  │  Goal-seeking error             │
  │    Epistemic (I):     7.430  │  Information gain               │
  │    Complexity (C):    0.000  │  Model complexity               │
  │    ───────────────────────────────────────────────────────── │
  │    Total Free Energy:  42.570  │  G = E - I + C                  │
  ├──────────────────────────────────────────────────────────────┤
  │  Status: ⏸️  PENDING (queued for evaluation)                   │
  ╰──────────────────────────────────────────────────────────────╯
  [Memory]  Map (22/22): [██████████████████████]
🚀 APPLYING AXIOM IN SANDBOX: SPAWN_EXTRAPOLATE_TL_BR_8 (Tier: 6)
🚀 APPLYING AXIOM IN SANDBOX: SPAWN_EXTRAPOLATE_TL_BR_8 (Tier: 6)
🚀 APPLYING AXIOM IN SANDBOX: SPAWN_EXTRAPOLATE_TL_BR_8 (Tier: 6)
[Depth 2] Axioms: ["ROOT_START", "INTERSECTION_FILL_8", "SPAWN_EXTRAPOLATE_TL_BR_8"] | Pragmatic: 50.00 | Epistemic: 7.43 | Prob: 1.0000 | Dim: 10x10
  ╭──────────────────────────────────────────────────────────────╮
  │  MCTS NODE [0] — Rank 1/2 │ Depth 2                       │
  ├──────────────────────────────────────────────────────────────┤
  │  P(dist): ━━━━━━━━━━━━━━━━━━━━━━━━━━━━━━ ●=1.000 μ=0.900 range[0.800, 1.000]   │
  │  Threshold: 0.050 ✓ SURVIVES                                │
  │  Energy Components:                                          │
  │    Pragmatic (E):    50.000  │  Goal-seeking error             │
  │    Epistemic (I):     7.430  │  Information gain               │
  │    Complexity (C):    0.000  │  Model complexity               │
  │    ───────────────────────────────────────────────────────── │
  │    Total Free Energy:  42.570  │  G = E - I + C                  │
  ├──────────────────────────────────────────────────────────────┤
  │  Status: ⏸️  PENDING (queued for evaluation)                   │
  ╰──────────────────────────────────────────────────────────────╯
  [Memory]  Map (22/22): [██████████████████████]
🚀 APPLYING AXIOM IN SANDBOX: SPAWN_EXTRAPOLATE_TL_BR_8 (Tier: 6)
🚀 APPLYING AXIOM IN SANDBOX: SPAWN_EXTRAPOLATE_TL_BR_8 (Tier: 6)
🚀 APPLYING AXIOM IN SANDBOX: SPAWN_EXTRAPOLATE_TL_BR_8 (Tier: 6)
[Depth 1] Axioms: ["ROOT_START", "SPAWN_EXTRAPOLATE_TL_BR_8"] | Pragmatic: 52.00 | Epistemic: 6.70 | Prob: 1.0000 | Dim: 10x10
  ╭──────────────────────────────────────────────────────────────╮
  │  MCTS NODE [0] — Rank 1/2 │ Depth 1                       │
  ├──────────────────────────────────────────────────────────────┤
  │  P(dist): ━━━━━━━━━━━━━━━━━━━━━━━━━━━━━━ ●=1.000 μ=0.900 range[0.800, 1.000]   │
  │  Threshold: 0.050 ✓ SURVIVES                                │
  │  Energy Components:                                          │
  │    Pragmatic (E):    52.000  │  Goal-seeking error             │
  │    Epistemic (I):     6.697  │  Information gain               │
  │    Complexity (C):    0.000  │  Model complexity               │
  │    ───────────────────────────────────────────────────────── │
  │    Total Free Energy:  45.303  │  G = E - I + C                  │
  ├──────────────────────────────────────────────────────────────┤
  │  Status: 🌿 EXPANDING (exploring policies...)                   │
  ╰──────────────────────────────────────────────────────────────╯
  [Memory]  Map (30/30): [██████████████████████████████]
🚀 APPLYING AXIOM IN SANDBOX: SPAWN_EXTRAPOLATE_TR_BL_8 (Tier: 6)
🚀 APPLYING AXIOM IN SANDBOX: SPAWN_EXTRAPOLATE_TR_BL_8 (Tier: 6)
🚀 APPLYING AXIOM IN SANDBOX: SPAWN_EXTRAPOLATE_TR_BL_8 (Tier: 6)
[Depth 2] Axioms: ["ROOT_START", "SPAWN_EXTRAPOLATE_TL_BR_8", "SPAWN_EXTRAPOLATE_TR_BL_8"] | Pragmatic: 52.00 | Epistemic: 6.70 | Prob: 1.0000 | Dim: 10x10
  ╭──────────────────────────────────────────────────────────────╮
  │  MCTS NODE [0] — Rank 1/2 │ Depth 2                       │
  ├──────────────────────────────────────────────────────────────┤
  │  P(dist): ━━━━━━━━━━━━━━━━━━━━━━━━━━━━━━ ●=1.000 μ=0.900 range[0.800, 1.000]   │
  │  Threshold: 0.050 ✓ SURVIVES                                │
  │  Energy Components:                                          │
  │    Pragmatic (E):    52.000  │  Goal-seeking error             │
  │    Epistemic (I):     6.697  │  Information gain               │
  │    Complexity (C):    0.000  │  Model complexity               │
  │    ───────────────────────────────────────────────────────── │
  │    Total Free Energy:  45.303  │  G = E - I + C                  │
  ├──────────────────────────────────────────────────────────────┤
  │  Status: ⏸️  PENDING (queued for evaluation)                   │
  ╰──────────────────────────────────────────────────────────────╯
  [Memory]  Map (30/30): [██████████████████████████████]
🚀 APPLYING AXIOM IN SANDBOX: INTERSECTION_FILL_8 (Tier: 6)
🚀 APPLYING AXIOM IN SANDBOX: INTERSECTION_FILL_8 (Tier: 6)
🚀 APPLYING AXIOM IN SANDBOX: INTERSECTION_FILL_8 (Tier: 6)
[Depth 2] Axioms: ["ROOT_START", "SPAWN_EXTRAPOLATE_TL_BR_8", "INTERSECTION_FILL_8"] | Pragmatic: 75.00 | Epistemic: 8.00 | Prob: 1.0000 | Dim: 10x10
  ╭──────────────────────────────────────────────────────────────╮
  │  MCTS NODE [0] — Rank 1/2 │ Depth 2                       │
  ├──────────────────────────────────────────────────────────────┤
  │  P(dist): ━━━━━━━━━━━━━━━━━━━━━━━━━━━━━━ ●=1.000 μ=0.900 range[0.800, 1.000]   │
  │  Threshold: 0.050 ✓ SURVIVES                                │
  │  Energy Components:                                          │
  │    Pragmatic (E):    75.000  │  Goal-seeking error             │
  │    Epistemic (I):     7.998  │  Information gain               │
  │    Complexity (C):    0.000  │  Model complexity               │
  │    ───────────────────────────────────────────────────────── │
  │    Total Free Energy:  67.002  │  G = E - I + C                  │
  ├──────────────────────────────────────────────────────────────┤
  │  Status: ⏸️  PENDING (queued for evaluation)                   │
  ╰──────────────────────────────────────────────────────────────╯
  [Memory]  Map (37/37): [█████████████████████████████████████]
   🔍 Search Attempt 3: Exploring top 10 advanced axioms...
🚀 APPLYING AXIOM IN SANDBOX: SPAWN_EXTRAPOLATE_TL_BR_8 (Tier: 6)
🚀 APPLYING AXIOM IN SANDBOX: SPAWN_EXTRAPOLATE_TL_BR_8 (Tier: 6)
🚀 APPLYING AXIOM IN SANDBOX: SPAWN_EXTRAPOLATE_TL_BR_8 (Tier: 6)
🚀 APPLYING AXIOM IN SANDBOX: SPAWN_EXTRAPOLATE_TL_BR_8 (Tier: 6)
🚀 APPLYING AXIOM IN SANDBOX: SPAWN_EXTRAPOLATE_TL_BR_8 (Tier: 6)
🚀 APPLYING AXIOM IN SANDBOX: SPAWN_EXTRAPOLATE_TL_BR_8 (Tier: 6)
🚀 APPLYING AXIOM IN SANDBOX: SPAWN_EXTRAPOLATE_TL_BR_8 (Tier: 6)
🚀 APPLYING AXIOM IN SANDBOX: SPAWN_EXTRAPOLATE_TL_BR_8 (Tier: 6)
🚀 APPLYING AXIOM IN SANDBOX: SPAWN_EXTRAPOLATE_TL_BR_8 (Tier: 6)
🚀 APPLYING AXIOM IN SANDBOX: SPAWN_EXTRAPOLATE_TL_BR_8 (Tier: 6)
🚀 APPLYING AXIOM IN SANDBOX: SPAWN_EXTRAPOLATE_TL_BR_8 (Tier: 6)
🚀 APPLYING AXIOM IN SANDBOX: SPAWN_EXTRAPOLATE_TL_BR_8 (Tier: 6)
🚀 APPLYING AXIOM IN SANDBOX: INTERSECTION_FILL_8 (Tier: 6)
🚀 APPLYING AXIOM IN SANDBOX: INTERSECTION_FILL_8 (Tier: 6)
🚀 APPLYING AXIOM IN SANDBOX: INTERSECTION_FILL_8 (Tier: 6)
🚀 APPLYING AXIOM IN SANDBOX: INTERSECTION_FILL_8 (Tier: 6)
🚀 APPLYING AXIOM IN SANDBOX: INTERSECTION_FILL_8 (Tier: 6)
🚀 APPLYING AXIOM IN SANDBOX: INTERSECTION_FILL_8 (Tier: 6)
🚀 APPLYING AXIOM IN SANDBOX: INTERSECTION_FILL_8 (Tier: 6)
🚀 APPLYING AXIOM IN SANDBOX: INTERSECTION_FILL_8 (Tier: 6)
🚀 APPLYING AXIOM IN SANDBOX: INTERSECTION_FILL_8 (Tier: 6)
🚀 APPLYING AXIOM IN SANDBOX: INTERSECTION_FILL_8 (Tier: 6)
🚀 APPLYING AXIOM IN SANDBOX: INTERSECTION_FILL_8 (Tier: 6)
🚀 APPLYING AXIOM IN SANDBOX: INTERSECTION_FILL_8 (Tier: 6)
🚀 APPLYING AXIOM IN SANDBOX: SPAWN_EXTRAPOLATE_TR_BL_8 (Tier: 6)
🚀 APPLYING AXIOM IN SANDBOX: SPAWN_EXTRAPOLATE_TR_BL_8 (Tier: 6)
🚀 APPLYING AXIOM IN SANDBOX: SPAWN_EXTRAPOLATE_TR_BL_8 (Tier: 6)
🚀 APPLYING AXIOM IN SANDBOX: SPAWN_EXTRAPOLATE_TR_BL_8 (Tier: 6)
🚀 APPLYING AXIOM IN SANDBOX: SPAWN_EXTRAPOLATE_TR_BL_8 (Tier: 6)
🚀 APPLYING AXIOM IN SANDBOX: SPAWN_EXTRAPOLATE_TR_BL_8 (Tier: 6)
🚀 APPLYING AXIOM IN SANDBOX: SPAWN_EXTRAPOLATE_TL_BR_8 (Tier: 6)
🚀 APPLYING AXIOM IN SANDBOX: SPAWN_EXTRAPOLATE_TL_BR_8 (Tier: 6)
🚀 APPLYING AXIOM IN SANDBOX: SPAWN_EXTRAPOLATE_TL_BR_8 (Tier: 6)
🚀 APPLYING AXIOM IN SANDBOX: SPAWN_EXTRAPOLATE_TL_BR_8 (Tier: 6)
🚀 APPLYING AXIOM IN SANDBOX: SPAWN_EXTRAPOLATE_TL_BR_8 (Tier: 6)
🚀 APPLYING AXIOM IN SANDBOX: SPAWN_EXTRAPOLATE_TL_BR_8 (Tier: 6)
🚀 APPLYING AXIOM IN SANDBOX: SPAWN_EXTRAPOLATE_TL_BR_8 (Tier: 6)
🚀 APPLYING AXIOM IN SANDBOX: SPAWN_EXTRAPOLATE_TL_BR_8 (Tier: 6)
🚀 APPLYING AXIOM IN SANDBOX: SPAWN_EXTRAPOLATE_TL_BR_8 (Tier: 6)
🚀 APPLYING AXIOM IN SANDBOX: SPAWN_EXTRAPOLATE_TL_BR_8 (Tier: 6)
🚀 APPLYING AXIOM IN SANDBOX: SPAWN_EXTRAPOLATE_TL_BR_8 (Tier: 6)
🚀 APPLYING AXIOM IN SANDBOX: SPAWN_EXTRAPOLATE_TL_BR_8 (Tier: 6)
🚀 APPLYING AXIOM IN SANDBOX: INTERSECTION_FILL_8 (Tier: 6)
🚀 APPLYING AXIOM IN SANDBOX: INTERSECTION_FILL_8 (Tier: 6)
🚀 APPLYING AXIOM IN SANDBOX: INTERSECTION_FILL_8 (Tier: 6)
🚀 APPLYING AXIOM IN SANDBOX: INTERSECTION_FILL_8 (Tier: 6)
🚀 APPLYING AXIOM IN SANDBOX: INTERSECTION_FILL_8 (Tier: 6)
🚀 APPLYING AXIOM IN SANDBOX: INTERSECTION_FILL_8 (Tier: 6)
🚀 APPLYING AXIOM IN SANDBOX: INTERSECTION_FILL_8 (Tier: 6)
🚀 APPLYING AXIOM IN SANDBOX: INTERSECTION_FILL_8 (Tier: 6)
🚀 APPLYING AXIOM IN SANDBOX: INTERSECTION_FILL_8 (Tier: 6)
🚀 APPLYING AXIOM IN SANDBOX: INTERSECTION_FILL_8 (Tier: 6)
🚀 APPLYING AXIOM IN SANDBOX: INTERSECTION_FILL_8 (Tier: 6)
🚀 APPLYING AXIOM IN SANDBOX: INTERSECTION_FILL_8 (Tier: 6)
🚀 APPLYING AXIOM IN SANDBOX: SPAWN_EXTRAPOLATE_TR_BL_8 (Tier: 6)
🚀 APPLYING AXIOM IN SANDBOX: SPAWN_EXTRAPOLATE_TR_BL_8 (Tier: 6)
🚀 APPLYING AXIOM IN SANDBOX: SPAWN_EXTRAPOLATE_TR_BL_8 (Tier: 6)
🚀 APPLYING AXIOM IN SANDBOX: SPAWN_EXTRAPOLATE_TR_BL_8 (Tier: 6)
🚀 APPLYING AXIOM IN SANDBOX: SPAWN_EXTRAPOLATE_TR_BL_8 (Tier: 6)
🚀 APPLYING AXIOM IN SANDBOX: SPAWN_EXTRAPOLATE_TR_BL_8 (Tier: 6)
   ⚡ Memulai MCTS dari ROOT ZERO-POINT dengan 4 amunisi unik...
🚀 APPLYING AXIOM IN SANDBOX: ROOT_START (Tier: 0)
🚀 APPLYING AXIOM IN SANDBOX: ROOT_START (Tier: 0)
🚀 APPLYING AXIOM IN SANDBOX: ROOT_START (Tier: 0)
[Depth 0] Axioms: ["ROOT_START"] | Pragmatic: -1500.00 | Epistemic: 0.00 | Prob: 0.9900 | Dim: 10x10
  ╭──────────────────────────────────────────────────────────────╮
  │  MCTS NODE [0] — Rank 1/2 │ Depth 0                       │
  ├──────────────────────────────────────────────────────────────┤
  │  P(dist): ━━━━━━━━━━━━━━━━━━━━━━━━━━━━━━ ●=0.990 μ=0.895 range[0.800, 0.990]   │
  │  Threshold: 0.050 ✓ SURVIVES                                │
  │  Energy Components:                                          │
  │    Pragmatic (E):  -1500.000  │  Goal-seeking error             │
  │    Epistemic (I):     0.000  │  Information gain               │
  │    Complexity (C):    0.000  │  Model complexity               │
  │    ───────────────────────────────────────────────────────── │
  │    Total Free Energy: -1500.000  │  G = E - I + C                  │
  ├──────────────────────────────────────────────────────────────┤
  │  Status: 🌿 EXPANDING (exploring policies...)                   │
  ╰──────────────────────────────────────────────────────────────╯
  [Memory]  Map (4/4): [████]
🚀 APPLYING AXIOM IN SANDBOX: SPAWN_EXTRAPOLATE_ORTHOGONAL_8 (Tier: 6)
🚀 APPLYING AXIOM IN SANDBOX: SPAWN_EXTRAPOLATE_ORTHOGONAL_8 (Tier: 6)
🚀 APPLYING AXIOM IN SANDBOX: SPAWN_EXTRAPOLATE_ORTHOGONAL_8 (Tier: 6)
[Depth 1] Axioms: ["ROOT_START", "SPAWN_EXTRAPOLATE_ORTHOGONAL_8"] | Pragmatic: 52.00 | Epistemic: 6.70 | Prob: 1.0000 | Dim: 10x10
  ╭──────────────────────────────────────────────────────────────╮
  │  MCTS NODE [0] — Rank 1/2 │ Depth 1                       │
  ├──────────────────────────────────────────────────────────────┤
  │  P(dist): ━━━━━━━━━━━━━━━━━━━━━━━━━━━━━━ ●=1.000 μ=0.900 range[0.800, 1.000]   │
  │  Threshold: 0.050 ✓ SURVIVES                                │
  │  Energy Components:                                          │
  │    Pragmatic (E):    52.000  │  Goal-seeking error             │
  │    Epistemic (I):     6.697  │  Information gain               │
  │    Complexity (C):    0.000  │  Model complexity               │
  │    ───────────────────────────────────────────────────────── │
  │    Total Free Energy:  45.303  │  G = E - I + C                  │
  ├──────────────────────────────────────────────────────────────┤
  │  Status: 🌿 EXPANDING (exploring policies...)                   │
  ╰──────────────────────────────────────────────────────────────╯
  [Memory]  Map (30/30): [██████████████████████████████]
🚀 APPLYING AXIOM IN SANDBOX: INTERSECTION_FILL_8 (Tier: 6)
🚀 APPLYING AXIOM IN SANDBOX: INTERSECTION_FILL_8 (Tier: 6)
🚀 APPLYING AXIOM IN SANDBOX: INTERSECTION_FILL_8 (Tier: 6)
[Depth 2] Axioms: ["ROOT_START", "SPAWN_EXTRAPOLATE_ORTHOGONAL_8", "INTERSECTION_FILL_8"] | Pragmatic: 75.00 | Epistemic: 8.00 | Prob: 1.0000 | Dim: 10x10
  ╭──────────────────────────────────────────────────────────────╮
  │  MCTS NODE [0] — Rank 1/2 │ Depth 2                       │
  ├──────────────────────────────────────────────────────────────┤
  │  P(dist): ━━━━━━━━━━━━━━━━━━━━━━━━━━━━━━ ●=1.000 μ=0.900 range[0.800, 1.000]   │
  │  Threshold: 0.050 ✓ SURVIVES                                │
  │  Energy Components:                                          │
  │    Pragmatic (E):    75.000  │  Goal-seeking error             │
  │    Epistemic (I):     7.998  │  Information gain               │
  │    Complexity (C):    0.000  │  Model complexity               │
  │    ───────────────────────────────────────────────────────── │
  │    Total Free Energy:  67.002  │  G = E - I + C                  │
  ├──────────────────────────────────────────────────────────────┤
  │  Status: ⏸️  PENDING (queued for evaluation)                   │
  ╰──────────────────────────────────────────────────────────────╯
  [Memory]  Map (37/37): [█████████████████████████████████████]
🚀 APPLYING AXIOM IN SANDBOX: SPAWN_EXTRAPOLATE_TL_BR_8 (Tier: 6)
🚀 APPLYING AXIOM IN SANDBOX: SPAWN_EXTRAPOLATE_TL_BR_8 (Tier: 6)
🚀 APPLYING AXIOM IN SANDBOX: SPAWN_EXTRAPOLATE_TL_BR_8 (Tier: 6)
[Depth 2] Axioms: ["ROOT_START", "SPAWN_EXTRAPOLATE_ORTHOGONAL_8", "SPAWN_EXTRAPOLATE_TL_BR_8"] | Pragmatic: 52.00 | Epistemic: 6.70 | Prob: 1.0000 | Dim: 10x10
  ╭──────────────────────────────────────────────────────────────╮
  │  MCTS NODE [0] — Rank 1/2 │ Depth 2                       │
  ├──────────────────────────────────────────────────────────────┤
  │  P(dist): ━━━━━━━━━━━━━━━━━━━━━━━━━━━━━━ ●=1.000 μ=0.900 range[0.800, 1.000]   │
  │  Threshold: 0.050 ✓ SURVIVES                                │
  │  Energy Components:                                          │
  │    Pragmatic (E):    52.000  │  Goal-seeking error             │
  │    Epistemic (I):     6.697  │  Information gain               │
  │    Complexity (C):    0.000  │  Model complexity               │
  │    ───────────────────────────────────────────────────────── │
  │    Total Free Energy:  45.303  │  G = E - I + C                  │
  ├──────────────────────────────────────────────────────────────┤
  │  Status: ⏸️  PENDING (queued for evaluation)                   │
  ╰──────────────────────────────────────────────────────────────╯
  [Memory]  Map (30/30): [██████████████████████████████]
🚀 APPLYING AXIOM IN SANDBOX: SPAWN_EXTRAPOLATE_TR_BL_8 (Tier: 6)
🚀 APPLYING AXIOM IN SANDBOX: SPAWN_EXTRAPOLATE_TR_BL_8 (Tier: 6)
🚀 APPLYING AXIOM IN SANDBOX: SPAWN_EXTRAPOLATE_TR_BL_8 (Tier: 6)
[Depth 1] Axioms: ["ROOT_START", "SPAWN_EXTRAPOLATE_TR_BL_8"] | Pragmatic: 52.00 | Epistemic: 6.70 | Prob: 1.0000 | Dim: 10x10
  ╭──────────────────────────────────────────────────────────────╮
  │  MCTS NODE [0] — Rank 1/2 │ Depth 1                       │
  ├──────────────────────────────────────────────────────────────┤
  │  P(dist): ━━━━━━━━━━━━━━━━━━━━━━━━━━━━━━ ●=1.000 μ=0.900 range[0.800, 1.000]   │
  │  Threshold: 0.050 ✓ SURVIVES                                │
  │  Energy Components:                                          │
  │    Pragmatic (E):    52.000  │  Goal-seeking error             │
  │    Epistemic (I):     6.697  │  Information gain               │
  │    Complexity (C):    0.000  │  Model complexity               │
  │    ───────────────────────────────────────────────────────── │
  │    Total Free Energy:  45.303  │  G = E - I + C                  │
  ├──────────────────────────────────────────────────────────────┤
  │  Status: 🌿 EXPANDING (exploring policies...)                   │
  ╰──────────────────────────────────────────────────────────────╯
  [Memory]  Map (30/30): [██████████████████████████████]
🚀 APPLYING AXIOM IN SANDBOX: INTERSECTION_FILL_8 (Tier: 6)
🚀 APPLYING AXIOM IN SANDBOX: INTERSECTION_FILL_8 (Tier: 6)
🚀 APPLYING AXIOM IN SANDBOX: INTERSECTION_FILL_8 (Tier: 6)
[Depth 2] Axioms: ["ROOT_START", "SPAWN_EXTRAPOLATE_TR_BL_8", "INTERSECTION_FILL_8"] | Pragmatic: 75.00 | Epistemic: 8.00 | Prob: 1.0000 | Dim: 10x10
  ╭──────────────────────────────────────────────────────────────╮
  │  MCTS NODE [0] — Rank 1/2 │ Depth 2                       │
  ├──────────────────────────────────────────────────────────────┤
  │  P(dist): ━━━━━━━━━━━━━━━━━━━━━━━━━━━━━━ ●=1.000 μ=0.900 range[0.800, 1.000]   │
  │  Threshold: 0.050 ✓ SURVIVES                                │
  │  Energy Components:                                          │
  │    Pragmatic (E):    75.000  │  Goal-seeking error             │
  │    Epistemic (I):     7.998  │  Information gain               │
  │    Complexity (C):    0.000  │  Model complexity               │
  │    ───────────────────────────────────────────────────────── │
  │    Total Free Energy:  67.002  │  G = E - I + C                  │
  ├──────────────────────────────────────────────────────────────┤
  │  Status: ⏸️  PENDING (queued for evaluation)                   │
  ╰──────────────────────────────────────────────────────────────╯
  [Memory]  Map (37/37): [█████████████████████████████████████]
🚀 APPLYING AXIOM IN SANDBOX: SPAWN_EXTRAPOLATE_TL_BR_8 (Tier: 6)
🚀 APPLYING AXIOM IN SANDBOX: SPAWN_EXTRAPOLATE_TL_BR_8 (Tier: 6)
🚀 APPLYING AXIOM IN SANDBOX: SPAWN_EXTRAPOLATE_TL_BR_8 (Tier: 6)
[Depth 2] Axioms: ["ROOT_START", "SPAWN_EXTRAPOLATE_TR_BL_8", "SPAWN_EXTRAPOLATE_TL_BR_8"] | Pragmatic: 52.00 | Epistemic: 6.70 | Prob: 1.0000 | Dim: 10x10
  ╭──────────────────────────────────────────────────────────────╮
  │  MCTS NODE [0] — Rank 1/2 │ Depth 2                       │
  ├──────────────────────────────────────────────────────────────┤
  │  P(dist): ━━━━━━━━━━━━━━━━━━━━━━━━━━━━━━ ●=1.000 μ=0.900 range[0.800, 1.000]   │
  │  Threshold: 0.050 ✓ SURVIVES                                │
  │  Energy Components:                                          │
  │    Pragmatic (E):    52.000  │  Goal-seeking error             │
  │    Epistemic (I):     6.697  │  Information gain               │
  │    Complexity (C):    0.000  │  Model complexity               │
  │    ───────────────────────────────────────────────────────── │
  │    Total Free Energy:  45.303  │  G = E - I + C                  │
  ├──────────────────────────────────────────────────────────────┤
  │  Status: ⏸️  PENDING (queued for evaluation)                   │
  ╰──────────────────────────────────────────────────────────────╯
  [Memory]  Map (30/30): [██████████████████████████████]
🚀 APPLYING AXIOM IN SANDBOX: INTERSECTION_FILL_8 (Tier: 6)
🚀 APPLYING AXIOM IN SANDBOX: INTERSECTION_FILL_8 (Tier: 6)
🚀 APPLYING AXIOM IN SANDBOX: INTERSECTION_FILL_8 (Tier: 6)
[Depth 1] Axioms: ["ROOT_START", "INTERSECTION_FILL_8"] | Pragmatic: 58.00 | Epistemic: 6.92 | Prob: 1.0000 | Dim: 10x10
  ╭──────────────────────────────────────────────────────────────╮
  │  MCTS NODE [0] — Rank 1/2 │ Depth 1                       │
  ├──────────────────────────────────────────────────────────────┤
  │  P(dist): ━━━━━━━━━━━━━━━━━━━━━━━━━━━━━━ ●=1.000 μ=0.900 range[0.800, 1.000]   │
  │  Threshold: 0.050 ✓ SURVIVES                                │
  │  Energy Components:                                          │
  │    Pragmatic (E):    58.000  │  Goal-seeking error             │
  │    Epistemic (I):     6.919  │  Information gain               │
  │    Complexity (C):    0.000  │  Model complexity               │
  │    ───────────────────────────────────────────────────────── │
  │    Total Free Energy:  51.081  │  G = E - I + C                  │
  ├──────────────────────────────────────────────────────────────┤
  │  Status: 🌿 EXPANDING (exploring policies...)                   │
  ╰──────────────────────────────────────────────────────────────╯
  [Memory]  Map (22/22): [██████████████████████]
🚀 APPLYING AXIOM IN SANDBOX: SPAWN_EXTRAPOLATE_TR_BL_8 (Tier: 6)
🚀 APPLYING AXIOM IN SANDBOX: SPAWN_EXTRAPOLATE_TR_BL_8 (Tier: 6)
🚀 APPLYING AXIOM IN SANDBOX: SPAWN_EXTRAPOLATE_TR_BL_8 (Tier: 6)
[Depth 2] Axioms: ["ROOT_START", "INTERSECTION_FILL_8", "SPAWN_EXTRAPOLATE_TR_BL_8"] | Pragmatic: 50.00 | Epistemic: 7.43 | Prob: 1.0000 | Dim: 10x10
  ╭──────────────────────────────────────────────────────────────╮
  │  MCTS NODE [0] — Rank 1/2 │ Depth 2                       │
  ├──────────────────────────────────────────────────────────────┤
  │  P(dist): ━━━━━━━━━━━━━━━━━━━━━━━━━━━━━━ ●=1.000 μ=0.900 range[0.800, 1.000]   │
  │  Threshold: 0.050 ✓ SURVIVES                                │
  │  Energy Components:                                          │
  │    Pragmatic (E):    50.000  │  Goal-seeking error             │
  │    Epistemic (I):     7.430  │  Information gain               │
  │    Complexity (C):    0.000  │  Model complexity               │
  │    ───────────────────────────────────────────────────────── │
  │    Total Free Energy:  42.570  │  G = E - I + C                  │
  ├──────────────────────────────────────────────────────────────┤
  │  Status: ⏸️  PENDING (queued for evaluation)                   │
  ╰──────────────────────────────────────────────────────────────╯
  [Memory]  Map (22/22): [██████████████████████]
🚀 APPLYING AXIOM IN SANDBOX: SPAWN_EXTRAPOLATE_TL_BR_8 (Tier: 6)
🚀 APPLYING AXIOM IN SANDBOX: SPAWN_EXTRAPOLATE_TL_BR_8 (Tier: 6)
🚀 APPLYING AXIOM IN SANDBOX: SPAWN_EXTRAPOLATE_TL_BR_8 (Tier: 6)
[Depth 2] Axioms: ["ROOT_START", "INTERSECTION_FILL_8", "SPAWN_EXTRAPOLATE_TL_BR_8"] | Pragmatic: 50.00 | Epistemic: 7.43 | Prob: 1.0000 | Dim: 10x10
  ╭──────────────────────────────────────────────────────────────╮
  │  MCTS NODE [0] — Rank 1/2 │ Depth 2                       │
  ├──────────────────────────────────────────────────────────────┤
  │  P(dist): ━━━━━━━━━━━━━━━━━━━━━━━━━━━━━━ ●=1.000 μ=0.900 range[0.800, 1.000]   │
  │  Threshold: 0.050 ✓ SURVIVES                                │
  │  Energy Components:                                          │
  │    Pragmatic (E):    50.000  │  Goal-seeking error             │
  │    Epistemic (I):     7.430  │  Information gain               │
  │    Complexity (C):    0.000  │  Model complexity               │
  │    ───────────────────────────────────────────────────────── │
  │    Total Free Energy:  42.570  │  G = E - I + C                  │
  ├──────────────────────────────────────────────────────────────┤
  │  Status: ⏸️  PENDING (queued for evaluation)                   │
  ╰──────────────────────────────────────────────────────────────╯
  [Memory]  Map (22/22): [██████████████████████]
🚀 APPLYING AXIOM IN SANDBOX: SPAWN_EXTRAPOLATE_TL_BR_8 (Tier: 6)
🚀 APPLYING AXIOM IN SANDBOX: SPAWN_EXTRAPOLATE_TL_BR_8 (Tier: 6)
🚀 APPLYING AXIOM IN SANDBOX: SPAWN_EXTRAPOLATE_TL_BR_8 (Tier: 6)
[Depth 1] Axioms: ["ROOT_START", "SPAWN_EXTRAPOLATE_TL_BR_8"] | Pragmatic: 52.00 | Epistemic: 6.70 | Prob: 1.0000 | Dim: 10x10
  ╭──────────────────────────────────────────────────────────────╮
  │  MCTS NODE [0] — Rank 1/2 │ Depth 1                       │
  ├──────────────────────────────────────────────────────────────┤
  │  P(dist): ━━━━━━━━━━━━━━━━━━━━━━━━━━━━━━ ●=1.000 μ=0.900 range[0.800, 1.000]   │
  │  Threshold: 0.050 ✓ SURVIVES                                │
  │  Energy Components:                                          │
  │    Pragmatic (E):    52.000  │  Goal-seeking error             │
  │    Epistemic (I):     6.697  │  Information gain               │
  │    Complexity (C):    0.000  │  Model complexity               │
  │    ───────────────────────────────────────────────────────── │
  │    Total Free Energy:  45.303  │  G = E - I + C                  │
  ├──────────────────────────────────────────────────────────────┤
  │  Status: 🌿 EXPANDING (exploring policies...)                   │
  ╰──────────────────────────────────────────────────────────────╯
  [Memory]  Map (30/30): [██████████████████████████████]
🚀 APPLYING AXIOM IN SANDBOX: SPAWN_EXTRAPOLATE_TR_BL_8 (Tier: 6)
🚀 APPLYING AXIOM IN SANDBOX: SPAWN_EXTRAPOLATE_TR_BL_8 (Tier: 6)
🚀 APPLYING AXIOM IN SANDBOX: SPAWN_EXTRAPOLATE_TR_BL_8 (Tier: 6)
[Depth 2] Axioms: ["ROOT_START", "SPAWN_EXTRAPOLATE_TL_BR_8", "SPAWN_EXTRAPOLATE_TR_BL_8"] | Pragmatic: 52.00 | Epistemic: 6.70 | Prob: 1.0000 | Dim: 10x10
  ╭──────────────────────────────────────────────────────────────╮
  │  MCTS NODE [0] — Rank 1/2 │ Depth 2                       │
  ├──────────────────────────────────────────────────────────────┤
  │  P(dist): ━━━━━━━━━━━━━━━━━━━━━━━━━━━━━━ ●=1.000 μ=0.900 range[0.800, 1.000]   │
  │  Threshold: 0.050 ✓ SURVIVES                                │
  │  Energy Components:                                          │
  │    Pragmatic (E):    52.000  │  Goal-seeking error             │
  │    Epistemic (I):     6.697  │  Information gain               │
  │    Complexity (C):    0.000  │  Model complexity               │
  │    ───────────────────────────────────────────────────────── │
  │    Total Free Energy:  45.303  │  G = E - I + C                  │
  ├──────────────────────────────────────────────────────────────┤
  │  Status: ⏸️  PENDING (queued for evaluation)                   │
  ╰──────────────────────────────────────────────────────────────╯
  [Memory]  Map (30/30): [██████████████████████████████]
🚀 APPLYING AXIOM IN SANDBOX: INTERSECTION_FILL_8 (Tier: 6)
🚀 APPLYING AXIOM IN SANDBOX: INTERSECTION_FILL_8 (Tier: 6)
🚀 APPLYING AXIOM IN SANDBOX: INTERSECTION_FILL_8 (Tier: 6)
[Depth 2] Axioms: ["ROOT_START", "SPAWN_EXTRAPOLATE_TL_BR_8", "INTERSECTION_FILL_8"] | Pragmatic: 75.00 | Epistemic: 8.00 | Prob: 1.0000 | Dim: 10x10
  ╭──────────────────────────────────────────────────────────────╮
  │  MCTS NODE [0] — Rank 1/2 │ Depth 2                       │
  ├──────────────────────────────────────────────────────────────┤
  │  P(dist): ━━━━━━━━━━━━━━━━━━━━━━━━━━━━━━ ●=1.000 μ=0.900 range[0.800, 1.000]   │
  │  Threshold: 0.050 ✓ SURVIVES                                │
  │  Energy Components:                                          │
  │    Pragmatic (E):    75.000  │  Goal-seeking error             │
  │    Epistemic (I):     7.998  │  Information gain               │
  │    Complexity (C):    0.000  │  Model complexity               │
  │    ───────────────────────────────────────────────────────── │
  │    Total Free Energy:  67.002  │  G = E - I + C                  │
  ├──────────────────────────────────────────────────────────────┤
  │  Status: ⏸️  PENDING (queued for evaluation)                   │
  ╰──────────────────────────────────────────────────────────────╯
  [Memory]  Map (37/37): [█████████████████████████████████████]
   🔍 Search Attempt 4: Exploring top 20 advanced axioms...
🚀 APPLYING AXIOM IN SANDBOX: SPAWN_EXTRAPOLATE_TL_BR_8 (Tier: 6)
🚀 APPLYING AXIOM IN SANDBOX: SPAWN_EXTRAPOLATE_TL_BR_8 (Tier: 6)
🚀 APPLYING AXIOM IN SANDBOX: SPAWN_EXTRAPOLATE_TL_BR_8 (Tier: 6)
🚀 APPLYING AXIOM IN SANDBOX: SPAWN_EXTRAPOLATE_TL_BR_8 (Tier: 6)
🚀 APPLYING AXIOM IN SANDBOX: SPAWN_EXTRAPOLATE_TL_BR_8 (Tier: 6)
🚀 APPLYING AXIOM IN SANDBOX: SPAWN_EXTRAPOLATE_TL_BR_8 (Tier: 6)
🚀 APPLYING AXIOM IN SANDBOX: SPAWN_EXTRAPOLATE_TL_BR_8 (Tier: 6)
🚀 APPLYING AXIOM IN SANDBOX: SPAWN_EXTRAPOLATE_TL_BR_8 (Tier: 6)
🚀 APPLYING AXIOM IN SANDBOX: SPAWN_EXTRAPOLATE_TL_BR_8 (Tier: 6)
🚀 APPLYING AXIOM IN SANDBOX: SPAWN_EXTRAPOLATE_TL_BR_8 (Tier: 6)
🚀 APPLYING AXIOM IN SANDBOX: SPAWN_EXTRAPOLATE_TL_BR_8 (Tier: 6)
🚀 APPLYING AXIOM IN SANDBOX: SPAWN_EXTRAPOLATE_TL_BR_8 (Tier: 6)
🚀 APPLYING AXIOM IN SANDBOX: INTERSECTION_FILL_8 (Tier: 6)
🚀 APPLYING AXIOM IN SANDBOX: INTERSECTION_FILL_8 (Tier: 6)
🚀 APPLYING AXIOM IN SANDBOX: INTERSECTION_FILL_8 (Tier: 6)
🚀 APPLYING AXIOM IN SANDBOX: INTERSECTION_FILL_8 (Tier: 6)
🚀 APPLYING AXIOM IN SANDBOX: INTERSECTION_FILL_8 (Tier: 6)
🚀 APPLYING AXIOM IN SANDBOX: INTERSECTION_FILL_8 (Tier: 6)
🚀 APPLYING AXIOM IN SANDBOX: INTERSECTION_FILL_8 (Tier: 6)
🚀 APPLYING AXIOM IN SANDBOX: INTERSECTION_FILL_8 (Tier: 6)
🚀 APPLYING AXIOM IN SANDBOX: INTERSECTION_FILL_8 (Tier: 6)
🚀 APPLYING AXIOM IN SANDBOX: INTERSECTION_FILL_8 (Tier: 6)
🚀 APPLYING AXIOM IN SANDBOX: INTERSECTION_FILL_8 (Tier: 6)
🚀 APPLYING AXIOM IN SANDBOX: INTERSECTION_FILL_8 (Tier: 6)
🚀 APPLYING AXIOM IN SANDBOX: SPAWN_EXTRAPOLATE_TR_BL_8 (Tier: 6)
🚀 APPLYING AXIOM IN SANDBOX: SPAWN_EXTRAPOLATE_TR_BL_8 (Tier: 6)
🚀 APPLYING AXIOM IN SANDBOX: SPAWN_EXTRAPOLATE_TR_BL_8 (Tier: 6)
🚀 APPLYING AXIOM IN SANDBOX: SPAWN_EXTRAPOLATE_TR_BL_8 (Tier: 6)
🚀 APPLYING AXIOM IN SANDBOX: SPAWN_EXTRAPOLATE_TR_BL_8 (Tier: 6)
🚀 APPLYING AXIOM IN SANDBOX: SPAWN_EXTRAPOLATE_TR_BL_8 (Tier: 6)
🚀 APPLYING AXIOM IN SANDBOX: SPAWN_EXTRAPOLATE_TR_BL_8 (Tier: 6)
🚀 APPLYING AXIOM IN SANDBOX: SPAWN_EXTRAPOLATE_TR_BL_8 (Tier: 6)
🚀 APPLYING AXIOM IN SANDBOX: SPAWN_EXTRAPOLATE_TR_BL_8 (Tier: 6)
🚀 APPLYING AXIOM IN SANDBOX: SPAWN_EXTRAPOLATE_TR_BL_8 (Tier: 6)
🚀 APPLYING AXIOM IN SANDBOX: SPAWN_EXTRAPOLATE_TR_BL_8 (Tier: 6)
🚀 APPLYING AXIOM IN SANDBOX: SPAWN_EXTRAPOLATE_TR_BL_8 (Tier: 6)
🚀 APPLYING AXIOM IN SANDBOX: SPAWN_EXTRAPOLATE_ORTHOGONAL_8 (Tier: 6)
🚀 APPLYING AXIOM IN SANDBOX: SPAWN_EXTRAPOLATE_ORTHOGONAL_8 (Tier: 6)
🚀 APPLYING AXIOM IN SANDBOX: SPAWN_EXTRAPOLATE_ORTHOGONAL_8 (Tier: 6)
🚀 APPLYING AXIOM IN SANDBOX: SPAWN_EXTRAPOLATE_ORTHOGONAL_8 (Tier: 6)
🚀 APPLYING AXIOM IN SANDBOX: SPAWN_EXTRAPOLATE_ORTHOGONAL_8 (Tier: 6)
🚀 APPLYING AXIOM IN SANDBOX: SPAWN_EXTRAPOLATE_ORTHOGONAL_8 (Tier: 6)
🚀 APPLYING AXIOM IN SANDBOX: SPAWN_EXTRAPOLATE_ORTHOGONAL_8 (Tier: 6)
🚀 APPLYING AXIOM IN SANDBOX: SPAWN_EXTRAPOLATE_ORTHOGONAL_8 (Tier: 6)
🚀 APPLYING AXIOM IN SANDBOX: SPAWN_EXTRAPOLATE_ORTHOGONAL_8 (Tier: 6)
🚀 APPLYING AXIOM IN SANDBOX: SPAWN_EXTRAPOLATE_ORTHOGONAL_8 (Tier: 6)
🚀 APPLYING AXIOM IN SANDBOX: SPAWN_EXTRAPOLATE_ORTHOGONAL_8 (Tier: 6)
🚀 APPLYING AXIOM IN SANDBOX: SPAWN_EXTRAPOLATE_ORTHOGONAL_8 (Tier: 6)
🚀 APPLYING AXIOM IN SANDBOX: SPAWN_EXTRAPOLATE_TL_BR_8 (Tier: 6)
🚀 APPLYING AXIOM IN SANDBOX: SPAWN_EXTRAPOLATE_TL_BR_8 (Tier: 6)
🚀 APPLYING AXIOM IN SANDBOX: SPAWN_EXTRAPOLATE_TL_BR_8 (Tier: 6)
🚀 APPLYING AXIOM IN SANDBOX: SPAWN_EXTRAPOLATE_TL_BR_8 (Tier: 6)
🚀 APPLYING AXIOM IN SANDBOX: SPAWN_EXTRAPOLATE_TL_BR_8 (Tier: 6)
🚀 APPLYING AXIOM IN SANDBOX: SPAWN_EXTRAPOLATE_TL_BR_8 (Tier: 6)
🚀 APPLYING AXIOM IN SANDBOX: SPAWN_EXTRAPOLATE_TL_BR_8 (Tier: 6)
🚀 APPLYING AXIOM IN SANDBOX: SPAWN_EXTRAPOLATE_TL_BR_8 (Tier: 6)
🚀 APPLYING AXIOM IN SANDBOX: SPAWN_EXTRAPOLATE_TL_BR_8 (Tier: 6)
🚀 APPLYING AXIOM IN SANDBOX: SPAWN_EXTRAPOLATE_TL_BR_8 (Tier: 6)
🚀 APPLYING AXIOM IN SANDBOX: SPAWN_EXTRAPOLATE_TL_BR_8 (Tier: 6)
🚀 APPLYING AXIOM IN SANDBOX: SPAWN_EXTRAPOLATE_TL_BR_8 (Tier: 6)
🚀 APPLYING AXIOM IN SANDBOX: INTERSECTION_FILL_8 (Tier: 6)
🚀 APPLYING AXIOM IN SANDBOX: INTERSECTION_FILL_8 (Tier: 6)
🚀 APPLYING AXIOM IN SANDBOX: INTERSECTION_FILL_8 (Tier: 6)
🚀 APPLYING AXIOM IN SANDBOX: INTERSECTION_FILL_8 (Tier: 6)
🚀 APPLYING AXIOM IN SANDBOX: INTERSECTION_FILL_8 (Tier: 6)
🚀 APPLYING AXIOM IN SANDBOX: INTERSECTION_FILL_8 (Tier: 6)
🚀 APPLYING AXIOM IN SANDBOX: INTERSECTION_FILL_8 (Tier: 6)
🚀 APPLYING AXIOM IN SANDBOX: INTERSECTION_FILL_8 (Tier: 6)
🚀 APPLYING AXIOM IN SANDBOX: INTERSECTION_FILL_8 (Tier: 6)
🚀 APPLYING AXIOM IN SANDBOX: INTERSECTION_FILL_8 (Tier: 6)
🚀 APPLYING AXIOM IN SANDBOX: INTERSECTION_FILL_8 (Tier: 6)
🚀 APPLYING AXIOM IN SANDBOX: INTERSECTION_FILL_8 (Tier: 6)
🚀 APPLYING AXIOM IN SANDBOX: SPAWN_EXTRAPOLATE_TR_BL_8 (Tier: 6)
🚀 APPLYING AXIOM IN SANDBOX: SPAWN_EXTRAPOLATE_TR_BL_8 (Tier: 6)
🚀 APPLYING AXIOM IN SANDBOX: SPAWN_EXTRAPOLATE_TR_BL_8 (Tier: 6)
🚀 APPLYING AXIOM IN SANDBOX: SPAWN_EXTRAPOLATE_TR_BL_8 (Tier: 6)
🚀 APPLYING AXIOM IN SANDBOX: SPAWN_EXTRAPOLATE_TR_BL_8 (Tier: 6)
🚀 APPLYING AXIOM IN SANDBOX: SPAWN_EXTRAPOLATE_TR_BL_8 (Tier: 6)
🚀 APPLYING AXIOM IN SANDBOX: SPAWN_EXTRAPOLATE_TR_BL_8 (Tier: 6)
🚀 APPLYING AXIOM IN SANDBOX: SPAWN_EXTRAPOLATE_TR_BL_8 (Tier: 6)
🚀 APPLYING AXIOM IN SANDBOX: SPAWN_EXTRAPOLATE_TR_BL_8 (Tier: 6)
🚀 APPLYING AXIOM IN SANDBOX: SPAWN_EXTRAPOLATE_TR_BL_8 (Tier: 6)
🚀 APPLYING AXIOM IN SANDBOX: SPAWN_EXTRAPOLATE_TR_BL_8 (Tier: 6)
🚀 APPLYING AXIOM IN SANDBOX: SPAWN_EXTRAPOLATE_TR_BL_8 (Tier: 6)
🚀 APPLYING AXIOM IN SANDBOX: SPAWN_EXTRAPOLATE_ORTHOGONAL_8 (Tier: 6)
🚀 APPLYING AXIOM IN SANDBOX: SPAWN_EXTRAPOLATE_ORTHOGONAL_8 (Tier: 6)
🚀 APPLYING AXIOM IN SANDBOX: SPAWN_EXTRAPOLATE_ORTHOGONAL_8 (Tier: 6)
🚀 APPLYING AXIOM IN SANDBOX: SPAWN_EXTRAPOLATE_ORTHOGONAL_8 (Tier: 6)
🚀 APPLYING AXIOM IN SANDBOX: SPAWN_EXTRAPOLATE_ORTHOGONAL_8 (Tier: 6)
🚀 APPLYING AXIOM IN SANDBOX: SPAWN_EXTRAPOLATE_ORTHOGONAL_8 (Tier: 6)
🚀 APPLYING AXIOM IN SANDBOX: SPAWN_EXTRAPOLATE_ORTHOGONAL_8 (Tier: 6)
🚀 APPLYING AXIOM IN SANDBOX: SPAWN_EXTRAPOLATE_ORTHOGONAL_8 (Tier: 6)
🚀 APPLYING AXIOM IN SANDBOX: SPAWN_EXTRAPOLATE_ORTHOGONAL_8 (Tier: 6)
🚀 APPLYING AXIOM IN SANDBOX: SPAWN_EXTRAPOLATE_ORTHOGONAL_8 (Tier: 6)
🚀 APPLYING AXIOM IN SANDBOX: SPAWN_EXTRAPOLATE_ORTHOGONAL_8 (Tier: 6)
🚀 APPLYING AXIOM IN SANDBOX: SPAWN_EXTRAPOLATE_ORTHOGONAL_8 (Tier: 6)
   ⚡ Memulai MCTS dari ROOT ZERO-POINT dengan 4 amunisi unik...
🚀 APPLYING AXIOM IN SANDBOX: ROOT_START (Tier: 0)
🚀 APPLYING AXIOM IN SANDBOX: ROOT_START (Tier: 0)
🚀 APPLYING AXIOM IN SANDBOX: ROOT_START (Tier: 0)
[Depth 0] Axioms: ["ROOT_START"] | Pragmatic: -1500.00 | Epistemic: 0.00 | Prob: 0.9900 | Dim: 10x10
  ╭──────────────────────────────────────────────────────────────╮
  │  MCTS NODE [0] — Rank 1/2 │ Depth 0                       │
  ├──────────────────────────────────────────────────────────────┤
  │  P(dist): ━━━━━━━━━━━━━━━━━━━━━━━━━━━━━━ ●=0.990 μ=0.895 range[0.800, 0.990]   │
  │  Threshold: 0.050 ✓ SURVIVES                                │
  │  Energy Components:                                          │
  │    Pragmatic (E):  -1500.000  │  Goal-seeking error             │
  │    Epistemic (I):     0.000  │  Information gain               │
  │    Complexity (C):    0.000  │  Model complexity               │
  │    ───────────────────────────────────────────────────────── │
  │    Total Free Energy: -1500.000  │  G = E - I + C                  │
  ├──────────────────────────────────────────────────────────────┤
  │  Status: 🌿 EXPANDING (exploring policies...)                   │
  ╰──────────────────────────────────────────────────────────────╯
  [Memory]  Map (4/4): [████]
🚀 APPLYING AXIOM IN SANDBOX: SPAWN_EXTRAPOLATE_ORTHOGONAL_8 (Tier: 6)
🚀 APPLYING AXIOM IN SANDBOX: SPAWN_EXTRAPOLATE_ORTHOGONAL_8 (Tier: 6)
🚀 APPLYING AXIOM IN SANDBOX: SPAWN_EXTRAPOLATE_ORTHOGONAL_8 (Tier: 6)
[Depth 1] Axioms: ["ROOT_START", "SPAWN_EXTRAPOLATE_ORTHOGONAL_8"] | Pragmatic: 52.00 | Epistemic: 6.70 | Prob: 1.0000 | Dim: 10x10
  ╭──────────────────────────────────────────────────────────────╮
  │  MCTS NODE [0] — Rank 1/2 │ Depth 1                       │
  ├──────────────────────────────────────────────────────────────┤
  │  P(dist): ━━━━━━━━━━━━━━━━━━━━━━━━━━━━━━ ●=1.000 μ=0.900 range[0.800, 1.000]   │
  │  Threshold: 0.050 ✓ SURVIVES                                │
  │  Energy Components:                                          │
  │    Pragmatic (E):    52.000  │  Goal-seeking error             │
  │    Epistemic (I):     6.697  │  Information gain               │
  │    Complexity (C):    0.000  │  Model complexity               │
  │    ───────────────────────────────────────────────────────── │
  │    Total Free Energy:  45.303  │  G = E - I + C                  │
  ├──────────────────────────────────────────────────────────────┤
  │  Status: 🌿 EXPANDING (exploring policies...)                   │
  ╰──────────────────────────────────────────────────────────────╯
  [Memory]  Map (30/30): [██████████████████████████████]
🚀 APPLYING AXIOM IN SANDBOX: INTERSECTION_FILL_8 (Tier: 6)
🚀 APPLYING AXIOM IN SANDBOX: INTERSECTION_FILL_8 (Tier: 6)
🚀 APPLYING AXIOM IN SANDBOX: INTERSECTION_FILL_8 (Tier: 6)
[Depth 2] Axioms: ["ROOT_START", "SPAWN_EXTRAPOLATE_ORTHOGONAL_8", "INTERSECTION_FILL_8"] | Pragmatic: 75.00 | Epistemic: 8.00 | Prob: 1.0000 | Dim: 10x10
  ╭──────────────────────────────────────────────────────────────╮
  │  MCTS NODE [0] — Rank 1/2 │ Depth 2                       │
  ├──────────────────────────────────────────────────────────────┤
  │  P(dist): ━━━━━━━━━━━━━━━━━━━━━━━━━━━━━━ ●=1.000 μ=0.900 range[0.800, 1.000]   │
  │  Threshold: 0.050 ✓ SURVIVES                                │
  │  Energy Components:                                          │
  │    Pragmatic (E):    75.000  │  Goal-seeking error             │
  │    Epistemic (I):     7.998  │  Information gain               │
  │    Complexity (C):    0.000  │  Model complexity               │
  │    ───────────────────────────────────────────────────────── │
  │    Total Free Energy:  67.002  │  G = E - I + C                  │
  ├──────────────────────────────────────────────────────────────┤
  │  Status: ⏸️  PENDING (queued for evaluation)                   │
  ╰──────────────────────────────────────────────────────────────╯
  [Memory]  Map (37/37): [█████████████████████████████████████]
🚀 APPLYING AXIOM IN SANDBOX: SPAWN_EXTRAPOLATE_TL_BR_8 (Tier: 6)
🚀 APPLYING AXIOM IN SANDBOX: SPAWN_EXTRAPOLATE_TL_BR_8 (Tier: 6)
🚀 APPLYING AXIOM IN SANDBOX: SPAWN_EXTRAPOLATE_TL_BR_8 (Tier: 6)
[Depth 2] Axioms: ["ROOT_START", "SPAWN_EXTRAPOLATE_ORTHOGONAL_8", "SPAWN_EXTRAPOLATE_TL_BR_8"] | Pragmatic: 52.00 | Epistemic: 6.70 | Prob: 1.0000 | Dim: 10x10
  ╭──────────────────────────────────────────────────────────────╮
  │  MCTS NODE [0] — Rank 1/2 │ Depth 2                       │
  ├──────────────────────────────────────────────────────────────┤
  │  P(dist): ━━━━━━━━━━━━━━━━━━━━━━━━━━━━━━ ●=1.000 μ=0.900 range[0.800, 1.000]   │
  │  Threshold: 0.050 ✓ SURVIVES                                │
  │  Energy Components:                                          │
  │    Pragmatic (E):    52.000  │  Goal-seeking error             │
  │    Epistemic (I):     6.697  │  Information gain               │
  │    Complexity (C):    0.000  │  Model complexity               │
  │    ───────────────────────────────────────────────────────── │
  │    Total Free Energy:  45.303  │  G = E - I + C                  │
  ├──────────────────────────────────────────────────────────────┤
  │  Status: ⏸️  PENDING (queued for evaluation)                   │
  ╰──────────────────────────────────────────────────────────────╯
  [Memory]  Map (30/30): [██████████████████████████████]
🚀 APPLYING AXIOM IN SANDBOX: SPAWN_EXTRAPOLATE_TR_BL_8 (Tier: 6)
🚀 APPLYING AXIOM IN SANDBOX: SPAWN_EXTRAPOLATE_TR_BL_8 (Tier: 6)
🚀 APPLYING AXIOM IN SANDBOX: SPAWN_EXTRAPOLATE_TR_BL_8 (Tier: 6)
[Depth 1] Axioms: ["ROOT_START", "SPAWN_EXTRAPOLATE_TR_BL_8"] | Pragmatic: 52.00 | Epistemic: 6.70 | Prob: 1.0000 | Dim: 10x10
  ╭──────────────────────────────────────────────────────────────╮
  │  MCTS NODE [0] — Rank 1/2 │ Depth 1                       │
  ├──────────────────────────────────────────────────────────────┤
  │  P(dist): ━━━━━━━━━━━━━━━━━━━━━━━━━━━━━━ ●=1.000 μ=0.900 range[0.800, 1.000]   │
  │  Threshold: 0.050 ✓ SURVIVES                                │
  │  Energy Components:                                          │
  │    Pragmatic (E):    52.000  │  Goal-seeking error             │
  │    Epistemic (I):     6.697  │  Information gain               │
  │    Complexity (C):    0.000  │  Model complexity               │
  │    ───────────────────────────────────────────────────────── │
  │    Total Free Energy:  45.303  │  G = E - I + C                  │
  ├──────────────────────────────────────────────────────────────┤
  │  Status: 🌿 EXPANDING (exploring policies...)                   │
  ╰──────────────────────────────────────────────────────────────╯
  [Memory]  Map (30/30): [██████████████████████████████]
🚀 APPLYING AXIOM IN SANDBOX: INTERSECTION_FILL_8 (Tier: 6)
🚀 APPLYING AXIOM IN SANDBOX: INTERSECTION_FILL_8 (Tier: 6)
🚀 APPLYING AXIOM IN SANDBOX: INTERSECTION_FILL_8 (Tier: 6)
[Depth 2] Axioms: ["ROOT_START", "SPAWN_EXTRAPOLATE_TR_BL_8", "INTERSECTION_FILL_8"] | Pragmatic: 75.00 | Epistemic: 8.00 | Prob: 1.0000 | Dim: 10x10
  ╭──────────────────────────────────────────────────────────────╮
  │  MCTS NODE [0] — Rank 1/2 │ Depth 2                       │
  ├──────────────────────────────────────────────────────────────┤
  │  P(dist): ━━━━━━━━━━━━━━━━━━━━━━━━━━━━━━ ●=1.000 μ=0.900 range[0.800, 1.000]   │
  │  Threshold: 0.050 ✓ SURVIVES                                │
  │  Energy Components:                                          │
  │    Pragmatic (E):    75.000  │  Goal-seeking error             │
  │    Epistemic (I):     7.998  │  Information gain               │
  │    Complexity (C):    0.000  │  Model complexity               │
  │    ───────────────────────────────────────────────────────── │
  │    Total Free Energy:  67.002  │  G = E - I + C                  │
  ├──────────────────────────────────────────────────────────────┤
  │  Status: ⏸️  PENDING (queued for evaluation)                   │
  ╰──────────────────────────────────────────────────────────────╯
  [Memory]  Map (37/37): [█████████████████████████████████████]
🚀 APPLYING AXIOM IN SANDBOX: SPAWN_EXTRAPOLATE_TL_BR_8 (Tier: 6)
🚀 APPLYING AXIOM IN SANDBOX: SPAWN_EXTRAPOLATE_TL_BR_8 (Tier: 6)
🚀 APPLYING AXIOM IN SANDBOX: SPAWN_EXTRAPOLATE_TL_BR_8 (Tier: 6)
[Depth 2] Axioms: ["ROOT_START", "SPAWN_EXTRAPOLATE_TR_BL_8", "SPAWN_EXTRAPOLATE_TL_BR_8"] | Pragmatic: 52.00 | Epistemic: 6.70 | Prob: 1.0000 | Dim: 10x10
  ╭──────────────────────────────────────────────────────────────╮
  │  MCTS NODE [0] — Rank 1/2 │ Depth 2                       │
  ├──────────────────────────────────────────────────────────────┤
  │  P(dist): ━━━━━━━━━━━━━━━━━━━━━━━━━━━━━━ ●=1.000 μ=0.900 range[0.800, 1.000]   │
  │  Threshold: 0.050 ✓ SURVIVES                                │
  │  Energy Components:                                          │
  │    Pragmatic (E):    52.000  │  Goal-seeking error             │
  │    Epistemic (I):     6.697  │  Information gain               │
  │    Complexity (C):    0.000  │  Model complexity               │
  │    ───────────────────────────────────────────────────────── │
  │    Total Free Energy:  45.303  │  G = E - I + C                  │
  ├──────────────────────────────────────────────────────────────┤
  │  Status: ⏸️  PENDING (queued for evaluation)                   │
  ╰──────────────────────────────────────────────────────────────╯
  [Memory]  Map (30/30): [██████████████████████████████]
🚀 APPLYING AXIOM IN SANDBOX: INTERSECTION_FILL_8 (Tier: 6)
🚀 APPLYING AXIOM IN SANDBOX: INTERSECTION_FILL_8 (Tier: 6)
🚀 APPLYING AXIOM IN SANDBOX: INTERSECTION_FILL_8 (Tier: 6)
[Depth 1] Axioms: ["ROOT_START", "INTERSECTION_FILL_8"] | Pragmatic: 58.00 | Epistemic: 6.92 | Prob: 1.0000 | Dim: 10x10
  ╭──────────────────────────────────────────────────────────────╮
  │  MCTS NODE [0] — Rank 1/2 │ Depth 1                       │
  ├──────────────────────────────────────────────────────────────┤
  │  P(dist): ━━━━━━━━━━━━━━━━━━━━━━━━━━━━━━ ●=1.000 μ=0.900 range[0.800, 1.000]   │
  │  Threshold: 0.050 ✓ SURVIVES                                │
  │  Energy Components:                                          │
  │    Pragmatic (E):    58.000  │  Goal-seeking error             │
  │    Epistemic (I):     6.919  │  Information gain               │
  │    Complexity (C):    0.000  │  Model complexity               │
  │    ───────────────────────────────────────────────────────── │
  │    Total Free Energy:  51.081  │  G = E - I + C                  │
  ├──────────────────────────────────────────────────────────────┤
  │  Status: 🌿 EXPANDING (exploring policies...)                   │
  ╰──────────────────────────────────────────────────────────────╯
  [Memory]  Map (22/22): [██████████████████████]
🚀 APPLYING AXIOM IN SANDBOX: SPAWN_EXTRAPOLATE_TR_BL_8 (Tier: 6)
🚀 APPLYING AXIOM IN SANDBOX: SPAWN_EXTRAPOLATE_TR_BL_8 (Tier: 6)
🚀 APPLYING AXIOM IN SANDBOX: SPAWN_EXTRAPOLATE_TR_BL_8 (Tier: 6)
[Depth 2] Axioms: ["ROOT_START", "INTERSECTION_FILL_8", "SPAWN_EXTRAPOLATE_TR_BL_8"] | Pragmatic: 50.00 | Epistemic: 7.43 | Prob: 1.0000 | Dim: 10x10
  ╭──────────────────────────────────────────────────────────────╮
  │  MCTS NODE [0] — Rank 1/2 │ Depth 2                       │
  ├──────────────────────────────────────────────────────────────┤
  │  P(dist): ━━━━━━━━━━━━━━━━━━━━━━━━━━━━━━ ●=1.000 μ=0.900 range[0.800, 1.000]   │
  │  Threshold: 0.050 ✓ SURVIVES                                │
  │  Energy Components:                                          │
  │    Pragmatic (E):    50.000  │  Goal-seeking error             │
  │    Epistemic (I):     7.430  │  Information gain               │
  │    Complexity (C):    0.000  │  Model complexity               │
  │    ───────────────────────────────────────────────────────── │
  │    Total Free Energy:  42.570  │  G = E - I + C                  │
  ├──────────────────────────────────────────────────────────────┤
  │  Status: ⏸️  PENDING (queued for evaluation)                   │
  ╰──────────────────────────────────────────────────────────────╯
  [Memory]  Map (22/22): [██████████████████████]
🚀 APPLYING AXIOM IN SANDBOX: SPAWN_EXTRAPOLATE_TL_BR_8 (Tier: 6)
🚀 APPLYING AXIOM IN SANDBOX: SPAWN_EXTRAPOLATE_TL_BR_8 (Tier: 6)
🚀 APPLYING AXIOM IN SANDBOX: SPAWN_EXTRAPOLATE_TL_BR_8 (Tier: 6)
[Depth 2] Axioms: ["ROOT_START", "INTERSECTION_FILL_8", "SPAWN_EXTRAPOLATE_TL_BR_8"] | Pragmatic: 50.00 | Epistemic: 7.43 | Prob: 1.0000 | Dim: 10x10
  ╭──────────────────────────────────────────────────────────────╮
  │  MCTS NODE [0] — Rank 1/2 │ Depth 2                       │
  ├──────────────────────────────────────────────────────────────┤
  │  P(dist): ━━━━━━━━━━━━━━━━━━━━━━━━━━━━━━ ●=1.000 μ=0.900 range[0.800, 1.000]   │
  │  Threshold: 0.050 ✓ SURVIVES                                │
  │  Energy Components:                                          │
  │    Pragmatic (E):    50.000  │  Goal-seeking error             │
  │    Epistemic (I):     7.430  │  Information gain               │
  │    Complexity (C):    0.000  │  Model complexity               │
  │    ───────────────────────────────────────────────────────── │
  │    Total Free Energy:  42.570  │  G = E - I + C                  │
  ├──────────────────────────────────────────────────────────────┤
  │  Status: ⏸️  PENDING (queued for evaluation)                   │
  ╰──────────────────────────────────────────────────────────────╯
  [Memory]  Map (22/22): [██████████████████████]
🚀 APPLYING AXIOM IN SANDBOX: SPAWN_EXTRAPOLATE_TL_BR_8 (Tier: 6)
🚀 APPLYING AXIOM IN SANDBOX: SPAWN_EXTRAPOLATE_TL_BR_8 (Tier: 6)
🚀 APPLYING AXIOM IN SANDBOX: SPAWN_EXTRAPOLATE_TL_BR_8 (Tier: 6)
[Depth 1] Axioms: ["ROOT_START", "SPAWN_EXTRAPOLATE_TL_BR_8"] | Pragmatic: 52.00 | Epistemic: 6.70 | Prob: 1.0000 | Dim: 10x10
  ╭──────────────────────────────────────────────────────────────╮
  │  MCTS NODE [0] — Rank 1/2 │ Depth 1                       │
  ├──────────────────────────────────────────────────────────────┤
  │  P(dist): ━━━━━━━━━━━━━━━━━━━━━━━━━━━━━━ ●=1.000 μ=0.900 range[0.800, 1.000]   │
  │  Threshold: 0.050 ✓ SURVIVES                                │
  │  Energy Components:                                          │
  │    Pragmatic (E):    52.000  │  Goal-seeking error             │
  │    Epistemic (I):     6.697  │  Information gain               │
  │    Complexity (C):    0.000  │  Model complexity               │
  │    ───────────────────────────────────────────────────────── │
  │    Total Free Energy:  45.303  │  G = E - I + C                  │
  ├──────────────────────────────────────────────────────────────┤
  │  Status: 🌿 EXPANDING (exploring policies...)                   │
  ╰──────────────────────────────────────────────────────────────╯
  [Memory]  Map (30/30): [██████████████████████████████]
🚀 APPLYING AXIOM IN SANDBOX: SPAWN_EXTRAPOLATE_TR_BL_8 (Tier: 6)
🚀 APPLYING AXIOM IN SANDBOX: SPAWN_EXTRAPOLATE_TR_BL_8 (Tier: 6)
🚀 APPLYING AXIOM IN SANDBOX: SPAWN_EXTRAPOLATE_TR_BL_8 (Tier: 6)
[Depth 2] Axioms: ["ROOT_START", "SPAWN_EXTRAPOLATE_TL_BR_8", "SPAWN_EXTRAPOLATE_TR_BL_8"] | Pragmatic: 52.00 | Epistemic: 6.70 | Prob: 1.0000 | Dim: 10x10
  ╭──────────────────────────────────────────────────────────────╮
  │  MCTS NODE [0] — Rank 1/2 │ Depth 2                       │
  ├──────────────────────────────────────────────────────────────┤
  │  P(dist): ━━━━━━━━━━━━━━━━━━━━━━━━━━━━━━ ●=1.000 μ=0.900 range[0.800, 1.000]   │
  │  Threshold: 0.050 ✓ SURVIVES                                │
  │  Energy Components:                                          │
  │    Pragmatic (E):    52.000  │  Goal-seeking error             │
  │    Epistemic (I):     6.697  │  Information gain               │
  │    Complexity (C):    0.000  │  Model complexity               │
  │    ───────────────────────────────────────────────────────── │
  │    Total Free Energy:  45.303  │  G = E - I + C                  │
  ├──────────────────────────────────────────────────────────────┤
  │  Status: ⏸️  PENDING (queued for evaluation)                   │
  ╰──────────────────────────────────────────────────────────────╯
  [Memory]  Map (30/30): [██████████████████████████████]
🚀 APPLYING AXIOM IN SANDBOX: INTERSECTION_FILL_8 (Tier: 6)
🚀 APPLYING AXIOM IN SANDBOX: INTERSECTION_FILL_8 (Tier: 6)
🚀 APPLYING AXIOM IN SANDBOX: INTERSECTION_FILL_8 (Tier: 6)
[Depth 2] Axioms: ["ROOT_START", "SPAWN_EXTRAPOLATE_TL_BR_8", "INTERSECTION_FILL_8"] | Pragmatic: 75.00 | Epistemic: 8.00 | Prob: 1.0000 | Dim: 10x10
  ╭──────────────────────────────────────────────────────────────╮
  │  MCTS NODE [0] — Rank 1/2 │ Depth 2                       │
  ├──────────────────────────────────────────────────────────────┤
  │  P(dist): ━━━━━━━━━━━━━━━━━━━━━━━━━━━━━━ ●=1.000 μ=0.900 range[0.800, 1.000]   │
  │  Threshold: 0.050 ✓ SURVIVES                                │
  │  Energy Components:                                          │
  │    Pragmatic (E):    75.000  │  Goal-seeking error             │
  │    Epistemic (I):     7.998  │  Information gain               │
  │    Complexity (C):    0.000  │  Model complexity               │
  │    ───────────────────────────────────────────────────────── │
  │    Total Free Energy:  67.002  │  G = E - I + C                  │
  ├──────────────────────────────────────────────────────────────┤
  │  Status: ⏸️  PENDING (queued for evaluation)                   │
  ╰──────────────────────────────────────────────────────────────╯
  [Memory]  Map (37/37): [█████████████████████████████████████]
🧠 [Metakognisi] Bottleneck::FalseSharing - Amnesia Singkat (Cache Miss) Terdeteksi!
   📝 MENULIS LOG ARCHITECTURE KE SISTEM: Iterasi iterasi EntityManifold lambat rata-rata 266043 ns per entitas. Kecepatan ini 3x lipat dari limit AVX2.
🧠 [Metakognisi] Bottleneck::FastFail - Gradient Energy dE/dt sangat lambat. MCTS dihentikan lebih awal!
   -> Beralih ke ADVANCED PASS (Iterative Deepening MCTS / Grover)...
   🔍 Search Attempt 1: Exploring top 2 advanced axioms...
🚀 APPLYING AXIOM IN SANDBOX: SPAWN_EXTRAPOLATE_TL_BR_8 (Tier: 6)
🚀 APPLYING AXIOM IN SANDBOX: SPAWN_EXTRAPOLATE_TL_BR_8 (Tier: 6)
🚀 APPLYING AXIOM IN SANDBOX: SPAWN_EXTRAPOLATE_TL_BR_8 (Tier: 6)
🚀 APPLYING AXIOM IN SANDBOX: SPAWN_EXTRAPOLATE_TL_BR_8 (Tier: 6)
🚀 APPLYING AXIOM IN SANDBOX: SPAWN_EXTRAPOLATE_TL_BR_8 (Tier: 6)
🚀 APPLYING AXIOM IN SANDBOX: SPAWN_EXTRAPOLATE_TL_BR_8 (Tier: 6)
🚀 APPLYING AXIOM IN SANDBOX: SPAWN_EXTRAPOLATE_TL_BR_8 (Tier: 6)
🚀 APPLYING AXIOM IN SANDBOX: SPAWN_EXTRAPOLATE_TL_BR_8 (Tier: 6)
🚀 APPLYING AXIOM IN SANDBOX: SPAWN_EXTRAPOLATE_TL_BR_8 (Tier: 6)
🚀 APPLYING AXIOM IN SANDBOX: SPAWN_EXTRAPOLATE_TL_BR_8 (Tier: 6)
🚀 APPLYING AXIOM IN SANDBOX: SPAWN_EXTRAPOLATE_TL_BR_8 (Tier: 6)
🚀 APPLYING AXIOM IN SANDBOX: SPAWN_EXTRAPOLATE_TL_BR_8 (Tier: 6)
   ⚡ Memulai MCTS dari ROOT ZERO-POINT dengan 4 amunisi unik...
🚀 APPLYING AXIOM IN SANDBOX: ROOT_START (Tier: 0)
🚀 APPLYING AXIOM IN SANDBOX: ROOT_START (Tier: 0)
🚀 APPLYING AXIOM IN SANDBOX: ROOT_START (Tier: 0)
[Depth 0] Axioms: ["ROOT_START"] | Pragmatic: -1500.00 | Epistemic: 0.00 | Prob: 0.9900 | Dim: 10x10
  ╭──────────────────────────────────────────────────────────────╮
  │  MCTS NODE [0] — Rank 1/2 │ Depth 0                       │
  ├──────────────────────────────────────────────────────────────┤
  │  P(dist): ━━━━━━━━━━━━━━━━━━━━━━━━━━━━━━ ●=0.990 μ=0.895 range[0.800, 0.990]   │
  │  Threshold: 0.050 ✓ SURVIVES                                │
  │  Energy Components:                                          │
  │    Pragmatic (E):  -1500.000  │  Goal-seeking error             │
  │    Epistemic (I):     0.000  │  Information gain               │
  │    Complexity (C):    0.000  │  Model complexity               │
  │    ───────────────────────────────────────────────────────── │
  │    Total Free Energy: -1500.000  │  G = E - I + C                  │
  ├──────────────────────────────────────────────────────────────┤
  │  Status: 🌿 EXPANDING (exploring policies...)                   │
  ╰──────────────────────────────────────────────────────────────╯
  [Memory]  Map (4/4): [████]
🚀 APPLYING AXIOM IN SANDBOX: SPAWN_EXTRAPOLATE_ORTHOGONAL_8 (Tier: 6)
🚀 APPLYING AXIOM IN SANDBOX: SPAWN_EXTRAPOLATE_ORTHOGONAL_8 (Tier: 6)
🚀 APPLYING AXIOM IN SANDBOX: SPAWN_EXTRAPOLATE_ORTHOGONAL_8 (Tier: 6)
[Depth 1] Axioms: ["ROOT_START", "SPAWN_EXTRAPOLATE_ORTHOGONAL_8"] | Pragmatic: 52.00 | Epistemic: 6.70 | Prob: 1.0000 | Dim: 10x10
  ╭──────────────────────────────────────────────────────────────╮
  │  MCTS NODE [0] — Rank 1/2 │ Depth 1                       │
  ├──────────────────────────────────────────────────────────────┤
  │  P(dist): ━━━━━━━━━━━━━━━━━━━━━━━━━━━━━━ ●=1.000 μ=0.900 range[0.800, 1.000]   │
  │  Threshold: 0.050 ✓ SURVIVES                                │
  │  Energy Components:                                          │
  │    Pragmatic (E):    52.000  │  Goal-seeking error             │
  │    Epistemic (I):     6.697  │  Information gain               │
  │    Complexity (C):    0.000  │  Model complexity               │
  │    ───────────────────────────────────────────────────────── │
  │    Total Free Energy:  45.303  │  G = E - I + C                  │
  ├──────────────────────────────────────────────────────────────┤
  │  Status: 🌿 EXPANDING (exploring policies...)                   │
  ╰──────────────────────────────────────────────────────────────╯
  [Memory]  Map (30/30): [██████████████████████████████]
🚀 APPLYING AXIOM IN SANDBOX: INTERSECTION_FILL_8 (Tier: 6)
🚀 APPLYING AXIOM IN SANDBOX: INTERSECTION_FILL_8 (Tier: 6)
🚀 APPLYING AXIOM IN SANDBOX: INTERSECTION_FILL_8 (Tier: 6)
[Depth 2] Axioms: ["ROOT_START", "SPAWN_EXTRAPOLATE_ORTHOGONAL_8", "INTERSECTION_FILL_8"] | Pragmatic: 75.00 | Epistemic: 8.00 | Prob: 1.0000 | Dim: 10x10
  ╭──────────────────────────────────────────────────────────────╮
  │  MCTS NODE [0] — Rank 1/2 │ Depth 2                       │
  ├──────────────────────────────────────────────────────────────┤
  │  P(dist): ━━━━━━━━━━━━━━━━━━━━━━━━━━━━━━ ●=1.000 μ=0.900 range[0.800, 1.000]   │
  │  Threshold: 0.050 ✓ SURVIVES                                │
  │  Energy Components:                                          │
  │    Pragmatic (E):    75.000  │  Goal-seeking error             │
  │    Epistemic (I):     7.998  │  Information gain               │
  │    Complexity (C):    0.000  │  Model complexity               │
  │    ───────────────────────────────────────────────────────── │
  │    Total Free Energy:  67.002  │  G = E - I + C                  │
  ├──────────────────────────────────────────────────────────────┤
  │  Status: ⏸️  PENDING (queued for evaluation)                   │
  ╰──────────────────────────────────────────────────────────────╯
  [Memory]  Map (37/37): [█████████████████████████████████████]
🚀 APPLYING AXIOM IN SANDBOX: SPAWN_EXTRAPOLATE_TL_BR_8 (Tier: 6)
🚀 APPLYING AXIOM IN SANDBOX: SPAWN_EXTRAPOLATE_TL_BR_8 (Tier: 6)
🚀 APPLYING AXIOM IN SANDBOX: SPAWN_EXTRAPOLATE_TL_BR_8 (Tier: 6)
[Depth 2] Axioms: ["ROOT_START", "SPAWN_EXTRAPOLATE_ORTHOGONAL_8", "SPAWN_EXTRAPOLATE_TL_BR_8"] | Pragmatic: 52.00 | Epistemic: 6.70 | Prob: 1.0000 | Dim: 10x10
  ╭──────────────────────────────────────────────────────────────╮
  │  MCTS NODE [0] — Rank 1/2 │ Depth 2                       │
  ├──────────────────────────────────────────────────────────────┤
  │  P(dist): ━━━━━━━━━━━━━━━━━━━━━━━━━━━━━━ ●=1.000 μ=0.900 range[0.800, 1.000]   │
  │  Threshold: 0.050 ✓ SURVIVES                                │
  │  Energy Components:                                          │
  │    Pragmatic (E):    52.000  │  Goal-seeking error             │
  │    Epistemic (I):     6.697  │  Information gain               │
  │    Complexity (C):    0.000  │  Model complexity               │
  │    ───────────────────────────────────────────────────────── │
  │    Total Free Energy:  45.303  │  G = E - I + C                  │
  ├──────────────────────────────────────────────────────────────┤
  │  Status: ⏸️  PENDING (queued for evaluation)                   │
  ╰──────────────────────────────────────────────────────────────╯
  [Memory]  Map (30/30): [██████████████████████████████]
🚀 APPLYING AXIOM IN SANDBOX: SPAWN_EXTRAPOLATE_TR_BL_8 (Tier: 6)
🚀 APPLYING AXIOM IN SANDBOX: SPAWN_EXTRAPOLATE_TR_BL_8 (Tier: 6)
🚀 APPLYING AXIOM IN SANDBOX: SPAWN_EXTRAPOLATE_TR_BL_8 (Tier: 6)
[Depth 1] Axioms: ["ROOT_START", "SPAWN_EXTRAPOLATE_TR_BL_8"] | Pragmatic: 52.00 | Epistemic: 6.70 | Prob: 1.0000 | Dim: 10x10
  ╭──────────────────────────────────────────────────────────────╮
  │  MCTS NODE [0] — Rank 1/2 │ Depth 1                       │
  ├──────────────────────────────────────────────────────────────┤
  │  P(dist): ━━━━━━━━━━━━━━━━━━━━━━━━━━━━━━ ●=1.000 μ=0.900 range[0.800, 1.000]   │
  │  Threshold: 0.050 ✓ SURVIVES                                │
  │  Energy Components:                                          │
  │    Pragmatic (E):    52.000  │  Goal-seeking error             │
  │    Epistemic (I):     6.697  │  Information gain               │
  │    Complexity (C):    0.000  │  Model complexity               │
  │    ───────────────────────────────────────────────────────── │
  │    Total Free Energy:  45.303  │  G = E - I + C                  │
  ├──────────────────────────────────────────────────────────────┤
  │  Status: 🌿 EXPANDING (exploring policies...)                   │
  ╰──────────────────────────────────────────────────────────────╯
  [Memory]  Map (30/30): [██████████████████████████████]
🚀 APPLYING AXIOM IN SANDBOX: INTERSECTION_FILL_8 (Tier: 6)
🚀 APPLYING AXIOM IN SANDBOX: INTERSECTION_FILL_8 (Tier: 6)
🚀 APPLYING AXIOM IN SANDBOX: INTERSECTION_FILL_8 (Tier: 6)
[Depth 2] Axioms: ["ROOT_START", "SPAWN_EXTRAPOLATE_TR_BL_8", "INTERSECTION_FILL_8"] | Pragmatic: 75.00 | Epistemic: 8.00 | Prob: 1.0000 | Dim: 10x10
  ╭──────────────────────────────────────────────────────────────╮
  │  MCTS NODE [0] — Rank 1/2 │ Depth 2                       │
  ├──────────────────────────────────────────────────────────────┤
  │  P(dist): ━━━━━━━━━━━━━━━━━━━━━━━━━━━━━━ ●=1.000 μ=0.900 range[0.800, 1.000]   │
  │  Threshold: 0.050 ✓ SURVIVES                                │
  │  Energy Components:                                          │
  │    Pragmatic (E):    75.000  │  Goal-seeking error             │
  │    Epistemic (I):     7.998  │  Information gain               │
  │    Complexity (C):    0.000  │  Model complexity               │
  │    ───────────────────────────────────────────────────────── │
  │    Total Free Energy:  67.002  │  G = E - I + C                  │
  ├──────────────────────────────────────────────────────────────┤
  │  Status: ⏸️  PENDING (queued for evaluation)                   │
  ╰──────────────────────────────────────────────────────────────╯
  [Memory]  Map (37/37): [█████████████████████████████████████]
🚀 APPLYING AXIOM IN SANDBOX: SPAWN_EXTRAPOLATE_TL_BR_8 (Tier: 6)
🚀 APPLYING AXIOM IN SANDBOX: SPAWN_EXTRAPOLATE_TL_BR_8 (Tier: 6)
🚀 APPLYING AXIOM IN SANDBOX: SPAWN_EXTRAPOLATE_TL_BR_8 (Tier: 6)
[Depth 2] Axioms: ["ROOT_START", "SPAWN_EXTRAPOLATE_TR_BL_8", "SPAWN_EXTRAPOLATE_TL_BR_8"] | Pragmatic: 52.00 | Epistemic: 6.70 | Prob: 1.0000 | Dim: 10x10
  ╭──────────────────────────────────────────────────────────────╮
  │  MCTS NODE [0] — Rank 1/2 │ Depth 2                       │
  ├──────────────────────────────────────────────────────────────┤
  │  P(dist): ━━━━━━━━━━━━━━━━━━━━━━━━━━━━━━ ●=1.000 μ=0.900 range[0.800, 1.000]   │
  │  Threshold: 0.050 ✓ SURVIVES                                │
  │  Energy Components:                                          │
  │    Pragmatic (E):    52.000  │  Goal-seeking error             │
  │    Epistemic (I):     6.697  │  Information gain               │
  │    Complexity (C):    0.000  │  Model complexity               │
  │    ───────────────────────────────────────────────────────── │
  │    Total Free Energy:  45.303  │  G = E - I + C                  │
  ├──────────────────────────────────────────────────────────────┤
  │  Status: ⏸️  PENDING (queued for evaluation)                   │
  ╰──────────────────────────────────────────────────────────────╯
  [Memory]  Map (30/30): [██████████████████████████████]
🚀 APPLYING AXIOM IN SANDBOX: INTERSECTION_FILL_8 (Tier: 6)
🚀 APPLYING AXIOM IN SANDBOX: INTERSECTION_FILL_8 (Tier: 6)
🚀 APPLYING AXIOM IN SANDBOX: INTERSECTION_FILL_8 (Tier: 6)
[Depth 1] Axioms: ["ROOT_START", "INTERSECTION_FILL_8"] | Pragmatic: 58.00 | Epistemic: 6.92 | Prob: 1.0000 | Dim: 10x10
  ╭──────────────────────────────────────────────────────────────╮
  │  MCTS NODE [0] — Rank 1/2 │ Depth 1                       │
  ├──────────────────────────────────────────────────────────────┤
  │  P(dist): ━━━━━━━━━━━━━━━━━━━━━━━━━━━━━━ ●=1.000 μ=0.900 range[0.800, 1.000]   │
  │  Threshold: 0.050 ✓ SURVIVES                                │
  │  Energy Components:                                          │
  │    Pragmatic (E):    58.000  │  Goal-seeking error             │
  │    Epistemic (I):     6.919  │  Information gain               │
  │    Complexity (C):    0.000  │  Model complexity               │
  │    ───────────────────────────────────────────────────────── │
  │    Total Free Energy:  51.081  │  G = E - I + C                  │
  ├──────────────────────────────────────────────────────────────┤
  │  Status: 🌿 EXPANDING (exploring policies...)                   │
  ╰──────────────────────────────────────────────────────────────╯
  [Memory]  Map (22/22): [██████████████████████]
🚀 APPLYING AXIOM IN SANDBOX: SPAWN_EXTRAPOLATE_TR_BL_8 (Tier: 6)
🚀 APPLYING AXIOM IN SANDBOX: SPAWN_EXTRAPOLATE_TR_BL_8 (Tier: 6)
🚀 APPLYING AXIOM IN SANDBOX: SPAWN_EXTRAPOLATE_TR_BL_8 (Tier: 6)
[Depth 2] Axioms: ["ROOT_START", "INTERSECTION_FILL_8", "SPAWN_EXTRAPOLATE_TR_BL_8"] | Pragmatic: 50.00 | Epistemic: 7.43 | Prob: 1.0000 | Dim: 10x10
  ╭──────────────────────────────────────────────────────────────╮
  │  MCTS NODE [0] — Rank 1/2 │ Depth 2                       │
  ├──────────────────────────────────────────────────────────────┤
  │  P(dist): ━━━━━━━━━━━━━━━━━━━━━━━━━━━━━━ ●=1.000 μ=0.900 range[0.800, 1.000]   │
  │  Threshold: 0.050 ✓ SURVIVES                                │
  │  Energy Components:                                          │
  │    Pragmatic (E):    50.000  │  Goal-seeking error             │
  │    Epistemic (I):     7.430  │  Information gain               │
  │    Complexity (C):    0.000  │  Model complexity               │
  │    ───────────────────────────────────────────────────────── │
  │    Total Free Energy:  42.570  │  G = E - I + C                  │
  ├──────────────────────────────────────────────────────────────┤
  │  Status: ⏸️  PENDING (queued for evaluation)                   │
  ╰──────────────────────────────────────────────────────────────╯
  [Memory]  Map (22/22): [██████████████████████]
🚀 APPLYING AXIOM IN SANDBOX: SPAWN_EXTRAPOLATE_TL_BR_8 (Tier: 6)
🚀 APPLYING AXIOM IN SANDBOX: SPAWN_EXTRAPOLATE_TL_BR_8 (Tier: 6)
🚀 APPLYING AXIOM IN SANDBOX: SPAWN_EXTRAPOLATE_TL_BR_8 (Tier: 6)
[Depth 2] Axioms: ["ROOT_START", "INTERSECTION_FILL_8", "SPAWN_EXTRAPOLATE_TL_BR_8"] | Pragmatic: 50.00 | Epistemic: 7.43 | Prob: 1.0000 | Dim: 10x10
  ╭──────────────────────────────────────────────────────────────╮
  │  MCTS NODE [0] — Rank 1/2 │ Depth 2                       │
  ├──────────────────────────────────────────────────────────────┤
  │  P(dist): ━━━━━━━━━━━━━━━━━━━━━━━━━━━━━━ ●=1.000 μ=0.900 range[0.800, 1.000]   │
  │  Threshold: 0.050 ✓ SURVIVES                                │
  │  Energy Components:                                          │
  │    Pragmatic (E):    50.000  │  Goal-seeking error             │
  │    Epistemic (I):     7.430  │  Information gain               │
  │    Complexity (C):    0.000  │  Model complexity               │
  │    ───────────────────────────────────────────────────────── │
  │    Total Free Energy:  42.570  │  G = E - I + C                  │
  ├──────────────────────────────────────────────────────────────┤
  │  Status: ⏸️  PENDING (queued for evaluation)                   │
  ╰──────────────────────────────────────────────────────────────╯
  [Memory]  Map (22/22): [██████████████████████]
🚀 APPLYING AXIOM IN SANDBOX: SPAWN_EXTRAPOLATE_TL_BR_8 (Tier: 6)
🚀 APPLYING AXIOM IN SANDBOX: SPAWN_EXTRAPOLATE_TL_BR_8 (Tier: 6)
🚀 APPLYING AXIOM IN SANDBOX: SPAWN_EXTRAPOLATE_TL_BR_8 (Tier: 6)
[Depth 1] Axioms: ["ROOT_START", "SPAWN_EXTRAPOLATE_TL_BR_8"] | Pragmatic: 52.00 | Epistemic: 6.70 | Prob: 1.0000 | Dim: 10x10
  ╭──────────────────────────────────────────────────────────────╮
  │  MCTS NODE [0] — Rank 1/2 │ Depth 1                       │
  ├──────────────────────────────────────────────────────────────┤
  │  P(dist): ━━━━━━━━━━━━━━━━━━━━━━━━━━━━━━ ●=1.000 μ=0.900 range[0.800, 1.000]   │
  │  Threshold: 0.050 ✓ SURVIVES                                │
  │  Energy Components:                                          │
  │    Pragmatic (E):    52.000  │  Goal-seeking error             │
  │    Epistemic (I):     6.697  │  Information gain               │
  │    Complexity (C):    0.000  │  Model complexity               │
  │    ───────────────────────────────────────────────────────── │
  │    Total Free Energy:  45.303  │  G = E - I + C                  │
  ├──────────────────────────────────────────────────────────────┤
  │  Status: 🌿 EXPANDING (exploring policies...)                   │
  ╰──────────────────────────────────────────────────────────────╯
  [Memory]  Map (30/30): [██████████████████████████████]
🚀 APPLYING AXIOM IN SANDBOX: SPAWN_EXTRAPOLATE_TR_BL_8 (Tier: 6)
🚀 APPLYING AXIOM IN SANDBOX: SPAWN_EXTRAPOLATE_TR_BL_8 (Tier: 6)
🚀 APPLYING AXIOM IN SANDBOX: SPAWN_EXTRAPOLATE_TR_BL_8 (Tier: 6)
[Depth 2] Axioms: ["ROOT_START", "SPAWN_EXTRAPOLATE_TL_BR_8", "SPAWN_EXTRAPOLATE_TR_BL_8"] | Pragmatic: 52.00 | Epistemic: 6.70 | Prob: 1.0000 | Dim: 10x10
  ╭──────────────────────────────────────────────────────────────╮
  │  MCTS NODE [0] — Rank 1/2 │ Depth 2                       │
  ├──────────────────────────────────────────────────────────────┤
  │  P(dist): ━━━━━━━━━━━━━━━━━━━━━━━━━━━━━━ ●=1.000 μ=0.900 range[0.800, 1.000]   │
  │  Threshold: 0.050 ✓ SURVIVES                                │
  │  Energy Components:                                          │
  │    Pragmatic (E):    52.000  │  Goal-seeking error             │
  │    Epistemic (I):     6.697  │  Information gain               │
  │    Complexity (C):    0.000  │  Model complexity               │
  │    ───────────────────────────────────────────────────────── │
  │    Total Free Energy:  45.303  │  G = E - I + C                  │
  ├──────────────────────────────────────────────────────────────┤
  │  Status: ⏸️  PENDING (queued for evaluation)                   │
  ╰──────────────────────────────────────────────────────────────╯
  [Memory]  Map (30/30): [██████████████████████████████]
🚀 APPLYING AXIOM IN SANDBOX: INTERSECTION_FILL_8 (Tier: 6)
🚀 APPLYING AXIOM IN SANDBOX: INTERSECTION_FILL_8 (Tier: 6)
🚀 APPLYING AXIOM IN SANDBOX: INTERSECTION_FILL_8 (Tier: 6)
[Depth 2] Axioms: ["ROOT_START", "SPAWN_EXTRAPOLATE_TL_BR_8", "INTERSECTION_FILL_8"] | Pragmatic: 75.00 | Epistemic: 8.00 | Prob: 1.0000 | Dim: 10x10
  ╭──────────────────────────────────────────────────────────────╮
  │  MCTS NODE [0] — Rank 1/2 │ Depth 2                       │
  ├──────────────────────────────────────────────────────────────┤
  │  P(dist): ━━━━━━━━━━━━━━━━━━━━━━━━━━━━━━ ●=1.000 μ=0.900 range[0.800, 1.000]   │
  │  Threshold: 0.050 ✓ SURVIVES                                │
  │  Energy Components:                                          │
  │    Pragmatic (E):    75.000  │  Goal-seeking error             │
  │    Epistemic (I):     7.998  │  Information gain               │
  │    Complexity (C):    0.000  │  Model complexity               │
  │    ───────────────────────────────────────────────────────── │
  │    Total Free Energy:  67.002  │  G = E - I + C                  │
  ├──────────────────────────────────────────────────────────────┤
  │  Status: ⏸️  PENDING (queued for evaluation)                   │
  ╰──────────────────────────────────────────────────────────────╯
  [Memory]  Map (37/37): [█████████████████████████████████████]
   🔍 Search Attempt 2: Exploring top 5 advanced axioms...
🚀 APPLYING AXIOM IN SANDBOX: SPAWN_EXTRAPOLATE_TL_BR_8 (Tier: 6)
🚀 APPLYING AXIOM IN SANDBOX: SPAWN_EXTRAPOLATE_TL_BR_8 (Tier: 6)
🚀 APPLYING AXIOM IN SANDBOX: SPAWN_EXTRAPOLATE_TL_BR_8 (Tier: 6)
🚀 APPLYING AXIOM IN SANDBOX: SPAWN_EXTRAPOLATE_TL_BR_8 (Tier: 6)
🚀 APPLYING AXIOM IN SANDBOX: SPAWN_EXTRAPOLATE_TL_BR_8 (Tier: 6)
🚀 APPLYING AXIOM IN SANDBOX: SPAWN_EXTRAPOLATE_TL_BR_8 (Tier: 6)
🚀 APPLYING AXIOM IN SANDBOX: SPAWN_EXTRAPOLATE_TL_BR_8 (Tier: 6)
🚀 APPLYING AXIOM IN SANDBOX: SPAWN_EXTRAPOLATE_TL_BR_8 (Tier: 6)
🚀 APPLYING AXIOM IN SANDBOX: SPAWN_EXTRAPOLATE_TL_BR_8 (Tier: 6)
🚀 APPLYING AXIOM IN SANDBOX: SPAWN_EXTRAPOLATE_TL_BR_8 (Tier: 6)
🚀 APPLYING AXIOM IN SANDBOX: SPAWN_EXTRAPOLATE_TL_BR_8 (Tier: 6)
🚀 APPLYING AXIOM IN SANDBOX: SPAWN_EXTRAPOLATE_TL_BR_8 (Tier: 6)
🚀 APPLYING AXIOM IN SANDBOX: INTERSECTION_FILL_8 (Tier: 6)
🚀 APPLYING AXIOM IN SANDBOX: INTERSECTION_FILL_8 (Tier: 6)
🚀 APPLYING AXIOM IN SANDBOX: INTERSECTION_FILL_8 (Tier: 6)
🚀 APPLYING AXIOM IN SANDBOX: SPAWN_EXTRAPOLATE_TL_BR_8 (Tier: 6)
🚀 APPLYING AXIOM IN SANDBOX: SPAWN_EXTRAPOLATE_TL_BR_8 (Tier: 6)
🚀 APPLYING AXIOM IN SANDBOX: SPAWN_EXTRAPOLATE_TL_BR_8 (Tier: 6)
🚀 APPLYING AXIOM IN SANDBOX: SPAWN_EXTRAPOLATE_TL_BR_8 (Tier: 6)
🚀 APPLYING AXIOM IN SANDBOX: SPAWN_EXTRAPOLATE_TL_BR_8 (Tier: 6)
🚀 APPLYING AXIOM IN SANDBOX: SPAWN_EXTRAPOLATE_TL_BR_8 (Tier: 6)
🚀 APPLYING AXIOM IN SANDBOX: SPAWN_EXTRAPOLATE_TL_BR_8 (Tier: 6)
🚀 APPLYING AXIOM IN SANDBOX: SPAWN_EXTRAPOLATE_TL_BR_8 (Tier: 6)
🚀 APPLYING AXIOM IN SANDBOX: SPAWN_EXTRAPOLATE_TL_BR_8 (Tier: 6)
🚀 APPLYING AXIOM IN SANDBOX: SPAWN_EXTRAPOLATE_TL_BR_8 (Tier: 6)
🚀 APPLYING AXIOM IN SANDBOX: SPAWN_EXTRAPOLATE_TL_BR_8 (Tier: 6)
🚀 APPLYING AXIOM IN SANDBOX: SPAWN_EXTRAPOLATE_TL_BR_8 (Tier: 6)
🚀 APPLYING AXIOM IN SANDBOX: INTERSECTION_FILL_8 (Tier: 6)
🚀 APPLYING AXIOM IN SANDBOX: INTERSECTION_FILL_8 (Tier: 6)
🚀 APPLYING AXIOM IN SANDBOX: INTERSECTION_FILL_8 (Tier: 6)
   ⚡ Memulai MCTS dari ROOT ZERO-POINT dengan 4 amunisi unik...
🚀 APPLYING AXIOM IN SANDBOX: ROOT_START (Tier: 0)
🚀 APPLYING AXIOM IN SANDBOX: ROOT_START (Tier: 0)
🚀 APPLYING AXIOM IN SANDBOX: ROOT_START (Tier: 0)
[Depth 0] Axioms: ["ROOT_START"] | Pragmatic: -1500.00 | Epistemic: 0.00 | Prob: 0.9900 | Dim: 10x10
  ╭──────────────────────────────────────────────────────────────╮
  │  MCTS NODE [0] — Rank 1/2 │ Depth 0                       │
  ├──────────────────────────────────────────────────────────────┤
  │  P(dist): ━━━━━━━━━━━━━━━━━━━━━━━━━━━━━━ ●=0.990 μ=0.895 range[0.800, 0.990]   │
  │  Threshold: 0.050 ✓ SURVIVES                                │
  │  Energy Components:                                          │
  │    Pragmatic (E):  -1500.000  │  Goal-seeking error             │
  │    Epistemic (I):     0.000  │  Information gain               │
  │    Complexity (C):    0.000  │  Model complexity               │
  │    ───────────────────────────────────────────────────────── │
  │    Total Free Energy: -1500.000  │  G = E - I + C                  │
  ├──────────────────────────────────────────────────────────────┤
  │  Status: 🌿 EXPANDING (exploring policies...)                   │
  ╰──────────────────────────────────────────────────────────────╯
  [Memory]  Map (4/4): [████]
🚀 APPLYING AXIOM IN SANDBOX: SPAWN_EXTRAPOLATE_ORTHOGONAL_8 (Tier: 6)
🚀 APPLYING AXIOM IN SANDBOX: SPAWN_EXTRAPOLATE_ORTHOGONAL_8 (Tier: 6)
🚀 APPLYING AXIOM IN SANDBOX: SPAWN_EXTRAPOLATE_ORTHOGONAL_8 (Tier: 6)
[Depth 1] Axioms: ["ROOT_START", "SPAWN_EXTRAPOLATE_ORTHOGONAL_8"] | Pragmatic: 52.00 | Epistemic: 6.70 | Prob: 1.0000 | Dim: 10x10
  ╭──────────────────────────────────────────────────────────────╮
  │  MCTS NODE [0] — Rank 1/2 │ Depth 1                       │
  ├──────────────────────────────────────────────────────────────┤
  │  P(dist): ━━━━━━━━━━━━━━━━━━━━━━━━━━━━━━ ●=1.000 μ=0.900 range[0.800, 1.000]   │
  │  Threshold: 0.050 ✓ SURVIVES                                │
  │  Energy Components:                                          │
  │    Pragmatic (E):    52.000  │  Goal-seeking error             │
  │    Epistemic (I):     6.697  │  Information gain               │
  │    Complexity (C):    0.000  │  Model complexity               │
  │    ───────────────────────────────────────────────────────── │
  │    Total Free Energy:  45.303  │  G = E - I + C                  │
  ├──────────────────────────────────────────────────────────────┤
  │  Status: 🌿 EXPANDING (exploring policies...)                   │
  ╰──────────────────────────────────────────────────────────────╯
  [Memory]  Map (30/30): [██████████████████████████████]
🚀 APPLYING AXIOM IN SANDBOX: INTERSECTION_FILL_8 (Tier: 6)
🚀 APPLYING AXIOM IN SANDBOX: INTERSECTION_FILL_8 (Tier: 6)
🚀 APPLYING AXIOM IN SANDBOX: INTERSECTION_FILL_8 (Tier: 6)
[Depth 2] Axioms: ["ROOT_START", "SPAWN_EXTRAPOLATE_ORTHOGONAL_8", "INTERSECTION_FILL_8"] | Pragmatic: 75.00 | Epistemic: 8.00 | Prob: 1.0000 | Dim: 10x10
  ╭──────────────────────────────────────────────────────────────╮
  │  MCTS NODE [0] — Rank 1/2 │ Depth 2                       │
  ├──────────────────────────────────────────────────────────────┤
  │  P(dist): ━━━━━━━━━━━━━━━━━━━━━━━━━━━━━━ ●=1.000 μ=0.900 range[0.800, 1.000]   │
  │  Threshold: 0.050 ✓ SURVIVES                                │
  │  Energy Components:                                          │
  │    Pragmatic (E):    75.000  │  Goal-seeking error             │
  │    Epistemic (I):     7.998  │  Information gain               │
  │    Complexity (C):    0.000  │  Model complexity               │
  │    ───────────────────────────────────────────────────────── │
  │    Total Free Energy:  67.002  │  G = E - I + C                  │
  ├──────────────────────────────────────────────────────────────┤
  │  Status: ⏸️  PENDING (queued for evaluation)                   │
  ╰──────────────────────────────────────────────────────────────╯
  [Memory]  Map (37/37): [█████████████████████████████████████]
🚀 APPLYING AXIOM IN SANDBOX: SPAWN_EXTRAPOLATE_TL_BR_8 (Tier: 6)
🚀 APPLYING AXIOM IN SANDBOX: SPAWN_EXTRAPOLATE_TL_BR_8 (Tier: 6)
🚀 APPLYING AXIOM IN SANDBOX: SPAWN_EXTRAPOLATE_TL_BR_8 (Tier: 6)
[Depth 2] Axioms: ["ROOT_START", "SPAWN_EXTRAPOLATE_ORTHOGONAL_8", "SPAWN_EXTRAPOLATE_TL_BR_8"] | Pragmatic: 52.00 | Epistemic: 6.70 | Prob: 1.0000 | Dim: 10x10
  ╭──────────────────────────────────────────────────────────────╮
  │  MCTS NODE [0] — Rank 1/2 │ Depth 2                       │
  ├──────────────────────────────────────────────────────────────┤
  │  P(dist): ━━━━━━━━━━━━━━━━━━━━━━━━━━━━━━ ●=1.000 μ=0.900 range[0.800, 1.000]   │
  │  Threshold: 0.050 ✓ SURVIVES                                │
  │  Energy Components:                                          │
  │    Pragmatic (E):    52.000  │  Goal-seeking error             │
  │    Epistemic (I):     6.697  │  Information gain               │
  │    Complexity (C):    0.000  │  Model complexity               │
  │    ───────────────────────────────────────────────────────── │
  │    Total Free Energy:  45.303  │  G = E - I + C                  │
  ├──────────────────────────────────────────────────────────────┤
  │  Status: ⏸️  PENDING (queued for evaluation)                   │
  ╰──────────────────────────────────────────────────────────────╯
  [Memory]  Map (30/30): [██████████████████████████████]
🚀 APPLYING AXIOM IN SANDBOX: SPAWN_EXTRAPOLATE_TR_BL_8 (Tier: 6)
🚀 APPLYING AXIOM IN SANDBOX: SPAWN_EXTRAPOLATE_TR_BL_8 (Tier: 6)
🚀 APPLYING AXIOM IN SANDBOX: SPAWN_EXTRAPOLATE_TR_BL_8 (Tier: 6)
[Depth 1] Axioms: ["ROOT_START", "SPAWN_EXTRAPOLATE_TR_BL_8"] | Pragmatic: 52.00 | Epistemic: 6.70 | Prob: 1.0000 | Dim: 10x10
  ╭──────────────────────────────────────────────────────────────╮
  │  MCTS NODE [0] — Rank 1/2 │ Depth 1                       │
  ├──────────────────────────────────────────────────────────────┤
  │  P(dist): ━━━━━━━━━━━━━━━━━━━━━━━━━━━━━━ ●=1.000 μ=0.900 range[0.800, 1.000]   │
  │  Threshold: 0.050 ✓ SURVIVES                                │
  │  Energy Components:                                          │
  │    Pragmatic (E):    52.000  │  Goal-seeking error             │
  │    Epistemic (I):     6.697  │  Information gain               │
  │    Complexity (C):    0.000  │  Model complexity               │
  │    ───────────────────────────────────────────────────────── │
  │    Total Free Energy:  45.303  │  G = E - I + C                  │
  ├──────────────────────────────────────────────────────────────┤
  │  Status: 🌿 EXPANDING (exploring policies...)                   │
  ╰──────────────────────────────────────────────────────────────╯
  [Memory]  Map (30/30): [██████████████████████████████]
🚀 APPLYING AXIOM IN SANDBOX: INTERSECTION_FILL_8 (Tier: 6)
🚀 APPLYING AXIOM IN SANDBOX: INTERSECTION_FILL_8 (Tier: 6)
🚀 APPLYING AXIOM IN SANDBOX: INTERSECTION_FILL_8 (Tier: 6)
[Depth 2] Axioms: ["ROOT_START", "SPAWN_EXTRAPOLATE_TR_BL_8", "INTERSECTION_FILL_8"] | Pragmatic: 75.00 | Epistemic: 8.00 | Prob: 1.0000 | Dim: 10x10
  ╭──────────────────────────────────────────────────────────────╮
  │  MCTS NODE [0] — Rank 1/2 │ Depth 2                       │
  ├──────────────────────────────────────────────────────────────┤
  │  P(dist): ━━━━━━━━━━━━━━━━━━━━━━━━━━━━━━ ●=1.000 μ=0.900 range[0.800, 1.000]   │
  │  Threshold: 0.050 ✓ SURVIVES                                │
  │  Energy Components:                                          │
  │    Pragmatic (E):    75.000  │  Goal-seeking error             │
  │    Epistemic (I):     7.998  │  Information gain               │
  │    Complexity (C):    0.000  │  Model complexity               │
  │    ───────────────────────────────────────────────────────── │
  │    Total Free Energy:  67.002  │  G = E - I + C                  │
  ├──────────────────────────────────────────────────────────────┤
  │  Status: ⏸️  PENDING (queued for evaluation)                   │
  ╰──────────────────────────────────────────────────────────────╯
  [Memory]  Map (37/37): [█████████████████████████████████████]
🚀 APPLYING AXIOM IN SANDBOX: SPAWN_EXTRAPOLATE_TL_BR_8 (Tier: 6)
🚀 APPLYING AXIOM IN SANDBOX: SPAWN_EXTRAPOLATE_TL_BR_8 (Tier: 6)
🚀 APPLYING AXIOM IN SANDBOX: SPAWN_EXTRAPOLATE_TL_BR_8 (Tier: 6)
[Depth 2] Axioms: ["ROOT_START", "SPAWN_EXTRAPOLATE_TR_BL_8", "SPAWN_EXTRAPOLATE_TL_BR_8"] | Pragmatic: 52.00 | Epistemic: 6.70 | Prob: 1.0000 | Dim: 10x10
  ╭──────────────────────────────────────────────────────────────╮
  │  MCTS NODE [0] — Rank 1/2 │ Depth 2                       │
  ├──────────────────────────────────────────────────────────────┤
  │  P(dist): ━━━━━━━━━━━━━━━━━━━━━━━━━━━━━━ ●=1.000 μ=0.900 range[0.800, 1.000]   │
  │  Threshold: 0.050 ✓ SURVIVES                                │
  │  Energy Components:                                          │
  │    Pragmatic (E):    52.000  │  Goal-seeking error             │
  │    Epistemic (I):     6.697  │  Information gain               │
  │    Complexity (C):    0.000  │  Model complexity               │
  │    ───────────────────────────────────────────────────────── │
  │    Total Free Energy:  45.303  │  G = E - I + C                  │
  ├──────────────────────────────────────────────────────────────┤
  │  Status: ⏸️  PENDING (queued for evaluation)                   │
  ╰──────────────────────────────────────────────────────────────╯
  [Memory]  Map (30/30): [██████████████████████████████]
🚀 APPLYING AXIOM IN SANDBOX: INTERSECTION_FILL_8 (Tier: 6)
🚀 APPLYING AXIOM IN SANDBOX: INTERSECTION_FILL_8 (Tier: 6)
🚀 APPLYING AXIOM IN SANDBOX: INTERSECTION_FILL_8 (Tier: 6)
[Depth 1] Axioms: ["ROOT_START", "INTERSECTION_FILL_8"] | Pragmatic: 58.00 | Epistemic: 6.92 | Prob: 1.0000 | Dim: 10x10
  ╭──────────────────────────────────────────────────────────────╮
  │  MCTS NODE [0] — Rank 1/2 │ Depth 1                       │
  ├──────────────────────────────────────────────────────────────┤
  │  P(dist): ━━━━━━━━━━━━━━━━━━━━━━━━━━━━━━ ●=1.000 μ=0.900 range[0.800, 1.000]   │
  │  Threshold: 0.050 ✓ SURVIVES                                │
  │  Energy Components:                                          │
  │    Pragmatic (E):    58.000  │  Goal-seeking error             │
  │    Epistemic (I):     6.919  │  Information gain               │
  │    Complexity (C):    0.000  │  Model complexity               │
  │    ───────────────────────────────────────────────────────── │
  │    Total Free Energy:  51.081  │  G = E - I + C                  │
  ├──────────────────────────────────────────────────────────────┤
  │  Status: 🌿 EXPANDING (exploring policies...)                   │
  ╰──────────────────────────────────────────────────────────────╯
  [Memory]  Map (22/22): [██████████████████████]
🚀 APPLYING AXIOM IN SANDBOX: SPAWN_EXTRAPOLATE_TR_BL_8 (Tier: 6)
🚀 APPLYING AXIOM IN SANDBOX: SPAWN_EXTRAPOLATE_TR_BL_8 (Tier: 6)
🚀 APPLYING AXIOM IN SANDBOX: SPAWN_EXTRAPOLATE_TR_BL_8 (Tier: 6)
[Depth 2] Axioms: ["ROOT_START", "INTERSECTION_FILL_8", "SPAWN_EXTRAPOLATE_TR_BL_8"] | Pragmatic: 50.00 | Epistemic: 7.43 | Prob: 1.0000 | Dim: 10x10
  ╭──────────────────────────────────────────────────────────────╮
  │  MCTS NODE [0] — Rank 1/2 │ Depth 2                       │
  ├──────────────────────────────────────────────────────────────┤
  │  P(dist): ━━━━━━━━━━━━━━━━━━━━━━━━━━━━━━ ●=1.000 μ=0.900 range[0.800, 1.000]   │
  │  Threshold: 0.050 ✓ SURVIVES                                │
  │  Energy Components:                                          │
  │    Pragmatic (E):    50.000  │  Goal-seeking error             │
  │    Epistemic (I):     7.430  │  Information gain               │
  │    Complexity (C):    0.000  │  Model complexity               │
  │    ───────────────────────────────────────────────────────── │
  │    Total Free Energy:  42.570  │  G = E - I + C                  │
  ├──────────────────────────────────────────────────────────────┤
  │  Status: ⏸️  PENDING (queued for evaluation)                   │
  ╰──────────────────────────────────────────────────────────────╯
  [Memory]  Map (22/22): [██████████████████████]
🚀 APPLYING AXIOM IN SANDBOX: SPAWN_EXTRAPOLATE_TL_BR_8 (Tier: 6)
🚀 APPLYING AXIOM IN SANDBOX: SPAWN_EXTRAPOLATE_TL_BR_8 (Tier: 6)
🚀 APPLYING AXIOM IN SANDBOX: SPAWN_EXTRAPOLATE_TL_BR_8 (Tier: 6)
[Depth 2] Axioms: ["ROOT_START", "INTERSECTION_FILL_8", "SPAWN_EXTRAPOLATE_TL_BR_8"] | Pragmatic: 50.00 | Epistemic: 7.43 | Prob: 1.0000 | Dim: 10x10
  ╭──────────────────────────────────────────────────────────────╮
  │  MCTS NODE [0] — Rank 1/2 │ Depth 2                       │
  ├──────────────────────────────────────────────────────────────┤
  │  P(dist): ━━━━━━━━━━━━━━━━━━━━━━━━━━━━━━ ●=1.000 μ=0.900 range[0.800, 1.000]   │
  │  Threshold: 0.050 ✓ SURVIVES                                │
  │  Energy Components:                                          │
  │    Pragmatic (E):    50.000  │  Goal-seeking error             │
  │    Epistemic (I):     7.430  │  Information gain               │
  │    Complexity (C):    0.000  │  Model complexity               │
  │    ───────────────────────────────────────────────────────── │
  │    Total Free Energy:  42.570  │  G = E - I + C                  │
  ├──────────────────────────────────────────────────────────────┤
  │  Status: ⏸️  PENDING (queued for evaluation)                   │
  ╰──────────────────────────────────────────────────────────────╯
  [Memory]  Map (22/22): [██████████████████████]
🚀 APPLYING AXIOM IN SANDBOX: SPAWN_EXTRAPOLATE_TL_BR_8 (Tier: 6)
🚀 APPLYING AXIOM IN SANDBOX: SPAWN_EXTRAPOLATE_TL_BR_8 (Tier: 6)
🚀 APPLYING AXIOM IN SANDBOX: SPAWN_EXTRAPOLATE_TL_BR_8 (Tier: 6)
[Depth 1] Axioms: ["ROOT_START", "SPAWN_EXTRAPOLATE_TL_BR_8"] | Pragmatic: 52.00 | Epistemic: 6.70 | Prob: 1.0000 | Dim: 10x10
  ╭──────────────────────────────────────────────────────────────╮
  │  MCTS NODE [0] — Rank 1/2 │ Depth 1                       │
  ├──────────────────────────────────────────────────────────────┤
  │  P(dist): ━━━━━━━━━━━━━━━━━━━━━━━━━━━━━━ ●=1.000 μ=0.900 range[0.800, 1.000]   │
  │  Threshold: 0.050 ✓ SURVIVES                                │
  │  Energy Components:                                          │
  │    Pragmatic (E):    52.000  │  Goal-seeking error             │
  │    Epistemic (I):     6.697  │  Information gain               │
  │    Complexity (C):    0.000  │  Model complexity               │
  │    ───────────────────────────────────────────────────────── │
  │    Total Free Energy:  45.303  │  G = E - I + C                  │
  ├──────────────────────────────────────────────────────────────┤
  │  Status: 🌿 EXPANDING (exploring policies...)                   │
  ╰──────────────────────────────────────────────────────────────╯
  [Memory]  Map (30/30): [██████████████████████████████]
🚀 APPLYING AXIOM IN SANDBOX: SPAWN_EXTRAPOLATE_TR_BL_8 (Tier: 6)
🚀 APPLYING AXIOM IN SANDBOX: SPAWN_EXTRAPOLATE_TR_BL_8 (Tier: 6)
🚀 APPLYING AXIOM IN SANDBOX: SPAWN_EXTRAPOLATE_TR_BL_8 (Tier: 6)
[Depth 2] Axioms: ["ROOT_START", "SPAWN_EXTRAPOLATE_TL_BR_8", "SPAWN_EXTRAPOLATE_TR_BL_8"] | Pragmatic: 52.00 | Epistemic: 6.70 | Prob: 1.0000 | Dim: 10x10
  ╭──────────────────────────────────────────────────────────────╮
  │  MCTS NODE [0] — Rank 1/2 │ Depth 2                       │
  ├──────────────────────────────────────────────────────────────┤
  │  P(dist): ━━━━━━━━━━━━━━━━━━━━━━━━━━━━━━ ●=1.000 μ=0.900 range[0.800, 1.000]   │
  │  Threshold: 0.050 ✓ SURVIVES                                │
  │  Energy Components:                                          │
  │    Pragmatic (E):    52.000  │  Goal-seeking error             │
  │    Epistemic (I):     6.697  │  Information gain               │
  │    Complexity (C):    0.000  │  Model complexity               │
  │    ───────────────────────────────────────────────────────── │
  │    Total Free Energy:  45.303  │  G = E - I + C                  │
  ├──────────────────────────────────────────────────────────────┤
  │  Status: ⏸️  PENDING (queued for evaluation)                   │
  ╰──────────────────────────────────────────────────────────────╯
  [Memory]  Map (30/30): [██████████████████████████████]
🚀 APPLYING AXIOM IN SANDBOX: INTERSECTION_FILL_8 (Tier: 6)
🚀 APPLYING AXIOM IN SANDBOX: INTERSECTION_FILL_8 (Tier: 6)
🚀 APPLYING AXIOM IN SANDBOX: INTERSECTION_FILL_8 (Tier: 6)
[Depth 2] Axioms: ["ROOT_START", "SPAWN_EXTRAPOLATE_TL_BR_8", "INTERSECTION_FILL_8"] | Pragmatic: 75.00 | Epistemic: 8.00 | Prob: 1.0000 | Dim: 10x10
  ╭──────────────────────────────────────────────────────────────╮
  │  MCTS NODE [0] — Rank 1/2 │ Depth 2                       │
  ├──────────────────────────────────────────────────────────────┤
  │  P(dist): ━━━━━━━━━━━━━━━━━━━━━━━━━━━━━━ ●=1.000 μ=0.900 range[0.800, 1.000]   │
  │  Threshold: 0.050 ✓ SURVIVES                                │
  │  Energy Components:                                          │
  │    Pragmatic (E):    75.000  │  Goal-seeking error             │
  │    Epistemic (I):     7.998  │  Information gain               │
  │    Complexity (C):    0.000  │  Model complexity               │
  │    ───────────────────────────────────────────────────────── │
  │    Total Free Energy:  67.002  │  G = E - I + C                  │
  ├──────────────────────────────────────────────────────────────┤
  │  Status: ⏸️  PENDING (queued for evaluation)                   │
  ╰──────────────────────────────────────────────────────────────╯
  [Memory]  Map (37/37): [█████████████████████████████████████]
   🔍 Search Attempt 3: Exploring top 10 advanced axioms...
🚀 APPLYING AXIOM IN SANDBOX: SPAWN_EXTRAPOLATE_TL_BR_8 (Tier: 6)
🚀 APPLYING AXIOM IN SANDBOX: SPAWN_EXTRAPOLATE_TL_BR_8 (Tier: 6)
🚀 APPLYING AXIOM IN SANDBOX: SPAWN_EXTRAPOLATE_TL_BR_8 (Tier: 6)
🚀 APPLYING AXIOM IN SANDBOX: SPAWN_EXTRAPOLATE_TL_BR_8 (Tier: 6)
🚀 APPLYING AXIOM IN SANDBOX: SPAWN_EXTRAPOLATE_TL_BR_8 (Tier: 6)
🚀 APPLYING AXIOM IN SANDBOX: SPAWN_EXTRAPOLATE_TL_BR_8 (Tier: 6)
🚀 APPLYING AXIOM IN SANDBOX: SPAWN_EXTRAPOLATE_TL_BR_8 (Tier: 6)
🚀 APPLYING AXIOM IN SANDBOX: SPAWN_EXTRAPOLATE_TL_BR_8 (Tier: 6)
🚀 APPLYING AXIOM IN SANDBOX: SPAWN_EXTRAPOLATE_TL_BR_8 (Tier: 6)
🚀 APPLYING AXIOM IN SANDBOX: SPAWN_EXTRAPOLATE_TL_BR_8 (Tier: 6)
🚀 APPLYING AXIOM IN SANDBOX: SPAWN_EXTRAPOLATE_TL_BR_8 (Tier: 6)
🚀 APPLYING AXIOM IN SANDBOX: SPAWN_EXTRAPOLATE_TL_BR_8 (Tier: 6)
🚀 APPLYING AXIOM IN SANDBOX: INTERSECTION_FILL_8 (Tier: 6)
🚀 APPLYING AXIOM IN SANDBOX: INTERSECTION_FILL_8 (Tier: 6)
🚀 APPLYING AXIOM IN SANDBOX: INTERSECTION_FILL_8 (Tier: 6)
🚀 APPLYING AXIOM IN SANDBOX: INTERSECTION_FILL_8 (Tier: 6)
🚀 APPLYING AXIOM IN SANDBOX: INTERSECTION_FILL_8 (Tier: 6)
🚀 APPLYING AXIOM IN SANDBOX: INTERSECTION_FILL_8 (Tier: 6)
🚀 APPLYING AXIOM IN SANDBOX: INTERSECTION_FILL_8 (Tier: 6)
🚀 APPLYING AXIOM IN SANDBOX: INTERSECTION_FILL_8 (Tier: 6)
🚀 APPLYING AXIOM IN SANDBOX: INTERSECTION_FILL_8 (Tier: 6)
🚀 APPLYING AXIOM IN SANDBOX: INTERSECTION_FILL_8 (Tier: 6)
🚀 APPLYING AXIOM IN SANDBOX: INTERSECTION_FILL_8 (Tier: 6)
🚀 APPLYING AXIOM IN SANDBOX: INTERSECTION_FILL_8 (Tier: 6)
🚀 APPLYING AXIOM IN SANDBOX: SPAWN_EXTRAPOLATE_TR_BL_8 (Tier: 6)
🚀 APPLYING AXIOM IN SANDBOX: SPAWN_EXTRAPOLATE_TR_BL_8 (Tier: 6)
🚀 APPLYING AXIOM IN SANDBOX: SPAWN_EXTRAPOLATE_TR_BL_8 (Tier: 6)
🚀 APPLYING AXIOM IN SANDBOX: SPAWN_EXTRAPOLATE_TR_BL_8 (Tier: 6)
🚀 APPLYING AXIOM IN SANDBOX: SPAWN_EXTRAPOLATE_TR_BL_8 (Tier: 6)
🚀 APPLYING AXIOM IN SANDBOX: SPAWN_EXTRAPOLATE_TR_BL_8 (Tier: 6)
🚀 APPLYING AXIOM IN SANDBOX: SPAWN_EXTRAPOLATE_TL_BR_8 (Tier: 6)
🚀 APPLYING AXIOM IN SANDBOX: SPAWN_EXTRAPOLATE_TL_BR_8 (Tier: 6)
🚀 APPLYING AXIOM IN SANDBOX: SPAWN_EXTRAPOLATE_TL_BR_8 (Tier: 6)
🚀 APPLYING AXIOM IN SANDBOX: SPAWN_EXTRAPOLATE_TL_BR_8 (Tier: 6)
🚀 APPLYING AXIOM IN SANDBOX: SPAWN_EXTRAPOLATE_TL_BR_8 (Tier: 6)
🚀 APPLYING AXIOM IN SANDBOX: SPAWN_EXTRAPOLATE_TL_BR_8 (Tier: 6)
🚀 APPLYING AXIOM IN SANDBOX: SPAWN_EXTRAPOLATE_TL_BR_8 (Tier: 6)
🚀 APPLYING AXIOM IN SANDBOX: SPAWN_EXTRAPOLATE_TL_BR_8 (Tier: 6)
🚀 APPLYING AXIOM IN SANDBOX: SPAWN_EXTRAPOLATE_TL_BR_8 (Tier: 6)
🚀 APPLYING AXIOM IN SANDBOX: SPAWN_EXTRAPOLATE_TL_BR_8 (Tier: 6)
🚀 APPLYING AXIOM IN SANDBOX: SPAWN_EXTRAPOLATE_TL_BR_8 (Tier: 6)
🚀 APPLYING AXIOM IN SANDBOX: SPAWN_EXTRAPOLATE_TL_BR_8 (Tier: 6)
🚀 APPLYING AXIOM IN SANDBOX: INTERSECTION_FILL_8 (Tier: 6)
🚀 APPLYING AXIOM IN SANDBOX: INTERSECTION_FILL_8 (Tier: 6)
🚀 APPLYING AXIOM IN SANDBOX: INTERSECTION_FILL_8 (Tier: 6)
🚀 APPLYING AXIOM IN SANDBOX: INTERSECTION_FILL_8 (Tier: 6)
🚀 APPLYING AXIOM IN SANDBOX: INTERSECTION_FILL_8 (Tier: 6)
🚀 APPLYING AXIOM IN SANDBOX: INTERSECTION_FILL_8 (Tier: 6)
🚀 APPLYING AXIOM IN SANDBOX: INTERSECTION_FILL_8 (Tier: 6)
🚀 APPLYING AXIOM IN SANDBOX: INTERSECTION_FILL_8 (Tier: 6)
🚀 APPLYING AXIOM IN SANDBOX: INTERSECTION_FILL_8 (Tier: 6)
🚀 APPLYING AXIOM IN SANDBOX: INTERSECTION_FILL_8 (Tier: 6)
🚀 APPLYING AXIOM IN SANDBOX: INTERSECTION_FILL_8 (Tier: 6)
🚀 APPLYING AXIOM IN SANDBOX: INTERSECTION_FILL_8 (Tier: 6)
🚀 APPLYING AXIOM IN SANDBOX: SPAWN_EXTRAPOLATE_TR_BL_8 (Tier: 6)
🚀 APPLYING AXIOM IN SANDBOX: SPAWN_EXTRAPOLATE_TR_BL_8 (Tier: 6)
🚀 APPLYING AXIOM IN SANDBOX: SPAWN_EXTRAPOLATE_TR_BL_8 (Tier: 6)
🚀 APPLYING AXIOM IN SANDBOX: SPAWN_EXTRAPOLATE_TR_BL_8 (Tier: 6)
🚀 APPLYING AXIOM IN SANDBOX: SPAWN_EXTRAPOLATE_TR_BL_8 (Tier: 6)
🚀 APPLYING AXIOM IN SANDBOX: SPAWN_EXTRAPOLATE_TR_BL_8 (Tier: 6)
   ⚡ Memulai MCTS dari ROOT ZERO-POINT dengan 4 amunisi unik...
🚀 APPLYING AXIOM IN SANDBOX: ROOT_START (Tier: 0)
🚀 APPLYING AXIOM IN SANDBOX: ROOT_START (Tier: 0)
🚀 APPLYING AXIOM IN SANDBOX: ROOT_START (Tier: 0)
[Depth 0] Axioms: ["ROOT_START"] | Pragmatic: -1500.00 | Epistemic: 0.00 | Prob: 0.9900 | Dim: 10x10
  ╭──────────────────────────────────────────────────────────────╮
  │  MCTS NODE [0] — Rank 1/2 │ Depth 0                       │
  ├──────────────────────────────────────────────────────────────┤
  │  P(dist): ━━━━━━━━━━━━━━━━━━━━━━━━━━━━━━ ●=0.990 μ=0.895 range[0.800, 0.990]   │
  │  Threshold: 0.050 ✓ SURVIVES                                │
  │  Energy Components:                                          │
  │    Pragmatic (E):  -1500.000  │  Goal-seeking error             │
  │    Epistemic (I):     0.000  │  Information gain               │
  │    Complexity (C):    0.000  │  Model complexity               │
  │    ───────────────────────────────────────────────────────── │
  │    Total Free Energy: -1500.000  │  G = E - I + C                  │
  ├──────────────────────────────────────────────────────────────┤
  │  Status: 🌿 EXPANDING (exploring policies...)                   │
  ╰──────────────────────────────────────────────────────────────╯
  [Memory]  Map (4/4): [████]
🚀 APPLYING AXIOM IN SANDBOX: SPAWN_EXTRAPOLATE_ORTHOGONAL_8 (Tier: 6)
🚀 APPLYING AXIOM IN SANDBOX: SPAWN_EXTRAPOLATE_ORTHOGONAL_8 (Tier: 6)
🚀 APPLYING AXIOM IN SANDBOX: SPAWN_EXTRAPOLATE_ORTHOGONAL_8 (Tier: 6)
[Depth 1] Axioms: ["ROOT_START", "SPAWN_EXTRAPOLATE_ORTHOGONAL_8"] | Pragmatic: 52.00 | Epistemic: 6.70 | Prob: 1.0000 | Dim: 10x10
  ╭──────────────────────────────────────────────────────────────╮
  │  MCTS NODE [0] — Rank 1/2 │ Depth 1                       │
  ├──────────────────────────────────────────────────────────────┤
  │  P(dist): ━━━━━━━━━━━━━━━━━━━━━━━━━━━━━━ ●=1.000 μ=0.900 range[0.800, 1.000]   │
  │  Threshold: 0.050 ✓ SURVIVES                                │
  │  Energy Components:                                          │
  │    Pragmatic (E):    52.000  │  Goal-seeking error             │
  │    Epistemic (I):     6.697  │  Information gain               │
  │    Complexity (C):    0.000  │  Model complexity               │
  │    ───────────────────────────────────────────────────────── │
  │    Total Free Energy:  45.303  │  G = E - I + C                  │
  ├──────────────────────────────────────────────────────────────┤
  │  Status: 🌿 EXPANDING (exploring policies...)                   │
  ╰──────────────────────────────────────────────────────────────╯
  [Memory]  Map (30/30): [██████████████████████████████]
🚀 APPLYING AXIOM IN SANDBOX: INTERSECTION_FILL_8 (Tier: 6)
🚀 APPLYING AXIOM IN SANDBOX: INTERSECTION_FILL_8 (Tier: 6)
🚀 APPLYING AXIOM IN SANDBOX: INTERSECTION_FILL_8 (Tier: 6)
[Depth 2] Axioms: ["ROOT_START", "SPAWN_EXTRAPOLATE_ORTHOGONAL_8", "INTERSECTION_FILL_8"] | Pragmatic: 75.00 | Epistemic: 8.00 | Prob: 1.0000 | Dim: 10x10
  ╭──────────────────────────────────────────────────────────────╮
  │  MCTS NODE [0] — Rank 1/2 │ Depth 2                       │
  ├──────────────────────────────────────────────────────────────┤
  │  P(dist): ━━━━━━━━━━━━━━━━━━━━━━━━━━━━━━ ●=1.000 μ=0.900 range[0.800, 1.000]   │
  │  Threshold: 0.050 ✓ SURVIVES                                │
  │  Energy Components:                                          │
  │    Pragmatic (E):    75.000  │  Goal-seeking error             │
  │    Epistemic (I):     7.998  │  Information gain               │
  │    Complexity (C):    0.000  │  Model complexity               │
  │    ───────────────────────────────────────────────────────── │
  │    Total Free Energy:  67.002  │  G = E - I + C                  │
  ├──────────────────────────────────────────────────────────────┤
  │  Status: ⏸️  PENDING (queued for evaluation)                   │
  ╰──────────────────────────────────────────────────────────────╯
  [Memory]  Map (37/37): [█████████████████████████████████████]
🚀 APPLYING AXIOM IN SANDBOX: SPAWN_EXTRAPOLATE_TL_BR_8 (Tier: 6)
🚀 APPLYING AXIOM IN SANDBOX: SPAWN_EXTRAPOLATE_TL_BR_8 (Tier: 6)
🚀 APPLYING AXIOM IN SANDBOX: SPAWN_EXTRAPOLATE_TL_BR_8 (Tier: 6)
[Depth 2] Axioms: ["ROOT_START", "SPAWN_EXTRAPOLATE_ORTHOGONAL_8", "SPAWN_EXTRAPOLATE_TL_BR_8"] | Pragmatic: 52.00 | Epistemic: 6.70 | Prob: 1.0000 | Dim: 10x10
  ╭──────────────────────────────────────────────────────────────╮
  │  MCTS NODE [0] — Rank 1/2 │ Depth 2                       │
  ├──────────────────────────────────────────────────────────────┤
  │  P(dist): ━━━━━━━━━━━━━━━━━━━━━━━━━━━━━━ ●=1.000 μ=0.900 range[0.800, 1.000]   │
  │  Threshold: 0.050 ✓ SURVIVES                                │
  │  Energy Components:                                          │
  │    Pragmatic (E):    52.000  │  Goal-seeking error             │
  │    Epistemic (I):     6.697  │  Information gain               │
  │    Complexity (C):    0.000  │  Model complexity               │
  │    ───────────────────────────────────────────────────────── │
  │    Total Free Energy:  45.303  │  G = E - I + C                  │
  ├──────────────────────────────────────────────────────────────┤
  │  Status: ⏸️  PENDING (queued for evaluation)                   │
  ╰──────────────────────────────────────────────────────────────╯
  [Memory]  Map (30/30): [██████████████████████████████]
🚀 APPLYING AXIOM IN SANDBOX: SPAWN_EXTRAPOLATE_TR_BL_8 (Tier: 6)
🚀 APPLYING AXIOM IN SANDBOX: SPAWN_EXTRAPOLATE_TR_BL_8 (Tier: 6)
🚀 APPLYING AXIOM IN SANDBOX: SPAWN_EXTRAPOLATE_TR_BL_8 (Tier: 6)
[Depth 1] Axioms: ["ROOT_START", "SPAWN_EXTRAPOLATE_TR_BL_8"] | Pragmatic: 52.00 | Epistemic: 6.70 | Prob: 1.0000 | Dim: 10x10
  ╭──────────────────────────────────────────────────────────────╮
  │  MCTS NODE [0] — Rank 1/2 │ Depth 1                       │
  ├──────────────────────────────────────────────────────────────┤
  │  P(dist): ━━━━━━━━━━━━━━━━━━━━━━━━━━━━━━ ●=1.000 μ=0.900 range[0.800, 1.000]   │
  │  Threshold: 0.050 ✓ SURVIVES                                │
  │  Energy Components:                                          │
  │    Pragmatic (E):    52.000  │  Goal-seeking error             │
  │    Epistemic (I):     6.697  │  Information gain               │
  │    Complexity (C):    0.000  │  Model complexity               │
  │    ───────────────────────────────────────────────────────── │
  │    Total Free Energy:  45.303  │  G = E - I + C                  │
  ├──────────────────────────────────────────────────────────────┤
  │  Status: 🌿 EXPANDING (exploring policies...)                   │
  ╰──────────────────────────────────────────────────────────────╯
  [Memory]  Map (30/30): [██████████████████████████████]
🚀 APPLYING AXIOM IN SANDBOX: INTERSECTION_FILL_8 (Tier: 6)
🚀 APPLYING AXIOM IN SANDBOX: INTERSECTION_FILL_8 (Tier: 6)
🚀 APPLYING AXIOM IN SANDBOX: INTERSECTION_FILL_8 (Tier: 6)
[Depth 2] Axioms: ["ROOT_START", "SPAWN_EXTRAPOLATE_TR_BL_8", "INTERSECTION_FILL_8"] | Pragmatic: 75.00 | Epistemic: 8.00 | Prob: 1.0000 | Dim: 10x10
  ╭──────────────────────────────────────────────────────────────╮
  │  MCTS NODE [0] — Rank 1/2 │ Depth 2                       │
  ├──────────────────────────────────────────────────────────────┤
  │  P(dist): ━━━━━━━━━━━━━━━━━━━━━━━━━━━━━━ ●=1.000 μ=0.900 range[0.800, 1.000]   │
  │  Threshold: 0.050 ✓ SURVIVES                                │
  │  Energy Components:                                          │
  │    Pragmatic (E):    75.000  │  Goal-seeking error             │
  │    Epistemic (I):     7.998  │  Information gain               │
  │    Complexity (C):    0.000  │  Model complexity               │
  │    ───────────────────────────────────────────────────────── │
  │    Total Free Energy:  67.002  │  G = E - I + C                  │
  ├──────────────────────────────────────────────────────────────┤
  │  Status: ⏸️  PENDING (queued for evaluation)                   │
  ╰──────────────────────────────────────────────────────────────╯
  [Memory]  Map (37/37): [█████████████████████████████████████]
🚀 APPLYING AXIOM IN SANDBOX: SPAWN_EXTRAPOLATE_TL_BR_8 (Tier: 6)
🚀 APPLYING AXIOM IN SANDBOX: SPAWN_EXTRAPOLATE_TL_BR_8 (Tier: 6)
🚀 APPLYING AXIOM IN SANDBOX: SPAWN_EXTRAPOLATE_TL_BR_8 (Tier: 6)
[Depth 2] Axioms: ["ROOT_START", "SPAWN_EXTRAPOLATE_TR_BL_8", "SPAWN_EXTRAPOLATE_TL_BR_8"] | Pragmatic: 52.00 | Epistemic: 6.70 | Prob: 1.0000 | Dim: 10x10
  ╭──────────────────────────────────────────────────────────────╮
  │  MCTS NODE [0] — Rank 1/2 │ Depth 2                       │
  ├──────────────────────────────────────────────────────────────┤
  │  P(dist): ━━━━━━━━━━━━━━━━━━━━━━━━━━━━━━ ●=1.000 μ=0.900 range[0.800, 1.000]   │
  │  Threshold: 0.050 ✓ SURVIVES                                │
  │  Energy Components:                                          │
  │    Pragmatic (E):    52.000  │  Goal-seeking error             │
  │    Epistemic (I):     6.697  │  Information gain               │
  │    Complexity (C):    0.000  │  Model complexity               │
  │    ───────────────────────────────────────────────────────── │
  │    Total Free Energy:  45.303  │  G = E - I + C                  │
  ├──────────────────────────────────────────────────────────────┤
  │  Status: ⏸️  PENDING (queued for evaluation)                   │
  ╰──────────────────────────────────────────────────────────────╯
  [Memory]  Map (30/30): [██████████████████████████████]
🚀 APPLYING AXIOM IN SANDBOX: INTERSECTION_FILL_8 (Tier: 6)
🚀 APPLYING AXIOM IN SANDBOX: INTERSECTION_FILL_8 (Tier: 6)
🚀 APPLYING AXIOM IN SANDBOX: INTERSECTION_FILL_8 (Tier: 6)
[Depth 1] Axioms: ["ROOT_START", "INTERSECTION_FILL_8"] | Pragmatic: 58.00 | Epistemic: 6.92 | Prob: 1.0000 | Dim: 10x10
  ╭──────────────────────────────────────────────────────────────╮
  │  MCTS NODE [0] — Rank 1/2 │ Depth 1                       │
  ├──────────────────────────────────────────────────────────────┤
  │  P(dist): ━━━━━━━━━━━━━━━━━━━━━━━━━━━━━━ ●=1.000 μ=0.900 range[0.800, 1.000]   │
  │  Threshold: 0.050 ✓ SURVIVES                                │
  │  Energy Components:                                          │
  │    Pragmatic (E):    58.000  │  Goal-seeking error             │
  │    Epistemic (I):     6.919  │  Information gain               │
  │    Complexity (C):    0.000  │  Model complexity               │
  │    ───────────────────────────────────────────────────────── │
  │    Total Free Energy:  51.081  │  G = E - I + C                  │
  ├──────────────────────────────────────────────────────────────┤
  │  Status: 🌿 EXPANDING (exploring policies...)                   │
  ╰──────────────────────────────────────────────────────────────╯
  [Memory]  Map (22/22): [██████████████████████]
🚀 APPLYING AXIOM IN SANDBOX: SPAWN_EXTRAPOLATE_TR_BL_8 (Tier: 6)
🚀 APPLYING AXIOM IN SANDBOX: SPAWN_EXTRAPOLATE_TR_BL_8 (Tier: 6)
🚀 APPLYING AXIOM IN SANDBOX: SPAWN_EXTRAPOLATE_TR_BL_8 (Tier: 6)
[Depth 2] Axioms: ["ROOT_START", "INTERSECTION_FILL_8", "SPAWN_EXTRAPOLATE_TR_BL_8"] | Pragmatic: 50.00 | Epistemic: 7.43 | Prob: 1.0000 | Dim: 10x10
  ╭──────────────────────────────────────────────────────────────╮
  │  MCTS NODE [0] — Rank 1/2 │ Depth 2                       │
  ├──────────────────────────────────────────────────────────────┤
  │  P(dist): ━━━━━━━━━━━━━━━━━━━━━━━━━━━━━━ ●=1.000 μ=0.900 range[0.800, 1.000]   │
  │  Threshold: 0.050 ✓ SURVIVES                                │
  │  Energy Components:                                          │
  │    Pragmatic (E):    50.000  │  Goal-seeking error             │
  │    Epistemic (I):     7.430  │  Information gain               │
  │    Complexity (C):    0.000  │  Model complexity               │
  │    ───────────────────────────────────────────────────────── │
  │    Total Free Energy:  42.570  │  G = E - I + C                  │
  ├──────────────────────────────────────────────────────────────┤
  │  Status: ⏸️  PENDING (queued for evaluation)                   │
  ╰──────────────────────────────────────────────────────────────╯
  [Memory]  Map (22/22): [██████████████████████]
🚀 APPLYING AXIOM IN SANDBOX: SPAWN_EXTRAPOLATE_TL_BR_8 (Tier: 6)
🚀 APPLYING AXIOM IN SANDBOX: SPAWN_EXTRAPOLATE_TL_BR_8 (Tier: 6)
🚀 APPLYING AXIOM IN SANDBOX: SPAWN_EXTRAPOLATE_TL_BR_8 (Tier: 6)
[Depth 2] Axioms: ["ROOT_START", "INTERSECTION_FILL_8", "SPAWN_EXTRAPOLATE_TL_BR_8"] | Pragmatic: 50.00 | Epistemic: 7.43 | Prob: 1.0000 | Dim: 10x10
  ╭──────────────────────────────────────────────────────────────╮
  │  MCTS NODE [0] — Rank 1/2 │ Depth 2                       │
  ├──────────────────────────────────────────────────────────────┤
  │  P(dist): ━━━━━━━━━━━━━━━━━━━━━━━━━━━━━━ ●=1.000 μ=0.900 range[0.800, 1.000]   │
  │  Threshold: 0.050 ✓ SURVIVES                                │
  │  Energy Components:                                          │
  │    Pragmatic (E):    50.000  │  Goal-seeking error             │
  │    Epistemic (I):     7.430  │  Information gain               │
  │    Complexity (C):    0.000  │  Model complexity               │
  │    ───────────────────────────────────────────────────────── │
  │    Total Free Energy:  42.570  │  G = E - I + C                  │
  ├──────────────────────────────────────────────────────────────┤
  │  Status: ⏸️  PENDING (queued for evaluation)                   │
  ╰──────────────────────────────────────────────────────────────╯
  [Memory]  Map (22/22): [██████████████████████]
🚀 APPLYING AXIOM IN SANDBOX: SPAWN_EXTRAPOLATE_TL_BR_8 (Tier: 6)
🚀 APPLYING AXIOM IN SANDBOX: SPAWN_EXTRAPOLATE_TL_BR_8 (Tier: 6)
🚀 APPLYING AXIOM IN SANDBOX: SPAWN_EXTRAPOLATE_TL_BR_8 (Tier: 6)
[Depth 1] Axioms: ["ROOT_START", "SPAWN_EXTRAPOLATE_TL_BR_8"] | Pragmatic: 52.00 | Epistemic: 6.70 | Prob: 1.0000 | Dim: 10x10
  ╭──────────────────────────────────────────────────────────────╮
  │  MCTS NODE [0] — Rank 1/2 │ Depth 1                       │
  ├──────────────────────────────────────────────────────────────┤
  │  P(dist): ━━━━━━━━━━━━━━━━━━━━━━━━━━━━━━ ●=1.000 μ=0.900 range[0.800, 1.000]   │
  │  Threshold: 0.050 ✓ SURVIVES                                │
  │  Energy Components:                                          │
  │    Pragmatic (E):    52.000  │  Goal-seeking error             │
  │    Epistemic (I):     6.697  │  Information gain               │
  │    Complexity (C):    0.000  │  Model complexity               │
  │    ───────────────────────────────────────────────────────── │
  │    Total Free Energy:  45.303  │  G = E - I + C                  │
  ├──────────────────────────────────────────────────────────────┤
  │  Status: 🌿 EXPANDING (exploring policies...)                   │
  ╰──────────────────────────────────────────────────────────────╯
  [Memory]  Map (30/30): [██████████████████████████████]
🚀 APPLYING AXIOM IN SANDBOX: SPAWN_EXTRAPOLATE_TR_BL_8 (Tier: 6)
🚀 APPLYING AXIOM IN SANDBOX: SPAWN_EXTRAPOLATE_TR_BL_8 (Tier: 6)
🚀 APPLYING AXIOM IN SANDBOX: SPAWN_EXTRAPOLATE_TR_BL_8 (Tier: 6)
[Depth 2] Axioms: ["ROOT_START", "SPAWN_EXTRAPOLATE_TL_BR_8", "SPAWN_EXTRAPOLATE_TR_BL_8"] | Pragmatic: 52.00 | Epistemic: 6.70 | Prob: 1.0000 | Dim: 10x10
  ╭──────────────────────────────────────────────────────────────╮
  │  MCTS NODE [0] — Rank 1/2 │ Depth 2                       │
  ├──────────────────────────────────────────────────────────────┤
  │  P(dist): ━━━━━━━━━━━━━━━━━━━━━━━━━━━━━━ ●=1.000 μ=0.900 range[0.800, 1.000]   │
  │  Threshold: 0.050 ✓ SURVIVES                                │
  │  Energy Components:                                          │
  │    Pragmatic (E):    52.000  │  Goal-seeking error             │
  │    Epistemic (I):     6.697  │  Information gain               │
  │    Complexity (C):    0.000  │  Model complexity               │
  │    ───────────────────────────────────────────────────────── │
  │    Total Free Energy:  45.303  │  G = E - I + C                  │
  ├──────────────────────────────────────────────────────────────┤
  │  Status: ⏸️  PENDING (queued for evaluation)                   │
  ╰──────────────────────────────────────────────────────────────╯
  [Memory]  Map (30/30): [██████████████████████████████]
🚀 APPLYING AXIOM IN SANDBOX: INTERSECTION_FILL_8 (Tier: 6)
🚀 APPLYING AXIOM IN SANDBOX: INTERSECTION_FILL_8 (Tier: 6)
🚀 APPLYING AXIOM IN SANDBOX: INTERSECTION_FILL_8 (Tier: 6)
[Depth 2] Axioms: ["ROOT_START", "SPAWN_EXTRAPOLATE_TL_BR_8", "INTERSECTION_FILL_8"] | Pragmatic: 75.00 | Epistemic: 8.00 | Prob: 1.0000 | Dim: 10x10
  ╭──────────────────────────────────────────────────────────────╮
  │  MCTS NODE [0] — Rank 1/2 │ Depth 2                       │
  ├──────────────────────────────────────────────────────────────┤
  │  P(dist): ━━━━━━━━━━━━━━━━━━━━━━━━━━━━━━ ●=1.000 μ=0.900 range[0.800, 1.000]   │
  │  Threshold: 0.050 ✓ SURVIVES                                │
  │  Energy Components:                                          │
  │    Pragmatic (E):    75.000  │  Goal-seeking error             │
  │    Epistemic (I):     7.998  │  Information gain               │
  │    Complexity (C):    0.000  │  Model complexity               │
  │    ───────────────────────────────────────────────────────── │
  │    Total Free Energy:  67.002  │  G = E - I + C                  │
  ├──────────────────────────────────────────────────────────────┤
  │  Status: ⏸️  PENDING (queued for evaluation)                   │
  ╰──────────────────────────────────────────────────────────────╯
  [Memory]  Map (37/37): [█████████████████████████████████████]
   🔍 Search Attempt 4: Exploring top 20 advanced axioms...
🚀 APPLYING AXIOM IN SANDBOX: SPAWN_EXTRAPOLATE_TL_BR_8 (Tier: 6)
🚀 APPLYING AXIOM IN SANDBOX: SPAWN_EXTRAPOLATE_TL_BR_8 (Tier: 6)
🚀 APPLYING AXIOM IN SANDBOX: SPAWN_EXTRAPOLATE_TL_BR_8 (Tier: 6)
🚀 APPLYING AXIOM IN SANDBOX: SPAWN_EXTRAPOLATE_TL_BR_8 (Tier: 6)
🚀 APPLYING AXIOM IN SANDBOX: SPAWN_EXTRAPOLATE_TL_BR_8 (Tier: 6)
🚀 APPLYING AXIOM IN SANDBOX: SPAWN_EXTRAPOLATE_TL_BR_8 (Tier: 6)
🚀 APPLYING AXIOM IN SANDBOX: SPAWN_EXTRAPOLATE_TL_BR_8 (Tier: 6)
🚀 APPLYING AXIOM IN SANDBOX: SPAWN_EXTRAPOLATE_TL_BR_8 (Tier: 6)
🚀 APPLYING AXIOM IN SANDBOX: SPAWN_EXTRAPOLATE_TL_BR_8 (Tier: 6)
🚀 APPLYING AXIOM IN SANDBOX: SPAWN_EXTRAPOLATE_TL_BR_8 (Tier: 6)
🚀 APPLYING AXIOM IN SANDBOX: SPAWN_EXTRAPOLATE_TL_BR_8 (Tier: 6)
🚀 APPLYING AXIOM IN SANDBOX: SPAWN_EXTRAPOLATE_TL_BR_8 (Tier: 6)
🚀 APPLYING AXIOM IN SANDBOX: INTERSECTION_FILL_8 (Tier: 6)
🚀 APPLYING AXIOM IN SANDBOX: INTERSECTION_FILL_8 (Tier: 6)
🚀 APPLYING AXIOM IN SANDBOX: INTERSECTION_FILL_8 (Tier: 6)
🚀 APPLYING AXIOM IN SANDBOX: INTERSECTION_FILL_8 (Tier: 6)
🚀 APPLYING AXIOM IN SANDBOX: INTERSECTION_FILL_8 (Tier: 6)
🚀 APPLYING AXIOM IN SANDBOX: INTERSECTION_FILL_8 (Tier: 6)
🚀 APPLYING AXIOM IN SANDBOX: INTERSECTION_FILL_8 (Tier: 6)
🚀 APPLYING AXIOM IN SANDBOX: INTERSECTION_FILL_8 (Tier: 6)
🚀 APPLYING AXIOM IN SANDBOX: INTERSECTION_FILL_8 (Tier: 6)
🚀 APPLYING AXIOM IN SANDBOX: INTERSECTION_FILL_8 (Tier: 6)
🚀 APPLYING AXIOM IN SANDBOX: INTERSECTION_FILL_8 (Tier: 6)
🚀 APPLYING AXIOM IN SANDBOX: INTERSECTION_FILL_8 (Tier: 6)
🚀 APPLYING AXIOM IN SANDBOX: SPAWN_EXTRAPOLATE_TR_BL_8 (Tier: 6)
🚀 APPLYING AXIOM IN SANDBOX: SPAWN_EXTRAPOLATE_TR_BL_8 (Tier: 6)
🚀 APPLYING AXIOM IN SANDBOX: SPAWN_EXTRAPOLATE_TR_BL_8 (Tier: 6)
🚀 APPLYING AXIOM IN SANDBOX: SPAWN_EXTRAPOLATE_TR_BL_8 (Tier: 6)
🚀 APPLYING AXIOM IN SANDBOX: SPAWN_EXTRAPOLATE_TR_BL_8 (Tier: 6)
🚀 APPLYING AXIOM IN SANDBOX: SPAWN_EXTRAPOLATE_TR_BL_8 (Tier: 6)
🚀 APPLYING AXIOM IN SANDBOX: SPAWN_EXTRAPOLATE_TR_BL_8 (Tier: 6)
🚀 APPLYING AXIOM IN SANDBOX: SPAWN_EXTRAPOLATE_TR_BL_8 (Tier: 6)
🚀 APPLYING AXIOM IN SANDBOX: SPAWN_EXTRAPOLATE_TR_BL_8 (Tier: 6)
🚀 APPLYING AXIOM IN SANDBOX: SPAWN_EXTRAPOLATE_TR_BL_8 (Tier: 6)
🚀 APPLYING AXIOM IN SANDBOX: SPAWN_EXTRAPOLATE_TR_BL_8 (Tier: 6)
🚀 APPLYING AXIOM IN SANDBOX: SPAWN_EXTRAPOLATE_TR_BL_8 (Tier: 6)
🚀 APPLYING AXIOM IN SANDBOX: SPAWN_EXTRAPOLATE_ORTHOGONAL_8 (Tier: 6)
🚀 APPLYING AXIOM IN SANDBOX: SPAWN_EXTRAPOLATE_ORTHOGONAL_8 (Tier: 6)
🚀 APPLYING AXIOM IN SANDBOX: SPAWN_EXTRAPOLATE_ORTHOGONAL_8 (Tier: 6)
🚀 APPLYING AXIOM IN SANDBOX: SPAWN_EXTRAPOLATE_ORTHOGONAL_8 (Tier: 6)
🚀 APPLYING AXIOM IN SANDBOX: SPAWN_EXTRAPOLATE_ORTHOGONAL_8 (Tier: 6)
🚀 APPLYING AXIOM IN SANDBOX: SPAWN_EXTRAPOLATE_ORTHOGONAL_8 (Tier: 6)
🚀 APPLYING AXIOM IN SANDBOX: SPAWN_EXTRAPOLATE_ORTHOGONAL_8 (Tier: 6)
🚀 APPLYING AXIOM IN SANDBOX: SPAWN_EXTRAPOLATE_ORTHOGONAL_8 (Tier: 6)
🚀 APPLYING AXIOM IN SANDBOX: SPAWN_EXTRAPOLATE_ORTHOGONAL_8 (Tier: 6)
🚀 APPLYING AXIOM IN SANDBOX: SPAWN_EXTRAPOLATE_ORTHOGONAL_8 (Tier: 6)
🚀 APPLYING AXIOM IN SANDBOX: SPAWN_EXTRAPOLATE_ORTHOGONAL_8 (Tier: 6)
🚀 APPLYING AXIOM IN SANDBOX: SPAWN_EXTRAPOLATE_ORTHOGONAL_8 (Tier: 6)
🚀 APPLYING AXIOM IN SANDBOX: SPAWN_EXTRAPOLATE_TL_BR_8 (Tier: 6)
🚀 APPLYING AXIOM IN SANDBOX: SPAWN_EXTRAPOLATE_TL_BR_8 (Tier: 6)
🚀 APPLYING AXIOM IN SANDBOX: SPAWN_EXTRAPOLATE_TL_BR_8 (Tier: 6)
🚀 APPLYING AXIOM IN SANDBOX: SPAWN_EXTRAPOLATE_TL_BR_8 (Tier: 6)
🚀 APPLYING AXIOM IN SANDBOX: SPAWN_EXTRAPOLATE_TL_BR_8 (Tier: 6)
🚀 APPLYING AXIOM IN SANDBOX: SPAWN_EXTRAPOLATE_TL_BR_8 (Tier: 6)
🚀 APPLYING AXIOM IN SANDBOX: SPAWN_EXTRAPOLATE_TL_BR_8 (Tier: 6)
🚀 APPLYING AXIOM IN SANDBOX: SPAWN_EXTRAPOLATE_TL_BR_8 (Tier: 6)
🚀 APPLYING AXIOM IN SANDBOX: SPAWN_EXTRAPOLATE_TL_BR_8 (Tier: 6)
🚀 APPLYING AXIOM IN SANDBOX: SPAWN_EXTRAPOLATE_TL_BR_8 (Tier: 6)
🚀 APPLYING AXIOM IN SANDBOX: SPAWN_EXTRAPOLATE_TL_BR_8 (Tier: 6)
🚀 APPLYING AXIOM IN SANDBOX: SPAWN_EXTRAPOLATE_TL_BR_8 (Tier: 6)
🚀 APPLYING AXIOM IN SANDBOX: INTERSECTION_FILL_8 (Tier: 6)
🚀 APPLYING AXIOM IN SANDBOX: INTERSECTION_FILL_8 (Tier: 6)
🚀 APPLYING AXIOM IN SANDBOX: INTERSECTION_FILL_8 (Tier: 6)
🚀 APPLYING AXIOM IN SANDBOX: INTERSECTION_FILL_8 (Tier: 6)
🚀 APPLYING AXIOM IN SANDBOX: INTERSECTION_FILL_8 (Tier: 6)
🚀 APPLYING AXIOM IN SANDBOX: INTERSECTION_FILL_8 (Tier: 6)
🚀 APPLYING AXIOM IN SANDBOX: INTERSECTION_FILL_8 (Tier: 6)
🚀 APPLYING AXIOM IN SANDBOX: INTERSECTION_FILL_8 (Tier: 6)
🚀 APPLYING AXIOM IN SANDBOX: INTERSECTION_FILL_8 (Tier: 6)
🚀 APPLYING AXIOM IN SANDBOX: INTERSECTION_FILL_8 (Tier: 6)
🚀 APPLYING AXIOM IN SANDBOX: INTERSECTION_FILL_8 (Tier: 6)
🚀 APPLYING AXIOM IN SANDBOX: INTERSECTION_FILL_8 (Tier: 6)
🚀 APPLYING AXIOM IN SANDBOX: SPAWN_EXTRAPOLATE_TR_BL_8 (Tier: 6)
🚀 APPLYING AXIOM IN SANDBOX: SPAWN_EXTRAPOLATE_TR_BL_8 (Tier: 6)
🚀 APPLYING AXIOM IN SANDBOX: SPAWN_EXTRAPOLATE_TR_BL_8 (Tier: 6)
🚀 APPLYING AXIOM IN SANDBOX: SPAWN_EXTRAPOLATE_TR_BL_8 (Tier: 6)
🚀 APPLYING AXIOM IN SANDBOX: SPAWN_EXTRAPOLATE_TR_BL_8 (Tier: 6)
🚀 APPLYING AXIOM IN SANDBOX: SPAWN_EXTRAPOLATE_TR_BL_8 (Tier: 6)
🚀 APPLYING AXIOM IN SANDBOX: SPAWN_EXTRAPOLATE_TR_BL_8 (Tier: 6)
🚀 APPLYING AXIOM IN SANDBOX: SPAWN_EXTRAPOLATE_TR_BL_8 (Tier: 6)
🚀 APPLYING AXIOM IN SANDBOX: SPAWN_EXTRAPOLATE_TR_BL_8 (Tier: 6)
🚀 APPLYING AXIOM IN SANDBOX: SPAWN_EXTRAPOLATE_TR_BL_8 (Tier: 6)
🚀 APPLYING AXIOM IN SANDBOX: SPAWN_EXTRAPOLATE_TR_BL_8 (Tier: 6)
🚀 APPLYING AXIOM IN SANDBOX: SPAWN_EXTRAPOLATE_TR_BL_8 (Tier: 6)
🚀 APPLYING AXIOM IN SANDBOX: SPAWN_EXTRAPOLATE_ORTHOGONAL_8 (Tier: 6)
🚀 APPLYING AXIOM IN SANDBOX: SPAWN_EXTRAPOLATE_ORTHOGONAL_8 (Tier: 6)
🚀 APPLYING AXIOM IN SANDBOX: SPAWN_EXTRAPOLATE_ORTHOGONAL_8 (Tier: 6)
🚀 APPLYING AXIOM IN SANDBOX: SPAWN_EXTRAPOLATE_ORTHOGONAL_8 (Tier: 6)
🚀 APPLYING AXIOM IN SANDBOX: SPAWN_EXTRAPOLATE_ORTHOGONAL_8 (Tier: 6)
🚀 APPLYING AXIOM IN SANDBOX: SPAWN_EXTRAPOLATE_ORTHOGONAL_8 (Tier: 6)
🚀 APPLYING AXIOM IN SANDBOX: SPAWN_EXTRAPOLATE_ORTHOGONAL_8 (Tier: 6)
🚀 APPLYING AXIOM IN SANDBOX: SPAWN_EXTRAPOLATE_ORTHOGONAL_8 (Tier: 6)
🚀 APPLYING AXIOM IN SANDBOX: SPAWN_EXTRAPOLATE_ORTHOGONAL_8 (Tier: 6)
🚀 APPLYING AXIOM IN SANDBOX: SPAWN_EXTRAPOLATE_ORTHOGONAL_8 (Tier: 6)
🚀 APPLYING AXIOM IN SANDBOX: SPAWN_EXTRAPOLATE_ORTHOGONAL_8 (Tier: 6)
🚀 APPLYING AXIOM IN SANDBOX: SPAWN_EXTRAPOLATE_ORTHOGONAL_8 (Tier: 6)
   ⚡ Memulai MCTS dari ROOT ZERO-POINT dengan 4 amunisi unik...
🚀 APPLYING AXIOM IN SANDBOX: ROOT_START (Tier: 0)
🚀 APPLYING AXIOM IN SANDBOX: ROOT_START (Tier: 0)
🚀 APPLYING AXIOM IN SANDBOX: ROOT_START (Tier: 0)
[Depth 0] Axioms: ["ROOT_START"] | Pragmatic: -1500.00 | Epistemic: 0.00 | Prob: 0.9900 | Dim: 10x10
  ╭──────────────────────────────────────────────────────────────╮
  │  MCTS NODE [0] — Rank 1/2 │ Depth 0                       │
  ├──────────────────────────────────────────────────────────────┤
  │  P(dist): ━━━━━━━━━━━━━━━━━━━━━━━━━━━━━━ ●=0.990 μ=0.895 range[0.800, 0.990]   │
  │  Threshold: 0.050 ✓ SURVIVES                                │
  │  Energy Components:                                          │
  │    Pragmatic (E):  -1500.000  │  Goal-seeking error             │
  │    Epistemic (I):     0.000  │  Information gain               │
  │    Complexity (C):    0.000  │  Model complexity               │
  │    ───────────────────────────────────────────────────────── │
  │    Total Free Energy: -1500.000  │  G = E - I + C                  │
  ├──────────────────────────────────────────────────────────────┤
  │  Status: 🌿 EXPANDING (exploring policies...)                   │
  ╰──────────────────────────────────────────────────────────────╯
  [Memory]  Map (4/4): [████]
🚀 APPLYING AXIOM IN SANDBOX: SPAWN_EXTRAPOLATE_ORTHOGONAL_8 (Tier: 6)
🚀 APPLYING AXIOM IN SANDBOX: SPAWN_EXTRAPOLATE_ORTHOGONAL_8 (Tier: 6)
🚀 APPLYING AXIOM IN SANDBOX: SPAWN_EXTRAPOLATE_ORTHOGONAL_8 (Tier: 6)
[Depth 1] Axioms: ["ROOT_START", "SPAWN_EXTRAPOLATE_ORTHOGONAL_8"] | Pragmatic: 52.00 | Epistemic: 6.70 | Prob: 1.0000 | Dim: 10x10
  ╭──────────────────────────────────────────────────────────────╮
  │  MCTS NODE [0] — Rank 1/2 │ Depth 1                       │
  ├──────────────────────────────────────────────────────────────┤
  │  P(dist): ━━━━━━━━━━━━━━━━━━━━━━━━━━━━━━ ●=1.000 μ=0.900 range[0.800, 1.000]   │
  │  Threshold: 0.050 ✓ SURVIVES                                │
  │  Energy Components:                                          │
  │    Pragmatic (E):    52.000  │  Goal-seeking error             │
  │    Epistemic (I):     6.697  │  Information gain               │
  │    Complexity (C):    0.000  │  Model complexity               │
  │    ───────────────────────────────────────────────────────── │
  │    Total Free Energy:  45.303  │  G = E - I + C                  │
  ├──────────────────────────────────────────────────────────────┤
  │  Status: 🌿 EXPANDING (exploring policies...)                   │
  ╰──────────────────────────────────────────────────────────────╯
  [Memory]  Map (30/30): [██████████████████████████████]
🚀 APPLYING AXIOM IN SANDBOX: INTERSECTION_FILL_8 (Tier: 6)
🚀 APPLYING AXIOM IN SANDBOX: INTERSECTION_FILL_8 (Tier: 6)
🚀 APPLYING AXIOM IN SANDBOX: INTERSECTION_FILL_8 (Tier: 6)
[Depth 2] Axioms: ["ROOT_START", "SPAWN_EXTRAPOLATE_ORTHOGONAL_8", "INTERSECTION_FILL_8"] | Pragmatic: 75.00 | Epistemic: 8.00 | Prob: 1.0000 | Dim: 10x10
  ╭──────────────────────────────────────────────────────────────╮
  │  MCTS NODE [0] — Rank 1/2 │ Depth 2                       │
  ├──────────────────────────────────────────────────────────────┤
  │  P(dist): ━━━━━━━━━━━━━━━━━━━━━━━━━━━━━━ ●=1.000 μ=0.900 range[0.800, 1.000]   │
  │  Threshold: 0.050 ✓ SURVIVES                                │
  │  Energy Components:                                          │
  │    Pragmatic (E):    75.000  │  Goal-seeking error             │
  │    Epistemic (I):     7.998  │  Information gain               │
  │    Complexity (C):    0.000  │  Model complexity               │
  │    ───────────────────────────────────────────────────────── │
  │    Total Free Energy:  67.002  │  G = E - I + C                  │
  ├──────────────────────────────────────────────────────────────┤
  │  Status: ⏸️  PENDING (queued for evaluation)                   │
  ╰──────────────────────────────────────────────────────────────╯
  [Memory]  Map (37/37): [█████████████████████████████████████]
🚀 APPLYING AXIOM IN SANDBOX: SPAWN_EXTRAPOLATE_TL_BR_8 (Tier: 6)
🚀 APPLYING AXIOM IN SANDBOX: SPAWN_EXTRAPOLATE_TL_BR_8 (Tier: 6)
🚀 APPLYING AXIOM IN SANDBOX: SPAWN_EXTRAPOLATE_TL_BR_8 (Tier: 6)
[Depth 2] Axioms: ["ROOT_START", "SPAWN_EXTRAPOLATE_ORTHOGONAL_8", "SPAWN_EXTRAPOLATE_TL_BR_8"] | Pragmatic: 52.00 | Epistemic: 6.70 | Prob: 1.0000 | Dim: 10x10
  ╭──────────────────────────────────────────────────────────────╮
  │  MCTS NODE [0] — Rank 1/2 │ Depth 2                       │
  ├──────────────────────────────────────────────────────────────┤
  │  P(dist): ━━━━━━━━━━━━━━━━━━━━━━━━━━━━━━ ●=1.000 μ=0.900 range[0.800, 1.000]   │
  │  Threshold: 0.050 ✓ SURVIVES                                │
  │  Energy Components:                                          │
  │    Pragmatic (E):    52.000  │  Goal-seeking error             │
  │    Epistemic (I):     6.697  │  Information gain               │
  │    Complexity (C):    0.000  │  Model complexity               │
  │    ───────────────────────────────────────────────────────── │
  │    Total Free Energy:  45.303  │  G = E - I + C                  │
  ├──────────────────────────────────────────────────────────────┤
  │  Status: ⏸️  PENDING (queued for evaluation)                   │
  ╰──────────────────────────────────────────────────────────────╯
  [Memory]  Map (30/30): [██████████████████████████████]
🚀 APPLYING AXIOM IN SANDBOX: SPAWN_EXTRAPOLATE_TR_BL_8 (Tier: 6)
🚀 APPLYING AXIOM IN SANDBOX: SPAWN_EXTRAPOLATE_TR_BL_8 (Tier: 6)
🚀 APPLYING AXIOM IN SANDBOX: SPAWN_EXTRAPOLATE_TR_BL_8 (Tier: 6)
[Depth 1] Axioms: ["ROOT_START", "SPAWN_EXTRAPOLATE_TR_BL_8"] | Pragmatic: 52.00 | Epistemic: 6.70 | Prob: 1.0000 | Dim: 10x10
  ╭──────────────────────────────────────────────────────────────╮
  │  MCTS NODE [0] — Rank 1/2 │ Depth 1                       │
  ├──────────────────────────────────────────────────────────────┤
  │  P(dist): ━━━━━━━━━━━━━━━━━━━━━━━━━━━━━━ ●=1.000 μ=0.900 range[0.800, 1.000]   │
  │  Threshold: 0.050 ✓ SURVIVES                                │
  │  Energy Components:                                          │
  │    Pragmatic (E):    52.000  │  Goal-seeking error             │
  │    Epistemic (I):     6.697  │  Information gain               │
  │    Complexity (C):    0.000  │  Model complexity               │
  │    ───────────────────────────────────────────────────────── │
  │    Total Free Energy:  45.303  │  G = E - I + C                  │
  ├──────────────────────────────────────────────────────────────┤
  │  Status: 🌿 EXPANDING (exploring policies...)                   │
  ╰──────────────────────────────────────────────────────────────╯
  [Memory]  Map (30/30): [██████████████████████████████]
🚀 APPLYING AXIOM IN SANDBOX: INTERSECTION_FILL_8 (Tier: 6)
🚀 APPLYING AXIOM IN SANDBOX: INTERSECTION_FILL_8 (Tier: 6)
🚀 APPLYING AXIOM IN SANDBOX: INTERSECTION_FILL_8 (Tier: 6)
[Depth 2] Axioms: ["ROOT_START", "SPAWN_EXTRAPOLATE_TR_BL_8", "INTERSECTION_FILL_8"] | Pragmatic: 75.00 | Epistemic: 8.00 | Prob: 1.0000 | Dim: 10x10
  ╭──────────────────────────────────────────────────────────────╮
  │  MCTS NODE [0] — Rank 1/2 │ Depth 2                       │
  ├──────────────────────────────────────────────────────────────┤
  │  P(dist): ━━━━━━━━━━━━━━━━━━━━━━━━━━━━━━ ●=1.000 μ=0.900 range[0.800, 1.000]   │
  │  Threshold: 0.050 ✓ SURVIVES                                │
  │  Energy Components:                                          │
  │    Pragmatic (E):    75.000  │  Goal-seeking error             │
  │    Epistemic (I):     7.998  │  Information gain               │
  │    Complexity (C):    0.000  │  Model complexity               │
  │    ───────────────────────────────────────────────────────── │
  │    Total Free Energy:  67.002  │  G = E - I + C                  │
  ├──────────────────────────────────────────────────────────────┤
  │  Status: ⏸️  PENDING (queued for evaluation)                   │
  ╰──────────────────────────────────────────────────────────────╯
  [Memory]  Map (37/37): [█████████████████████████████████████]
🚀 APPLYING AXIOM IN SANDBOX: SPAWN_EXTRAPOLATE_TL_BR_8 (Tier: 6)
🚀 APPLYING AXIOM IN SANDBOX: SPAWN_EXTRAPOLATE_TL_BR_8 (Tier: 6)
🚀 APPLYING AXIOM IN SANDBOX: SPAWN_EXTRAPOLATE_TL_BR_8 (Tier: 6)
[Depth 2] Axioms: ["ROOT_START", "SPAWN_EXTRAPOLATE_TR_BL_8", "SPAWN_EXTRAPOLATE_TL_BR_8"] | Pragmatic: 52.00 | Epistemic: 6.70 | Prob: 1.0000 | Dim: 10x10
  ╭──────────────────────────────────────────────────────────────╮
  │  MCTS NODE [0] — Rank 1/2 │ Depth 2                       │
  ├──────────────────────────────────────────────────────────────┤
  │  P(dist): ━━━━━━━━━━━━━━━━━━━━━━━━━━━━━━ ●=1.000 μ=0.900 range[0.800, 1.000]   │
  │  Threshold: 0.050 ✓ SURVIVES                                │
  │  Energy Components:                                          │
  │    Pragmatic (E):    52.000  │  Goal-seeking error             │
  │    Epistemic (I):     6.697  │  Information gain               │
  │    Complexity (C):    0.000  │  Model complexity               │
  │    ───────────────────────────────────────────────────────── │
  │    Total Free Energy:  45.303  │  G = E - I + C                  │
  ├──────────────────────────────────────────────────────────────┤
  │  Status: ⏸️  PENDING (queued for evaluation)                   │
  ╰──────────────────────────────────────────────────────────────╯
  [Memory]  Map (30/30): [██████████████████████████████]
🚀 APPLYING AXIOM IN SANDBOX: INTERSECTION_FILL_8 (Tier: 6)
🚀 APPLYING AXIOM IN SANDBOX: INTERSECTION_FILL_8 (Tier: 6)
🚀 APPLYING AXIOM IN SANDBOX: INTERSECTION_FILL_8 (Tier: 6)
[Depth 1] Axioms: ["ROOT_START", "INTERSECTION_FILL_8"] | Pragmatic: 58.00 | Epistemic: 6.92 | Prob: 1.0000 | Dim: 10x10
  ╭──────────────────────────────────────────────────────────────╮
  │  MCTS NODE [0] — Rank 1/2 │ Depth 1                       │
  ├──────────────────────────────────────────────────────────────┤
  │  P(dist): ━━━━━━━━━━━━━━━━━━━━━━━━━━━━━━ ●=1.000 μ=0.900 range[0.800, 1.000]   │
  │  Threshold: 0.050 ✓ SURVIVES                                │
  │  Energy Components:                                          │
  │    Pragmatic (E):    58.000  │  Goal-seeking error             │
  │    Epistemic (I):     6.919  │  Information gain               │
  │    Complexity (C):    0.000  │  Model complexity               │
  │    ───────────────────────────────────────────────────────── │
  │    Total Free Energy:  51.081  │  G = E - I + C                  │
  ├──────────────────────────────────────────────────────────────┤
  │  Status: 🌿 EXPANDING (exploring policies...)                   │
  ╰──────────────────────────────────────────────────────────────╯
  [Memory]  Map (22/22): [██████████████████████]
🚀 APPLYING AXIOM IN SANDBOX: SPAWN_EXTRAPOLATE_TR_BL_8 (Tier: 6)
🚀 APPLYING AXIOM IN SANDBOX: SPAWN_EXTRAPOLATE_TR_BL_8 (Tier: 6)
🚀 APPLYING AXIOM IN SANDBOX: SPAWN_EXTRAPOLATE_TR_BL_8 (Tier: 6)
[Depth 2] Axioms: ["ROOT_START", "INTERSECTION_FILL_8", "SPAWN_EXTRAPOLATE_TR_BL_8"] | Pragmatic: 50.00 | Epistemic: 7.43 | Prob: 1.0000 | Dim: 10x10
  ╭──────────────────────────────────────────────────────────────╮
  │  MCTS NODE [0] — Rank 1/2 │ Depth 2                       │
  ├──────────────────────────────────────────────────────────────┤
  │  P(dist): ━━━━━━━━━━━━━━━━━━━━━━━━━━━━━━ ●=1.000 μ=0.900 range[0.800, 1.000]   │
  │  Threshold: 0.050 ✓ SURVIVES                                │
  │  Energy Components:                                          │
  │    Pragmatic (E):    50.000  │  Goal-seeking error             │
  │    Epistemic (I):     7.430  │  Information gain               │
  │    Complexity (C):    0.000  │  Model complexity               │
  │    ───────────────────────────────────────────────────────── │
  │    Total Free Energy:  42.570  │  G = E - I + C                  │
  ├──────────────────────────────────────────────────────────────┤
  │  Status: ⏸️  PENDING (queued for evaluation)                   │
  ╰──────────────────────────────────────────────────────────────╯
  [Memory]  Map (22/22): [██████████████████████]
🚀 APPLYING AXIOM IN SANDBOX: SPAWN_EXTRAPOLATE_TL_BR_8 (Tier: 6)
🚀 APPLYING AXIOM IN SANDBOX: SPAWN_EXTRAPOLATE_TL_BR_8 (Tier: 6)
🚀 APPLYING AXIOM IN SANDBOX: SPAWN_EXTRAPOLATE_TL_BR_8 (Tier: 6)
[Depth 2] Axioms: ["ROOT_START", "INTERSECTION_FILL_8", "SPAWN_EXTRAPOLATE_TL_BR_8"] | Pragmatic: 50.00 | Epistemic: 7.43 | Prob: 1.0000 | Dim: 10x10
  ╭──────────────────────────────────────────────────────────────╮
  │  MCTS NODE [0] — Rank 1/2 │ Depth 2                       │
  ├──────────────────────────────────────────────────────────────┤
  │  P(dist): ━━━━━━━━━━━━━━━━━━━━━━━━━━━━━━ ●=1.000 μ=0.900 range[0.800, 1.000]   │
  │  Threshold: 0.050 ✓ SURVIVES                                │
  │  Energy Components:                                          │
  │    Pragmatic (E):    50.000  │  Goal-seeking error             │
  │    Epistemic (I):     7.430  │  Information gain               │
  │    Complexity (C):    0.000  │  Model complexity               │
  │    ───────────────────────────────────────────────────────── │
  │    Total Free Energy:  42.570  │  G = E - I + C                  │
  ├──────────────────────────────────────────────────────────────┤
  │  Status: ⏸️  PENDING (queued for evaluation)                   │
  ╰──────────────────────────────────────────────────────────────╯
  [Memory]  Map (22/22): [██████████████████████]
🚀 APPLYING AXIOM IN SANDBOX: SPAWN_EXTRAPOLATE_TL_BR_8 (Tier: 6)
🚀 APPLYING AXIOM IN SANDBOX: SPAWN_EXTRAPOLATE_TL_BR_8 (Tier: 6)
🚀 APPLYING AXIOM IN SANDBOX: SPAWN_EXTRAPOLATE_TL_BR_8 (Tier: 6)
[Depth 1] Axioms: ["ROOT_START", "SPAWN_EXTRAPOLATE_TL_BR_8"] | Pragmatic: 52.00 | Epistemic: 6.70 | Prob: 1.0000 | Dim: 10x10
  ╭──────────────────────────────────────────────────────────────╮
  │  MCTS NODE [0] — Rank 1/2 │ Depth 1                       │
  ├──────────────────────────────────────────────────────────────┤
  │  P(dist): ━━━━━━━━━━━━━━━━━━━━━━━━━━━━━━ ●=1.000 μ=0.900 range[0.800, 1.000]   │
  │  Threshold: 0.050 ✓ SURVIVES                                │
  │  Energy Components:                                          │
  │    Pragmatic (E):    52.000  │  Goal-seeking error             │
  │    Epistemic (I):     6.697  │  Information gain               │
  │    Complexity (C):    0.000  │  Model complexity               │
  │    ───────────────────────────────────────────────────────── │
  │    Total Free Energy:  45.303  │  G = E - I + C                  │
  ├──────────────────────────────────────────────────────────────┤
  │  Status: 🌿 EXPANDING (exploring policies...)                   │
  ╰──────────────────────────────────────────────────────────────╯
  [Memory]  Map (30/30): [██████████████████████████████]
🚀 APPLYING AXIOM IN SANDBOX: SPAWN_EXTRAPOLATE_TR_BL_8 (Tier: 6)
🚀 APPLYING AXIOM IN SANDBOX: SPAWN_EXTRAPOLATE_TR_BL_8 (Tier: 6)
🚀 APPLYING AXIOM IN SANDBOX: SPAWN_EXTRAPOLATE_TR_BL_8 (Tier: 6)
[Depth 2] Axioms: ["ROOT_START", "SPAWN_EXTRAPOLATE_TL_BR_8", "SPAWN_EXTRAPOLATE_TR_BL_8"] | Pragmatic: 52.00 | Epistemic: 6.70 | Prob: 1.0000 | Dim: 10x10
  ╭──────────────────────────────────────────────────────────────╮
  │  MCTS NODE [0] — Rank 1/2 │ Depth 2                       │
  ├──────────────────────────────────────────────────────────────┤
  │  P(dist): ━━━━━━━━━━━━━━━━━━━━━━━━━━━━━━ ●=1.000 μ=0.900 range[0.800, 1.000]   │
  │  Threshold: 0.050 ✓ SURVIVES                                │
  │  Energy Components:                                          │
  │    Pragmatic (E):    52.000  │  Goal-seeking error             │
  │    Epistemic (I):     6.697  │  Information gain               │
  │    Complexity (C):    0.000  │  Model complexity               │
  │    ───────────────────────────────────────────────────────── │
  │    Total Free Energy:  45.303  │  G = E - I + C                  │
  ├──────────────────────────────────────────────────────────────┤
  │  Status: ⏸️  PENDING (queued for evaluation)                   │
  ╰──────────────────────────────────────────────────────────────╯
  [Memory]  Map (30/30): [██████████████████████████████]
🚀 APPLYING AXIOM IN SANDBOX: INTERSECTION_FILL_8 (Tier: 6)
🚀 APPLYING AXIOM IN SANDBOX: INTERSECTION_FILL_8 (Tier: 6)
🚀 APPLYING AXIOM IN SANDBOX: INTERSECTION_FILL_8 (Tier: 6)
[Depth 2] Axioms: ["ROOT_START", "SPAWN_EXTRAPOLATE_TL_BR_8", "INTERSECTION_FILL_8"] | Pragmatic: 75.00 | Epistemic: 8.00 | Prob: 1.0000 | Dim: 10x10
  ╭──────────────────────────────────────────────────────────────╮
  │  MCTS NODE [0] — Rank 1/2 │ Depth 2                       │
  ├──────────────────────────────────────────────────────────────┤
  │  P(dist): ━━━━━━━━━━━━━━━━━━━━━━━━━━━━━━ ●=1.000 μ=0.900 range[0.800, 1.000]   │
  │  Threshold: 0.050 ✓ SURVIVES                                │
  │  Energy Components:                                          │
  │    Pragmatic (E):    75.000  │  Goal-seeking error             │
  │    Epistemic (I):     7.998  │  Information gain               │
  │    Complexity (C):    0.000  │  Model complexity               │
  │    ───────────────────────────────────────────────────────── │
  │    Total Free Energy:  67.002  │  G = E - I + C                  │
  ├──────────────────────────────────────────────────────────────┤
  │  Status: ⏸️  PENDING (queued for evaluation)                   │
  ╰──────────────────────────────────────────────────────────────╯
  [Memory]  Map (37/37): [█████████████████████████████████████]
🧠 [Metakognisi] Batas loop kognitif tercapai (Infinite Loop Protection). Simulasi dihentikan paksa.
   [Rust MCTS] WARNING: Semua gelombang hancur! (Halusinasi/Meleset)
🧬 [Autopoiesis] Kode genetik sudah ada di Wiki (knowledge/skills/auto/synthesized_crossover_7839c984.md). Menggunakan kembali tanpa menulis file baru.
🧬 [Quantum Inference] Menjalankan Axiom Tensor 'synthesized_crossover_7839c984' secara dinamis di Multiverse Sandbox...
🚀 APPLYING AXIOM IN SANDBOX: synthesized_crossover_7839c984 (Tier: 1)
🧬 [Quantum Inference] Wave propagation selesai. (Simulasi internal berhasil).
DEBUG: Agent returned grid:
[0, 0, 0, 0, 0, 0, 0, 0, 0]
[0, 0, 0, 0, 0, 0, 0, 0, 0]
[0, 0, 0, 0, 0, 0, 3, 3, 3]
[0, 0, 0, 0, 0, 0, 3, 3, 3]
[0, 0, 0, 0, 0, 0, 3, 3, 3]
[0, 0, 0, 3, 3, 3, 0, 0, 0]
[0, 0, 0, 3, 3, 3, 0, 0, 0]
[0, 0, 0, 3, 3, 3, 0, 0, 0]
MCTS failed. Engaging Generative Synthesized Skill: extract_anomalous_quadrant...
💀 FAILED (Mismatch)


🌿 ==================================
Solving Task: 23581191.json
🌿 ==================================
🧠 [Orientasi Pre-emptive] Membaca Niat Task...
   -> Niat / Klasifikasi Masalah: Task ini menunjukkan: StructuralTransform. Dimensi Larger (7 → 9), Added(6) objek (2 → 8), topologi berubah dari Scatter ke Scatter. Tidak ada template frame.
🧠 [Topologi Kuantum] Betti-1: Tidak ada lubang terdeteksi. Struktur solid.
🧠 [Metakognisi] Bottleneck::FalseSharing - Amnesia Singkat (Cache Miss) Terdeteksi!
   📝 MENULIS LOG ARCHITECTURE KE SISTEM: Iterasi iterasi EntityManifold lambat rata-rata 269550 ns per entitas. Kecepatan ini 3x lipat dari limit AVX2.
🧠 [Metakognisi] Bottleneck::FastFail - Gradient Energy dE/dt sangat lambat. MCTS dihentikan lebih awal!
   -> Beralih ke ADVANCED PASS (Iterative Deepening MCTS / Grover)...
   🔍 Search Attempt 1: Exploring top 2 advanced axioms...
🚀 APPLYING AXIOM IN SANDBOX: SPAWN_EXTRAPOLATE_TL_BR_2 (Tier: 6)
🚀 APPLYING AXIOM IN SANDBOX: SPAWN_EXTRAPOLATE_TL_BR_2 (Tier: 6)
🚀 APPLYING AXIOM IN SANDBOX: SPAWN_EXTRAPOLATE_TL_BR_2 (Tier: 6)
🚀 APPLYING AXIOM IN SANDBOX: SPAWN_EXTRAPOLATE_TL_BR_2 (Tier: 6)
🚀 APPLYING AXIOM IN SANDBOX: SPAWN_EXTRAPOLATE_TL_BR_2 (Tier: 6)
🚀 APPLYING AXIOM IN SANDBOX: SPAWN_EXTRAPOLATE_TL_BR_2 (Tier: 6)
🚀 APPLYING AXIOM IN SANDBOX: SPAWN_EXTRAPOLATE_TL_BR_2 (Tier: 6)
🚀 APPLYING AXIOM IN SANDBOX: SPAWN_EXTRAPOLATE_TL_BR_2 (Tier: 6)
   ⚡ Memulai MCTS dari ROOT ZERO-POINT dengan 4 amunisi unik...
🚀 APPLYING AXIOM IN SANDBOX: ROOT_START (Tier: 0)
🚀 APPLYING AXIOM IN SANDBOX: ROOT_START (Tier: 0)
[Depth 0] Axioms: ["ROOT_START"] | Pragmatic: -1000.00 | Epistemic: 0.00 | Prob: 0.9900 | Dim: 9x9
  ╭──────────────────────────────────────────────────────────────╮
  │  MCTS NODE [0] — Rank 1/2 │ Depth 0                       │
  ├──────────────────────────────────────────────────────────────┤
  │  P(dist): ━━━━━━━━━━━━━━━━━━━━━━━━━━━━━━ ●=0.990 μ=0.895 range[0.800, 0.990]   │
  │  Threshold: 0.050 ✓ SURVIVES                                │
  │  Energy Components:                                          │
  │    Pragmatic (E):  -1000.000  │  Goal-seeking error             │
  │    Epistemic (I):     0.000  │  Information gain               │
  │    Complexity (C):    0.000  │  Model complexity               │
  │    ───────────────────────────────────────────────────────── │
  │    Total Free Energy: -1000.000  │  G = E - I + C                  │
  ├──────────────────────────────────────────────────────────────┤
  │  Status: 🌿 EXPANDING (exploring policies...)                   │
  ╰──────────────────────────────────────────────────────────────╯
  [Memory]  Map (2/2): [██]
🚀 APPLYING AXIOM IN SANDBOX: SPAWN_EXTRAPOLATE_ORTHOGONAL_2 (Tier: 6)
🚀 APPLYING AXIOM IN SANDBOX: SPAWN_EXTRAPOLATE_ORTHOGONAL_2 (Tier: 6)
[Depth 1] Axioms: ["ROOT_START", "SPAWN_EXTRAPOLATE_ORTHOGONAL_2"] | Pragmatic: 60.00 | Epistemic: 0.00 | Prob: 1.0000 | Dim: 9x9
  ╭──────────────────────────────────────────────────────────────╮
  │  MCTS NODE [0] — Rank 1/2 │ Depth 1                       │
  ├──────────────────────────────────────────────────────────────┤
  │  P(dist): ━━━━━━━━━━━━━━━━━━━━━━━━━━━━━━ ●=1.000 μ=0.900 range[0.800, 1.000]   │
  │  Threshold: 0.050 ✓ SURVIVES                                │
  │  Energy Components:                                          │
  │    Pragmatic (E):    60.000  │  Goal-seeking error             │
  │    Epistemic (I):     0.000  │  Information gain               │
  │    Complexity (C):    0.000  │  Model complexity               │
  │    ───────────────────────────────────────────────────────── │
  │    Total Free Energy:  60.000  │  G = E - I + C                  │
  ├──────────────────────────────────────────────────────────────┤
  │  Status: 🌿 EXPANDING (exploring policies...)                   │
  ╰──────────────────────────────────────────────────────────────╯
  [Memory]  Map (2/2): [██]
🚀 APPLYING AXIOM IN SANDBOX: INTERSECTION_FILL_2 (Tier: 6)
🚀 APPLYING AXIOM IN SANDBOX: INTERSECTION_FILL_2 (Tier: 6)
[Depth 2] Axioms: ["ROOT_START", "SPAWN_EXTRAPOLATE_ORTHOGONAL_2", "INTERSECTION_FILL_2"] | Pragmatic: 72.00 | Epistemic: 0.52 | Prob: 1.0000 | Dim: 9x9
  ╭──────────────────────────────────────────────────────────────╮
  │  MCTS NODE [0] — Rank 1/2 │ Depth 2                       │
  ├──────────────────────────────────────────────────────────────┤
  │  P(dist): ━━━━━━━━━━━━━━━━━━━━━━━━━━━━━━ ●=1.000 μ=0.900 range[0.800, 1.000]   │
  │  Threshold: 0.050 ✓ SURVIVES                                │
  │  Energy Components:                                          │
  │    Pragmatic (E):    72.000  │  Goal-seeking error             │
  │    Epistemic (I):     0.525  │  Information gain               │
  │    Complexity (C):    0.000  │  Model complexity               │
  │    ───────────────────────────────────────────────────────── │
  │    Total Free Energy:  71.475  │  G = E - I + C                  │
  ├──────────────────────────────────────────────────────────────┤
  │  Status: ⏸️  PENDING (queued for evaluation)                   │
  ╰──────────────────────────────────────────────────────────────╯
  [Memory]  Map (2/2): [██]
🚀 APPLYING AXIOM IN SANDBOX: SPAWN_EXTRAPOLATE_TL_BR_2 (Tier: 6)
🚀 APPLYING AXIOM IN SANDBOX: SPAWN_EXTRAPOLATE_TL_BR_2 (Tier: 6)
[Depth 2] Axioms: ["ROOT_START", "SPAWN_EXTRAPOLATE_ORTHOGONAL_2", "SPAWN_EXTRAPOLATE_TL_BR_2"] | Pragmatic: 60.00 | Epistemic: 0.00 | Prob: 1.0000 | Dim: 9x9
  ╭──────────────────────────────────────────────────────────────╮
  │  MCTS NODE [0] — Rank 1/2 │ Depth 2                       │
  ├──────────────────────────────────────────────────────────────┤
  │  P(dist): ━━━━━━━━━━━━━━━━━━━━━━━━━━━━━━ ●=1.000 μ=0.900 range[0.800, 1.000]   │
  │  Threshold: 0.050 ✓ SURVIVES                                │
  │  Energy Components:                                          │
  │    Pragmatic (E):    60.000  │  Goal-seeking error             │
  │    Epistemic (I):     0.000  │  Information gain               │
  │    Complexity (C):    0.000  │  Model complexity               │
  │    ───────────────────────────────────────────────────────── │
  │    Total Free Energy:  60.000  │  G = E - I + C                  │
  ├──────────────────────────────────────────────────────────────┤
  │  Status: ⏸️  PENDING (queued for evaluation)                   │
  ╰──────────────────────────────────────────────────────────────╯
  [Memory]  Map (2/2): [██]
🚀 APPLYING AXIOM IN SANDBOX: SPAWN_EXTRAPOLATE_TR_BL_2 (Tier: 6)
🚀 APPLYING AXIOM IN SANDBOX: SPAWN_EXTRAPOLATE_TR_BL_2 (Tier: 6)
[Depth 1] Axioms: ["ROOT_START", "SPAWN_EXTRAPOLATE_TR_BL_2"] | Pragmatic: 60.00 | Epistemic: 0.00 | Prob: 1.0000 | Dim: 9x9
  ╭──────────────────────────────────────────────────────────────╮
  │  MCTS NODE [0] — Rank 1/2 │ Depth 1                       │
  ├──────────────────────────────────────────────────────────────┤
  │  P(dist): ━━━━━━━━━━━━━━━━━━━━━━━━━━━━━━ ●=1.000 μ=0.900 range[0.800, 1.000]   │
  │  Threshold: 0.050 ✓ SURVIVES                                │
  │  Energy Components:                                          │
  │    Pragmatic (E):    60.000  │  Goal-seeking error             │
  │    Epistemic (I):     0.000  │  Information gain               │
  │    Complexity (C):    0.000  │  Model complexity               │
  │    ───────────────────────────────────────────────────────── │
  │    Total Free Energy:  60.000  │  G = E - I + C                  │
  ├──────────────────────────────────────────────────────────────┤
  │  Status: 🌿 EXPANDING (exploring policies...)                   │
  ╰──────────────────────────────────────────────────────────────╯
  [Memory]  Map (2/2): [██]
🚀 APPLYING AXIOM IN SANDBOX: INTERSECTION_FILL_2 (Tier: 6)
🚀 APPLYING AXIOM IN SANDBOX: INTERSECTION_FILL_2 (Tier: 6)
[Depth 2] Axioms: ["ROOT_START", "SPAWN_EXTRAPOLATE_TR_BL_2", "INTERSECTION_FILL_2"] | Pragmatic: 72.00 | Epistemic: 0.52 | Prob: 1.0000 | Dim: 9x9
  ╭──────────────────────────────────────────────────────────────╮
  │  MCTS NODE [0] — Rank 1/2 │ Depth 2                       │
  ├──────────────────────────────────────────────────────────────┤
  │  P(dist): ━━━━━━━━━━━━━━━━━━━━━━━━━━━━━━ ●=1.000 μ=0.900 range[0.800, 1.000]   │
  │  Threshold: 0.050 ✓ SURVIVES                                │
  │  Energy Components:                                          │
  │    Pragmatic (E):    72.000  │  Goal-seeking error             │
  │    Epistemic (I):     0.525  │  Information gain               │
  │    Complexity (C):    0.000  │  Model complexity               │
  │    ───────────────────────────────────────────────────────── │
  │    Total Free Energy:  71.475  │  G = E - I + C                  │
  ├──────────────────────────────────────────────────────────────┤
  │  Status: ⏸️  PENDING (queued for evaluation)                   │
  ╰──────────────────────────────────────────────────────────────╯
  [Memory]  Map (2/2): [██]
🚀 APPLYING AXIOM IN SANDBOX: SPAWN_EXTRAPOLATE_TL_BR_2 (Tier: 6)
🚀 APPLYING AXIOM IN SANDBOX: SPAWN_EXTRAPOLATE_TL_BR_2 (Tier: 6)
[Depth 2] Axioms: ["ROOT_START", "SPAWN_EXTRAPOLATE_TR_BL_2", "SPAWN_EXTRAPOLATE_TL_BR_2"] | Pragmatic: 60.00 | Epistemic: 0.00 | Prob: 1.0000 | Dim: 9x9
  ╭──────────────────────────────────────────────────────────────╮
  │  MCTS NODE [0] — Rank 1/2 │ Depth 2                       │
  ├──────────────────────────────────────────────────────────────┤
  │  P(dist): ━━━━━━━━━━━━━━━━━━━━━━━━━━━━━━ ●=1.000 μ=0.900 range[0.800, 1.000]   │
  │  Threshold: 0.050 ✓ SURVIVES                                │
  │  Energy Components:                                          │
  │    Pragmatic (E):    60.000  │  Goal-seeking error             │
  │    Epistemic (I):     0.000  │  Information gain               │
  │    Complexity (C):    0.000  │  Model complexity               │
  │    ───────────────────────────────────────────────────────── │
  │    Total Free Energy:  60.000  │  G = E - I + C                  │
  ├──────────────────────────────────────────────────────────────┤
  │  Status: ⏸️  PENDING (queued for evaluation)                   │
  ╰──────────────────────────────────────────────────────────────╯
  [Memory]  Map (2/2): [██]
🚀 APPLYING AXIOM IN SANDBOX: INTERSECTION_FILL_2 (Tier: 6)
🚀 APPLYING AXIOM IN SANDBOX: INTERSECTION_FILL_2 (Tier: 6)
[Depth 1] Axioms: ["ROOT_START", "INTERSECTION_FILL_2"] | Pragmatic: 72.00 | Epistemic: 0.52 | Prob: 1.0000 | Dim: 9x9
  ╭──────────────────────────────────────────────────────────────╮
  │  MCTS NODE [0] — Rank 1/2 │ Depth 1                       │
  ├──────────────────────────────────────────────────────────────┤
  │  P(dist): ━━━━━━━━━━━━━━━━━━━━━━━━━━━━━━ ●=1.000 μ=0.900 range[0.800, 1.000]   │
  │  Threshold: 0.050 ✓ SURVIVES                                │
  │  Energy Components:                                          │
  │    Pragmatic (E):    72.000  │  Goal-seeking error             │
  │    Epistemic (I):     0.525  │  Information gain               │
  │    Complexity (C):    0.000  │  Model complexity               │
  │    ───────────────────────────────────────────────────────── │
  │    Total Free Energy:  71.475  │  G = E - I + C                  │
  ├──────────────────────────────────────────────────────────────┤
  │  Status: 🌿 EXPANDING (exploring policies...)                   │
  ╰──────────────────────────────────────────────────────────────╯
  [Memory]  Map (2/2): [██]
🚀 APPLYING AXIOM IN SANDBOX: SPAWN_EXTRAPOLATE_TR_BL_2 (Tier: 6)
🚀 APPLYING AXIOM IN SANDBOX: SPAWN_EXTRAPOLATE_TR_BL_2 (Tier: 6)
[Depth 2] Axioms: ["ROOT_START", "INTERSECTION_FILL_2", "SPAWN_EXTRAPOLATE_TR_BL_2"] | Pragmatic: 62.00 | Epistemic: 0.52 | Prob: 1.0000 | Dim: 9x9
  ╭──────────────────────────────────────────────────────────────╮
  │  MCTS NODE [0] — Rank 1/2 │ Depth 2                       │
  ├──────────────────────────────────────────────────────────────┤
  │  P(dist): ━━━━━━━━━━━━━━━━━━━━━━━━━━━━━━ ●=1.000 μ=0.900 range[0.800, 1.000]   │
  │  Threshold: 0.050 ✓ SURVIVES                                │
  │  Energy Components:                                          │
  │    Pragmatic (E):    62.000  │  Goal-seeking error             │
  │    Epistemic (I):     0.525  │  Information gain               │
  │    Complexity (C):    0.000  │  Model complexity               │
  │    ───────────────────────────────────────────────────────── │
  │    Total Free Energy:  61.475  │  G = E - I + C                  │
  ├──────────────────────────────────────────────────────────────┤
  │  Status: ⏸️  PENDING (queued for evaluation)                   │
  ╰──────────────────────────────────────────────────────────────╯
  [Memory]  Map (2/2): [██]
🚀 APPLYING AXIOM IN SANDBOX: SPAWN_EXTRAPOLATE_TL_BR_2 (Tier: 6)
🚀 APPLYING AXIOM IN SANDBOX: SPAWN_EXTRAPOLATE_TL_BR_2 (Tier: 6)
[Depth 2] Axioms: ["ROOT_START", "INTERSECTION_FILL_2", "SPAWN_EXTRAPOLATE_TL_BR_2"] | Pragmatic: 62.00 | Epistemic: 0.52 | Prob: 1.0000 | Dim: 9x9
  ╭──────────────────────────────────────────────────────────────╮
  │  MCTS NODE [0] — Rank 1/2 │ Depth 2                       │
  ├──────────────────────────────────────────────────────────────┤
  │  P(dist): ━━━━━━━━━━━━━━━━━━━━━━━━━━━━━━ ●=1.000 μ=0.900 range[0.800, 1.000]   │
  │  Threshold: 0.050 ✓ SURVIVES                                │
  │  Energy Components:                                          │
  │    Pragmatic (E):    62.000  │  Goal-seeking error             │
  │    Epistemic (I):     0.525  │  Information gain               │
  │    Complexity (C):    0.000  │  Model complexity               │
  │    ───────────────────────────────────────────────────────── │
  │    Total Free Energy:  61.475  │  G = E - I + C                  │
  ├──────────────────────────────────────────────────────────────┤
  │  Status: ⏸️  PENDING (queued for evaluation)                   │
  ╰──────────────────────────────────────────────────────────────╯
  [Memory]  Map (2/2): [██]
🚀 APPLYING AXIOM IN SANDBOX: SPAWN_EXTRAPOLATE_TL_BR_2 (Tier: 6)
🚀 APPLYING AXIOM IN SANDBOX: SPAWN_EXTRAPOLATE_TL_BR_2 (Tier: 6)
[Depth 1] Axioms: ["ROOT_START", "SPAWN_EXTRAPOLATE_TL_BR_2"] | Pragmatic: 60.00 | Epistemic: 0.00 | Prob: 1.0000 | Dim: 9x9
  ╭──────────────────────────────────────────────────────────────╮
  │  MCTS NODE [0] — Rank 1/2 │ Depth 1                       │
  ├──────────────────────────────────────────────────────────────┤
  │  P(dist): ━━━━━━━━━━━━━━━━━━━━━━━━━━━━━━ ●=1.000 μ=0.900 range[0.800, 1.000]   │
  │  Threshold: 0.050 ✓ SURVIVES                                │
  │  Energy Components:                                          │
  │    Pragmatic (E):    60.000  │  Goal-seeking error             │
  │    Epistemic (I):     0.000  │  Information gain               │
  │    Complexity (C):    0.000  │  Model complexity               │
  │    ───────────────────────────────────────────────────────── │
  │    Total Free Energy:  60.000  │  G = E - I + C                  │
  ├──────────────────────────────────────────────────────────────┤
  │  Status: 🌿 EXPANDING (exploring policies...)                   │
  ╰──────────────────────────────────────────────────────────────╯
  [Memory]  Map (2/2): [██]
🚀 APPLYING AXIOM IN SANDBOX: SPAWN_EXTRAPOLATE_TR_BL_2 (Tier: 6)
🚀 APPLYING AXIOM IN SANDBOX: SPAWN_EXTRAPOLATE_TR_BL_2 (Tier: 6)
[Depth 2] Axioms: ["ROOT_START", "SPAWN_EXTRAPOLATE_TL_BR_2", "SPAWN_EXTRAPOLATE_TR_BL_2"] | Pragmatic: 60.00 | Epistemic: 0.00 | Prob: 1.0000 | Dim: 9x9
  ╭──────────────────────────────────────────────────────────────╮
  │  MCTS NODE [0] — Rank 1/2 │ Depth 2                       │
  ├──────────────────────────────────────────────────────────────┤
  │  P(dist): ━━━━━━━━━━━━━━━━━━━━━━━━━━━━━━ ●=1.000 μ=0.900 range[0.800, 1.000]   │
  │  Threshold: 0.050 ✓ SURVIVES                                │
  │  Energy Components:                                          │
  │    Pragmatic (E):    60.000  │  Goal-seeking error             │
  │    Epistemic (I):     0.000  │  Information gain               │
  │    Complexity (C):    0.000  │  Model complexity               │
  │    ───────────────────────────────────────────────────────── │
  │    Total Free Energy:  60.000  │  G = E - I + C                  │
  ├──────────────────────────────────────────────────────────────┤
  │  Status: ⏸️  PENDING (queued for evaluation)                   │
  ╰──────────────────────────────────────────────────────────────╯
  [Memory]  Map (2/2): [██]
🚀 APPLYING AXIOM IN SANDBOX: INTERSECTION_FILL_2 (Tier: 6)
🚀 APPLYING AXIOM IN SANDBOX: INTERSECTION_FILL_2 (Tier: 6)
[Depth 2] Axioms: ["ROOT_START", "SPAWN_EXTRAPOLATE_TL_BR_2", "INTERSECTION_FILL_2"] | Pragmatic: 72.00 | Epistemic: 0.52 | Prob: 1.0000 | Dim: 9x9
  ╭──────────────────────────────────────────────────────────────╮
  │  MCTS NODE [0] — Rank 1/2 │ Depth 2                       │
  ├──────────────────────────────────────────────────────────────┤
  │  P(dist): ━━━━━━━━━━━━━━━━━━━━━━━━━━━━━━ ●=1.000 μ=0.900 range[0.800, 1.000]   │
  │  Threshold: 0.050 ✓ SURVIVES                                │
  │  Energy Components:                                          │
  │    Pragmatic (E):    72.000  │  Goal-seeking error             │
  │    Epistemic (I):     0.525  │  Information gain               │
  │    Complexity (C):    0.000  │  Model complexity               │
  │    ───────────────────────────────────────────────────────── │
  │    Total Free Energy:  71.475  │  G = E - I + C                  │
  ├──────────────────────────────────────────────────────────────┤
  │  Status: ⏸️  PENDING (queued for evaluation)                   │
  ╰──────────────────────────────────────────────────────────────╯
  [Memory]  Map (2/2): [██]
   🔍 Search Attempt 2: Exploring top 5 advanced axioms...
🚀 APPLYING AXIOM IN SANDBOX: SPAWN_EXTRAPOLATE_TL_BR_2 (Tier: 6)
🚀 APPLYING AXIOM IN SANDBOX: SPAWN_EXTRAPOLATE_TL_BR_2 (Tier: 6)
🚀 APPLYING AXIOM IN SANDBOX: SPAWN_EXTRAPOLATE_TL_BR_2 (Tier: 6)
🚀 APPLYING AXIOM IN SANDBOX: SPAWN_EXTRAPOLATE_TL_BR_2 (Tier: 6)
🚀 APPLYING AXIOM IN SANDBOX: INTERSECTION_FILL_2 (Tier: 6)
🚀 APPLYING AXIOM IN SANDBOX: INTERSECTION_FILL_2 (Tier: 6)
🚀 APPLYING AXIOM IN SANDBOX: INTERSECTION_FILL_2 (Tier: 6)
🚀 APPLYING AXIOM IN SANDBOX: INTERSECTION_FILL_2 (Tier: 6)
🚀 APPLYING AXIOM IN SANDBOX: SPAWN_EXTRAPOLATE_TR_BL_2 (Tier: 6)
🚀 APPLYING AXIOM IN SANDBOX: SPAWN_EXTRAPOLATE_TR_BL_2 (Tier: 6)
🚀 APPLYING AXIOM IN SANDBOX: SPAWN_EXTRAPOLATE_TL_BR_2 (Tier: 6)
🚀 APPLYING AXIOM IN SANDBOX: SPAWN_EXTRAPOLATE_TL_BR_2 (Tier: 6)
🚀 APPLYING AXIOM IN SANDBOX: SPAWN_EXTRAPOLATE_TL_BR_2 (Tier: 6)
🚀 APPLYING AXIOM IN SANDBOX: SPAWN_EXTRAPOLATE_TL_BR_2 (Tier: 6)
🚀 APPLYING AXIOM IN SANDBOX: INTERSECTION_FILL_2 (Tier: 6)
🚀 APPLYING AXIOM IN SANDBOX: INTERSECTION_FILL_2 (Tier: 6)
🚀 APPLYING AXIOM IN SANDBOX: INTERSECTION_FILL_2 (Tier: 6)
🚀 APPLYING AXIOM IN SANDBOX: INTERSECTION_FILL_2 (Tier: 6)
🚀 APPLYING AXIOM IN SANDBOX: SPAWN_EXTRAPOLATE_TR_BL_2 (Tier: 6)
🚀 APPLYING AXIOM IN SANDBOX: SPAWN_EXTRAPOLATE_TR_BL_2 (Tier: 6)
   ⚡ Memulai MCTS dari ROOT ZERO-POINT dengan 4 amunisi unik...
🚀 APPLYING AXIOM IN SANDBOX: ROOT_START (Tier: 0)
🚀 APPLYING AXIOM IN SANDBOX: ROOT_START (Tier: 0)
[Depth 0] Axioms: ["ROOT_START"] | Pragmatic: -1000.00 | Epistemic: 0.00 | Prob: 0.9900 | Dim: 9x9
  ╭──────────────────────────────────────────────────────────────╮
  │  MCTS NODE [0] — Rank 1/2 │ Depth 0                       │
  ├──────────────────────────────────────────────────────────────┤
  │  P(dist): ━━━━━━━━━━━━━━━━━━━━━━━━━━━━━━ ●=0.990 μ=0.895 range[0.800, 0.990]   │
  │  Threshold: 0.050 ✓ SURVIVES                                │
  │  Energy Components:                                          │
  │    Pragmatic (E):  -1000.000  │  Goal-seeking error             │
  │    Epistemic (I):     0.000  │  Information gain               │
  │    Complexity (C):    0.000  │  Model complexity               │
  │    ───────────────────────────────────────────────────────── │
  │    Total Free Energy: -1000.000  │  G = E - I + C                  │
  ├──────────────────────────────────────────────────────────────┤
  │  Status: 🌿 EXPANDING (exploring policies...)                   │
  ╰──────────────────────────────────────────────────────────────╯
  [Memory]  Map (2/2): [██]
🚀 APPLYING AXIOM IN SANDBOX: SPAWN_EXTRAPOLATE_ORTHOGONAL_2 (Tier: 6)
🚀 APPLYING AXIOM IN SANDBOX: SPAWN_EXTRAPOLATE_ORTHOGONAL_2 (Tier: 6)
[Depth 1] Axioms: ["ROOT_START", "SPAWN_EXTRAPOLATE_ORTHOGONAL_2"] | Pragmatic: 60.00 | Epistemic: 0.00 | Prob: 1.0000 | Dim: 9x9
  ╭──────────────────────────────────────────────────────────────╮
  │  MCTS NODE [0] — Rank 1/2 │ Depth 1                       │
  ├──────────────────────────────────────────────────────────────┤
  │  P(dist): ━━━━━━━━━━━━━━━━━━━━━━━━━━━━━━ ●=1.000 μ=0.900 range[0.800, 1.000]   │
  │  Threshold: 0.050 ✓ SURVIVES                                │
  │  Energy Components:                                          │
  │    Pragmatic (E):    60.000  │  Goal-seeking error             │
  │    Epistemic (I):     0.000  │  Information gain               │
  │    Complexity (C):    0.000  │  Model complexity               │
  │    ───────────────────────────────────────────────────────── │
  │    Total Free Energy:  60.000  │  G = E - I + C                  │
  ├──────────────────────────────────────────────────────────────┤
  │  Status: 🌿 EXPANDING (exploring policies...)                   │
  ╰──────────────────────────────────────────────────────────────╯
  [Memory]  Map (2/2): [██]
🚀 APPLYING AXIOM IN SANDBOX: INTERSECTION_FILL_2 (Tier: 6)
🚀 APPLYING AXIOM IN SANDBOX: INTERSECTION_FILL_2 (Tier: 6)
[Depth 2] Axioms: ["ROOT_START", "SPAWN_EXTRAPOLATE_ORTHOGONAL_2", "INTERSECTION_FILL_2"] | Pragmatic: 72.00 | Epistemic: 0.52 | Prob: 1.0000 | Dim: 9x9
  ╭──────────────────────────────────────────────────────────────╮
  │  MCTS NODE [0] — Rank 1/2 │ Depth 2                       │
  ├──────────────────────────────────────────────────────────────┤
  │  P(dist): ━━━━━━━━━━━━━━━━━━━━━━━━━━━━━━ ●=1.000 μ=0.900 range[0.800, 1.000]   │
  │  Threshold: 0.050 ✓ SURVIVES                                │
  │  Energy Components:                                          │
  │    Pragmatic (E):    72.000  │  Goal-seeking error             │
  │    Epistemic (I):     0.525  │  Information gain               │
  │    Complexity (C):    0.000  │  Model complexity               │
  │    ───────────────────────────────────────────────────────── │
  │    Total Free Energy:  71.475  │  G = E - I + C                  │
  ├──────────────────────────────────────────────────────────────┤
  │  Status: ⏸️  PENDING (queued for evaluation)                   │
  ╰──────────────────────────────────────────────────────────────╯
  [Memory]  Map (2/2): [██]
🚀 APPLYING AXIOM IN SANDBOX: SPAWN_EXTRAPOLATE_TL_BR_2 (Tier: 6)
🚀 APPLYING AXIOM IN SANDBOX: SPAWN_EXTRAPOLATE_TL_BR_2 (Tier: 6)
[Depth 2] Axioms: ["ROOT_START", "SPAWN_EXTRAPOLATE_ORTHOGONAL_2", "SPAWN_EXTRAPOLATE_TL_BR_2"] | Pragmatic: 60.00 | Epistemic: 0.00 | Prob: 1.0000 | Dim: 9x9
  ╭──────────────────────────────────────────────────────────────╮
  │  MCTS NODE [0] — Rank 1/2 │ Depth 2                       │
  ├──────────────────────────────────────────────────────────────┤
  │  P(dist): ━━━━━━━━━━━━━━━━━━━━━━━━━━━━━━ ●=1.000 μ=0.900 range[0.800, 1.000]   │
  │  Threshold: 0.050 ✓ SURVIVES                                │
  │  Energy Components:                                          │
  │    Pragmatic (E):    60.000  │  Goal-seeking error             │
  │    Epistemic (I):     0.000  │  Information gain               │
  │    Complexity (C):    0.000  │  Model complexity               │
  │    ───────────────────────────────────────────────────────── │
  │    Total Free Energy:  60.000  │  G = E - I + C                  │
  ├──────────────────────────────────────────────────────────────┤
  │  Status: ⏸️  PENDING (queued for evaluation)                   │
  ╰──────────────────────────────────────────────────────────────╯
  [Memory]  Map (2/2): [██]
🚀 APPLYING AXIOM IN SANDBOX: SPAWN_EXTRAPOLATE_TR_BL_2 (Tier: 6)
🚀 APPLYING AXIOM IN SANDBOX: SPAWN_EXTRAPOLATE_TR_BL_2 (Tier: 6)
[Depth 1] Axioms: ["ROOT_START", "SPAWN_EXTRAPOLATE_TR_BL_2"] | Pragmatic: 60.00 | Epistemic: 0.00 | Prob: 1.0000 | Dim: 9x9
  ╭──────────────────────────────────────────────────────────────╮
  │  MCTS NODE [0] — Rank 1/2 │ Depth 1                       │
  ├──────────────────────────────────────────────────────────────┤
  │  P(dist): ━━━━━━━━━━━━━━━━━━━━━━━━━━━━━━ ●=1.000 μ=0.900 range[0.800, 1.000]   │
  │  Threshold: 0.050 ✓ SURVIVES                                │
  │  Energy Components:                                          │
  │    Pragmatic (E):    60.000  │  Goal-seeking error             │
  │    Epistemic (I):     0.000  │  Information gain               │
  │    Complexity (C):    0.000  │  Model complexity               │
  │    ───────────────────────────────────────────────────────── │
  │    Total Free Energy:  60.000  │  G = E - I + C                  │
  ├──────────────────────────────────────────────────────────────┤
  │  Status: 🌿 EXPANDING (exploring policies...)                   │
  ╰──────────────────────────────────────────────────────────────╯
  [Memory]  Map (2/2): [██]
🚀 APPLYING AXIOM IN SANDBOX: INTERSECTION_FILL_2 (Tier: 6)
🚀 APPLYING AXIOM IN SANDBOX: INTERSECTION_FILL_2 (Tier: 6)
[Depth 2] Axioms: ["ROOT_START", "SPAWN_EXTRAPOLATE_TR_BL_2", "INTERSECTION_FILL_2"] | Pragmatic: 72.00 | Epistemic: 0.52 | Prob: 1.0000 | Dim: 9x9
  ╭──────────────────────────────────────────────────────────────╮
  │  MCTS NODE [0] — Rank 1/2 │ Depth 2                       │
  ├──────────────────────────────────────────────────────────────┤
  │  P(dist): ━━━━━━━━━━━━━━━━━━━━━━━━━━━━━━ ●=1.000 μ=0.900 range[0.800, 1.000]   │
  │  Threshold: 0.050 ✓ SURVIVES                                │
  │  Energy Components:                                          │
  │    Pragmatic (E):    72.000  │  Goal-seeking error             │
  │    Epistemic (I):     0.525  │  Information gain               │
  │    Complexity (C):    0.000  │  Model complexity               │
  │    ───────────────────────────────────────────────────────── │
  │    Total Free Energy:  71.475  │  G = E - I + C                  │
  ├──────────────────────────────────────────────────────────────┤
  │  Status: ⏸️  PENDING (queued for evaluation)                   │
  ╰──────────────────────────────────────────────────────────────╯
  [Memory]  Map (2/2): [██]
🚀 APPLYING AXIOM IN SANDBOX: SPAWN_EXTRAPOLATE_TL_BR_2 (Tier: 6)
🚀 APPLYING AXIOM IN SANDBOX: SPAWN_EXTRAPOLATE_TL_BR_2 (Tier: 6)
[Depth 2] Axioms: ["ROOT_START", "SPAWN_EXTRAPOLATE_TR_BL_2", "SPAWN_EXTRAPOLATE_TL_BR_2"] | Pragmatic: 60.00 | Epistemic: 0.00 | Prob: 1.0000 | Dim: 9x9
  ╭──────────────────────────────────────────────────────────────╮
  │  MCTS NODE [0] — Rank 1/2 │ Depth 2                       │
  ├──────────────────────────────────────────────────────────────┤
  │  P(dist): ━━━━━━━━━━━━━━━━━━━━━━━━━━━━━━ ●=1.000 μ=0.900 range[0.800, 1.000]   │
  │  Threshold: 0.050 ✓ SURVIVES                                │
  │  Energy Components:                                          │
  │    Pragmatic (E):    60.000  │  Goal-seeking error             │
  │    Epistemic (I):     0.000  │  Information gain               │
  │    Complexity (C):    0.000  │  Model complexity               │
  │    ───────────────────────────────────────────────────────── │
  │    Total Free Energy:  60.000  │  G = E - I + C                  │
  ├──────────────────────────────────────────────────────────────┤
  │  Status: ⏸️  PENDING (queued for evaluation)                   │
  ╰──────────────────────────────────────────────────────────────╯
  [Memory]  Map (2/2): [██]
🚀 APPLYING AXIOM IN SANDBOX: INTERSECTION_FILL_2 (Tier: 6)
🚀 APPLYING AXIOM IN SANDBOX: INTERSECTION_FILL_2 (Tier: 6)
[Depth 1] Axioms: ["ROOT_START", "INTERSECTION_FILL_2"] | Pragmatic: 72.00 | Epistemic: 0.52 | Prob: 1.0000 | Dim: 9x9
  ╭──────────────────────────────────────────────────────────────╮
  │  MCTS NODE [0] — Rank 1/2 │ Depth 1                       │
  ├──────────────────────────────────────────────────────────────┤
  │  P(dist): ━━━━━━━━━━━━━━━━━━━━━━━━━━━━━━ ●=1.000 μ=0.900 range[0.800, 1.000]   │
  │  Threshold: 0.050 ✓ SURVIVES                                │
  │  Energy Components:                                          │
  │    Pragmatic (E):    72.000  │  Goal-seeking error             │
  │    Epistemic (I):     0.525  │  Information gain               │
  │    Complexity (C):    0.000  │  Model complexity               │
  │    ───────────────────────────────────────────────────────── │
  │    Total Free Energy:  71.475  │  G = E - I + C                  │
  ├──────────────────────────────────────────────────────────────┤
  │  Status: 🌿 EXPANDING (exploring policies...)                   │
  ╰──────────────────────────────────────────────────────────────╯
  [Memory]  Map (2/2): [██]
🚀 APPLYING AXIOM IN SANDBOX: SPAWN_EXTRAPOLATE_TR_BL_2 (Tier: 6)
🚀 APPLYING AXIOM IN SANDBOX: SPAWN_EXTRAPOLATE_TR_BL_2 (Tier: 6)
[Depth 2] Axioms: ["ROOT_START", "INTERSECTION_FILL_2", "SPAWN_EXTRAPOLATE_TR_BL_2"] | Pragmatic: 62.00 | Epistemic: 0.52 | Prob: 1.0000 | Dim: 9x9
  ╭──────────────────────────────────────────────────────────────╮
  │  MCTS NODE [0] — Rank 1/2 │ Depth 2                       │
  ├──────────────────────────────────────────────────────────────┤
  │  P(dist): ━━━━━━━━━━━━━━━━━━━━━━━━━━━━━━ ●=1.000 μ=0.900 range[0.800, 1.000]   │
  │  Threshold: 0.050 ✓ SURVIVES                                │
  │  Energy Components:                                          │
  │    Pragmatic (E):    62.000  │  Goal-seeking error             │
  │    Epistemic (I):     0.525  │  Information gain               │
  │    Complexity (C):    0.000  │  Model complexity               │
  │    ───────────────────────────────────────────────────────── │
  │    Total Free Energy:  61.475  │  G = E - I + C                  │
  ├──────────────────────────────────────────────────────────────┤
  │  Status: ⏸️  PENDING (queued for evaluation)                   │
  ╰──────────────────────────────────────────────────────────────╯
  [Memory]  Map (2/2): [██]
🚀 APPLYING AXIOM IN SANDBOX: SPAWN_EXTRAPOLATE_TL_BR_2 (Tier: 6)
🚀 APPLYING AXIOM IN SANDBOX: SPAWN_EXTRAPOLATE_TL_BR_2 (Tier: 6)
[Depth 2] Axioms: ["ROOT_START", "INTERSECTION_FILL_2", "SPAWN_EXTRAPOLATE_TL_BR_2"] | Pragmatic: 62.00 | Epistemic: 0.52 | Prob: 1.0000 | Dim: 9x9
  ╭──────────────────────────────────────────────────────────────╮
  │  MCTS NODE [0] — Rank 1/2 │ Depth 2                       │
  ├──────────────────────────────────────────────────────────────┤
  │  P(dist): ━━━━━━━━━━━━━━━━━━━━━━━━━━━━━━ ●=1.000 μ=0.900 range[0.800, 1.000]   │
  │  Threshold: 0.050 ✓ SURVIVES                                │
  │  Energy Components:                                          │
  │    Pragmatic (E):    62.000  │  Goal-seeking error             │
  │    Epistemic (I):     0.525  │  Information gain               │
  │    Complexity (C):    0.000  │  Model complexity               │
  │    ───────────────────────────────────────────────────────── │
  │    Total Free Energy:  61.475  │  G = E - I + C                  │
  ├──────────────────────────────────────────────────────────────┤
  │  Status: ⏸️  PENDING (queued for evaluation)                   │
  ╰──────────────────────────────────────────────────────────────╯
  [Memory]  Map (2/2): [██]
🚀 APPLYING AXIOM IN SANDBOX: SPAWN_EXTRAPOLATE_TL_BR_2 (Tier: 6)
🚀 APPLYING AXIOM IN SANDBOX: SPAWN_EXTRAPOLATE_TL_BR_2 (Tier: 6)
[Depth 1] Axioms: ["ROOT_START", "SPAWN_EXTRAPOLATE_TL_BR_2"] | Pragmatic: 60.00 | Epistemic: 0.00 | Prob: 1.0000 | Dim: 9x9
  ╭──────────────────────────────────────────────────────────────╮
  │  MCTS NODE [0] — Rank 1/2 │ Depth 1                       │
  ├──────────────────────────────────────────────────────────────┤
  │  P(dist): ━━━━━━━━━━━━━━━━━━━━━━━━━━━━━━ ●=1.000 μ=0.900 range[0.800, 1.000]   │
  │  Threshold: 0.050 ✓ SURVIVES                                │
  │  Energy Components:                                          │
  │    Pragmatic (E):    60.000  │  Goal-seeking error             │
  │    Epistemic (I):     0.000  │  Information gain               │
  │    Complexity (C):    0.000  │  Model complexity               │
  │    ───────────────────────────────────────────────────────── │
  │    Total Free Energy:  60.000  │  G = E - I + C                  │
  ├──────────────────────────────────────────────────────────────┤
  │  Status: 🌿 EXPANDING (exploring policies...)                   │
  ╰──────────────────────────────────────────────────────────────╯
  [Memory]  Map (2/2): [██]
🚀 APPLYING AXIOM IN SANDBOX: SPAWN_EXTRAPOLATE_TR_BL_2 (Tier: 6)
🚀 APPLYING AXIOM IN SANDBOX: SPAWN_EXTRAPOLATE_TR_BL_2 (Tier: 6)
[Depth 2] Axioms: ["ROOT_START", "SPAWN_EXTRAPOLATE_TL_BR_2", "SPAWN_EXTRAPOLATE_TR_BL_2"] | Pragmatic: 60.00 | Epistemic: 0.00 | Prob: 1.0000 | Dim: 9x9
  ╭──────────────────────────────────────────────────────────────╮
  │  MCTS NODE [0] — Rank 1/2 │ Depth 2                       │
  ├──────────────────────────────────────────────────────────────┤
  │  P(dist): ━━━━━━━━━━━━━━━━━━━━━━━━━━━━━━ ●=1.000 μ=0.900 range[0.800, 1.000]   │
  │  Threshold: 0.050 ✓ SURVIVES                                │
  │  Energy Components:                                          │
  │    Pragmatic (E):    60.000  │  Goal-seeking error             │
  │    Epistemic (I):     0.000  │  Information gain               │
  │    Complexity (C):    0.000  │  Model complexity               │
  │    ───────────────────────────────────────────────────────── │
  │    Total Free Energy:  60.000  │  G = E - I + C                  │
  ├──────────────────────────────────────────────────────────────┤
  │  Status: ⏸️  PENDING (queued for evaluation)                   │
  ╰──────────────────────────────────────────────────────────────╯
  [Memory]  Map (2/2): [██]
🚀 APPLYING AXIOM IN SANDBOX: INTERSECTION_FILL_2 (Tier: 6)
🚀 APPLYING AXIOM IN SANDBOX: INTERSECTION_FILL_2 (Tier: 6)
[Depth 2] Axioms: ["ROOT_START", "SPAWN_EXTRAPOLATE_TL_BR_2", "INTERSECTION_FILL_2"] | Pragmatic: 72.00 | Epistemic: 0.52 | Prob: 1.0000 | Dim: 9x9
  ╭──────────────────────────────────────────────────────────────╮
  │  MCTS NODE [0] — Rank 1/2 │ Depth 2                       │
  ├──────────────────────────────────────────────────────────────┤
  │  P(dist): ━━━━━━━━━━━━━━━━━━━━━━━━━━━━━━ ●=1.000 μ=0.900 range[0.800, 1.000]   │
  │  Threshold: 0.050 ✓ SURVIVES                                │
  │  Energy Components:                                          │
  │    Pragmatic (E):    72.000  │  Goal-seeking error             │
  │    Epistemic (I):     0.525  │  Information gain               │
  │    Complexity (C):    0.000  │  Model complexity               │
  │    ───────────────────────────────────────────────────────── │
  │    Total Free Energy:  71.475  │  G = E - I + C                  │
  ├──────────────────────────────────────────────────────────────┤
  │  Status: ⏸️  PENDING (queued for evaluation)                   │
  ╰──────────────────────────────────────────────────────────────╯
  [Memory]  Map (2/2): [██]
   🔍 Search Attempt 3: Exploring top 10 advanced axioms...
🚀 APPLYING AXIOM IN SANDBOX: SPAWN_EXTRAPOLATE_TL_BR_2 (Tier: 6)
🚀 APPLYING AXIOM IN SANDBOX: SPAWN_EXTRAPOLATE_TL_BR_2 (Tier: 6)
🚀 APPLYING AXIOM IN SANDBOX: SPAWN_EXTRAPOLATE_TL_BR_2 (Tier: 6)
🚀 APPLYING AXIOM IN SANDBOX: SPAWN_EXTRAPOLATE_TL_BR_2 (Tier: 6)
🚀 APPLYING AXIOM IN SANDBOX: INTERSECTION_FILL_2 (Tier: 6)
🚀 APPLYING AXIOM IN SANDBOX: INTERSECTION_FILL_2 (Tier: 6)
🚀 APPLYING AXIOM IN SANDBOX: INTERSECTION_FILL_2 (Tier: 6)
🚀 APPLYING AXIOM IN SANDBOX: INTERSECTION_FILL_2 (Tier: 6)
🚀 APPLYING AXIOM IN SANDBOX: SPAWN_EXTRAPOLATE_TR_BL_2 (Tier: 6)
🚀 APPLYING AXIOM IN SANDBOX: SPAWN_EXTRAPOLATE_TR_BL_2 (Tier: 6)
🚀 APPLYING AXIOM IN SANDBOX: SPAWN_EXTRAPOLATE_TR_BL_2 (Tier: 6)
🚀 APPLYING AXIOM IN SANDBOX: SPAWN_EXTRAPOLATE_TR_BL_2 (Tier: 6)
🚀 APPLYING AXIOM IN SANDBOX: SPAWN_EXTRAPOLATE_ORTHOGONAL_2 (Tier: 6)
🚀 APPLYING AXIOM IN SANDBOX: SPAWN_EXTRAPOLATE_ORTHOGONAL_2 (Tier: 6)
🚀 APPLYING AXIOM IN SANDBOX: SPAWN_EXTRAPOLATE_ORTHOGONAL_2 (Tier: 6)
🚀 APPLYING AXIOM IN SANDBOX: SPAWN_EXTRAPOLATE_ORTHOGONAL_2 (Tier: 6)
🚀 APPLYING AXIOM IN SANDBOX: SPAWN_EXTRAPOLATE_TL_BR_2 (Tier: 6)
🚀 APPLYING AXIOM IN SANDBOX: SPAWN_EXTRAPOLATE_TL_BR_2 (Tier: 6)
🚀 APPLYING AXIOM IN SANDBOX: SPAWN_EXTRAPOLATE_TL_BR_2 (Tier: 6)
🚀 APPLYING AXIOM IN SANDBOX: SPAWN_EXTRAPOLATE_TL_BR_2 (Tier: 6)
🚀 APPLYING AXIOM IN SANDBOX: INTERSECTION_FILL_2 (Tier: 6)
🚀 APPLYING AXIOM IN SANDBOX: INTERSECTION_FILL_2 (Tier: 6)
🚀 APPLYING AXIOM IN SANDBOX: INTERSECTION_FILL_2 (Tier: 6)
🚀 APPLYING AXIOM IN SANDBOX: INTERSECTION_FILL_2 (Tier: 6)
🚀 APPLYING AXIOM IN SANDBOX: SPAWN_EXTRAPOLATE_TR_BL_2 (Tier: 6)
🚀 APPLYING AXIOM IN SANDBOX: SPAWN_EXTRAPOLATE_TR_BL_2 (Tier: 6)
🚀 APPLYING AXIOM IN SANDBOX: SPAWN_EXTRAPOLATE_TR_BL_2 (Tier: 6)
🚀 APPLYING AXIOM IN SANDBOX: SPAWN_EXTRAPOLATE_TR_BL_2 (Tier: 6)
🚀 APPLYING AXIOM IN SANDBOX: SPAWN_EXTRAPOLATE_ORTHOGONAL_2 (Tier: 6)
🚀 APPLYING AXIOM IN SANDBOX: SPAWN_EXTRAPOLATE_ORTHOGONAL_2 (Tier: 6)
🚀 APPLYING AXIOM IN SANDBOX: SPAWN_EXTRAPOLATE_ORTHOGONAL_2 (Tier: 6)
🚀 APPLYING AXIOM IN SANDBOX: SPAWN_EXTRAPOLATE_ORTHOGONAL_2 (Tier: 6)
   ⚡ Memulai MCTS dari ROOT ZERO-POINT dengan 4 amunisi unik...
🚀 APPLYING AXIOM IN SANDBOX: ROOT_START (Tier: 0)
🚀 APPLYING AXIOM IN SANDBOX: ROOT_START (Tier: 0)
[Depth 0] Axioms: ["ROOT_START"] | Pragmatic: -1000.00 | Epistemic: 0.00 | Prob: 0.9900 | Dim: 9x9
  ╭──────────────────────────────────────────────────────────────╮
  │  MCTS NODE [0] — Rank 1/2 │ Depth 0                       │
  ├──────────────────────────────────────────────────────────────┤
  │  P(dist): ━━━━━━━━━━━━━━━━━━━━━━━━━━━━━━ ●=0.990 μ=0.895 range[0.800, 0.990]   │
  │  Threshold: 0.050 ✓ SURVIVES                                │
  │  Energy Components:                                          │
  │    Pragmatic (E):  -1000.000  │  Goal-seeking error             │
  │    Epistemic (I):     0.000  │  Information gain               │
  │    Complexity (C):    0.000  │  Model complexity               │
  │    ───────────────────────────────────────────────────────── │
  │    Total Free Energy: -1000.000  │  G = E - I + C                  │
  ├──────────────────────────────────────────────────────────────┤
  │  Status: 🌿 EXPANDING (exploring policies...)                   │
  ╰──────────────────────────────────────────────────────────────╯
  [Memory]  Map (2/2): [██]
🚀 APPLYING AXIOM IN SANDBOX: SPAWN_EXTRAPOLATE_ORTHOGONAL_2 (Tier: 6)
🚀 APPLYING AXIOM IN SANDBOX: SPAWN_EXTRAPOLATE_ORTHOGONAL_2 (Tier: 6)
[Depth 1] Axioms: ["ROOT_START", "SPAWN_EXTRAPOLATE_ORTHOGONAL_2"] | Pragmatic: 60.00 | Epistemic: 0.00 | Prob: 1.0000 | Dim: 9x9
  ╭──────────────────────────────────────────────────────────────╮
  │  MCTS NODE [0] — Rank 1/2 │ Depth 1                       │
  ├──────────────────────────────────────────────────────────────┤
  │  P(dist): ━━━━━━━━━━━━━━━━━━━━━━━━━━━━━━ ●=1.000 μ=0.900 range[0.800, 1.000]   │
  │  Threshold: 0.050 ✓ SURVIVES                                │
  │  Energy Components:                                          │
  │    Pragmatic (E):    60.000  │  Goal-seeking error             │
  │    Epistemic (I):     0.000  │  Information gain               │
  │    Complexity (C):    0.000  │  Model complexity               │
  │    ───────────────────────────────────────────────────────── │
  │    Total Free Energy:  60.000  │  G = E - I + C                  │
  ├──────────────────────────────────────────────────────────────┤
  │  Status: 🌿 EXPANDING (exploring policies...)                   │
  ╰──────────────────────────────────────────────────────────────╯
  [Memory]  Map (2/2): [██]
🚀 APPLYING AXIOM IN SANDBOX: INTERSECTION_FILL_2 (Tier: 6)
🚀 APPLYING AXIOM IN SANDBOX: INTERSECTION_FILL_2 (Tier: 6)
[Depth 2] Axioms: ["ROOT_START", "SPAWN_EXTRAPOLATE_ORTHOGONAL_2", "INTERSECTION_FILL_2"] | Pragmatic: 72.00 | Epistemic: 0.52 | Prob: 1.0000 | Dim: 9x9
  ╭──────────────────────────────────────────────────────────────╮
  │  MCTS NODE [0] — Rank 1/2 │ Depth 2                       │
  ├──────────────────────────────────────────────────────────────┤
  │  P(dist): ━━━━━━━━━━━━━━━━━━━━━━━━━━━━━━ ●=1.000 μ=0.900 range[0.800, 1.000]   │
  │  Threshold: 0.050 ✓ SURVIVES                                │
  │  Energy Components:                                          │
  │    Pragmatic (E):    72.000  │  Goal-seeking error             │
  │    Epistemic (I):     0.525  │  Information gain               │
  │    Complexity (C):    0.000  │  Model complexity               │
  │    ───────────────────────────────────────────────────────── │
  │    Total Free Energy:  71.475  │  G = E - I + C                  │
  ├──────────────────────────────────────────────────────────────┤
  │  Status: ⏸️  PENDING (queued for evaluation)                   │
  ╰──────────────────────────────────────────────────────────────╯
  [Memory]  Map (2/2): [██]
🚀 APPLYING AXIOM IN SANDBOX: SPAWN_EXTRAPOLATE_TL_BR_2 (Tier: 6)
🚀 APPLYING AXIOM IN SANDBOX: SPAWN_EXTRAPOLATE_TL_BR_2 (Tier: 6)
[Depth 2] Axioms: ["ROOT_START", "SPAWN_EXTRAPOLATE_ORTHOGONAL_2", "SPAWN_EXTRAPOLATE_TL_BR_2"] | Pragmatic: 60.00 | Epistemic: 0.00 | Prob: 1.0000 | Dim: 9x9
  ╭──────────────────────────────────────────────────────────────╮
  │  MCTS NODE [0] — Rank 1/2 │ Depth 2                       │
  ├──────────────────────────────────────────────────────────────┤
  │  P(dist): ━━━━━━━━━━━━━━━━━━━━━━━━━━━━━━ ●=1.000 μ=0.900 range[0.800, 1.000]   │
  │  Threshold: 0.050 ✓ SURVIVES                                │
  │  Energy Components:                                          │
  │    Pragmatic (E):    60.000  │  Goal-seeking error             │
  │    Epistemic (I):     0.000  │  Information gain               │
  │    Complexity (C):    0.000  │  Model complexity               │
  │    ───────────────────────────────────────────────────────── │
  │    Total Free Energy:  60.000  │  G = E - I + C                  │
  ├──────────────────────────────────────────────────────────────┤
  │  Status: ⏸️  PENDING (queued for evaluation)                   │
  ╰──────────────────────────────────────────────────────────────╯
  [Memory]  Map (2/2): [██]
🚀 APPLYING AXIOM IN SANDBOX: SPAWN_EXTRAPOLATE_TR_BL_2 (Tier: 6)
🚀 APPLYING AXIOM IN SANDBOX: SPAWN_EXTRAPOLATE_TR_BL_2 (Tier: 6)
[Depth 1] Axioms: ["ROOT_START", "SPAWN_EXTRAPOLATE_TR_BL_2"] | Pragmatic: 60.00 | Epistemic: 0.00 | Prob: 1.0000 | Dim: 9x9
  ╭──────────────────────────────────────────────────────────────╮
  │  MCTS NODE [0] — Rank 1/2 │ Depth 1                       │
  ├──────────────────────────────────────────────────────────────┤
  │  P(dist): ━━━━━━━━━━━━━━━━━━━━━━━━━━━━━━ ●=1.000 μ=0.900 range[0.800, 1.000]   │
  │  Threshold: 0.050 ✓ SURVIVES                                │
  │  Energy Components:                                          │
  │    Pragmatic (E):    60.000  │  Goal-seeking error             │
  │    Epistemic (I):     0.000  │  Information gain               │
  │    Complexity (C):    0.000  │  Model complexity               │
  │    ───────────────────────────────────────────────────────── │
  │    Total Free Energy:  60.000  │  G = E - I + C                  │
  ├──────────────────────────────────────────────────────────────┤
  │  Status: 🌿 EXPANDING (exploring policies...)                   │
  ╰──────────────────────────────────────────────────────────────╯
  [Memory]  Map (2/2): [██]
🚀 APPLYING AXIOM IN SANDBOX: INTERSECTION_FILL_2 (Tier: 6)
🚀 APPLYING AXIOM IN SANDBOX: INTERSECTION_FILL_2 (Tier: 6)
[Depth 2] Axioms: ["ROOT_START", "SPAWN_EXTRAPOLATE_TR_BL_2", "INTERSECTION_FILL_2"] | Pragmatic: 72.00 | Epistemic: 0.52 | Prob: 1.0000 | Dim: 9x9
  ╭──────────────────────────────────────────────────────────────╮
  │  MCTS NODE [0] — Rank 1/2 │ Depth 2                       │
  ├──────────────────────────────────────────────────────────────┤
  │  P(dist): ━━━━━━━━━━━━━━━━━━━━━━━━━━━━━━ ●=1.000 μ=0.900 range[0.800, 1.000]   │
  │  Threshold: 0.050 ✓ SURVIVES                                │
  │  Energy Components:                                          │
  │    Pragmatic (E):    72.000  │  Goal-seeking error             │
  │    Epistemic (I):     0.525  │  Information gain               │
  │    Complexity (C):    0.000  │  Model complexity               │
  │    ───────────────────────────────────────────────────────── │
  │    Total Free Energy:  71.475  │  G = E - I + C                  │
  ├──────────────────────────────────────────────────────────────┤
  │  Status: ⏸️  PENDING (queued for evaluation)                   │
  ╰──────────────────────────────────────────────────────────────╯
  [Memory]  Map (2/2): [██]
🚀 APPLYING AXIOM IN SANDBOX: SPAWN_EXTRAPOLATE_TL_BR_2 (Tier: 6)
🚀 APPLYING AXIOM IN SANDBOX: SPAWN_EXTRAPOLATE_TL_BR_2 (Tier: 6)
[Depth 2] Axioms: ["ROOT_START", "SPAWN_EXTRAPOLATE_TR_BL_2", "SPAWN_EXTRAPOLATE_TL_BR_2"] | Pragmatic: 60.00 | Epistemic: 0.00 | Prob: 1.0000 | Dim: 9x9
  ╭──────────────────────────────────────────────────────────────╮
  │  MCTS NODE [0] — Rank 1/2 │ Depth 2                       │
  ├──────────────────────────────────────────────────────────────┤
  │  P(dist): ━━━━━━━━━━━━━━━━━━━━━━━━━━━━━━ ●=1.000 μ=0.900 range[0.800, 1.000]   │
  │  Threshold: 0.050 ✓ SURVIVES                                │
  │  Energy Components:                                          │
  │    Pragmatic (E):    60.000  │  Goal-seeking error             │
  │    Epistemic (I):     0.000  │  Information gain               │
  │    Complexity (C):    0.000  │  Model complexity               │
  │    ───────────────────────────────────────────────────────── │
  │    Total Free Energy:  60.000  │  G = E - I + C                  │
  ├──────────────────────────────────────────────────────────────┤
  │  Status: ⏸️  PENDING (queued for evaluation)                   │
  ╰──────────────────────────────────────────────────────────────╯
  [Memory]  Map (2/2): [██]
🚀 APPLYING AXIOM IN SANDBOX: INTERSECTION_FILL_2 (Tier: 6)
🚀 APPLYING AXIOM IN SANDBOX: INTERSECTION_FILL_2 (Tier: 6)
[Depth 1] Axioms: ["ROOT_START", "INTERSECTION_FILL_2"] | Pragmatic: 72.00 | Epistemic: 0.52 | Prob: 1.0000 | Dim: 9x9
  ╭──────────────────────────────────────────────────────────────╮
  │  MCTS NODE [0] — Rank 1/2 │ Depth 1                       │
  ├──────────────────────────────────────────────────────────────┤
  │  P(dist): ━━━━━━━━━━━━━━━━━━━━━━━━━━━━━━ ●=1.000 μ=0.900 range[0.800, 1.000]   │
  │  Threshold: 0.050 ✓ SURVIVES                                │
  │  Energy Components:                                          │
  │    Pragmatic (E):    72.000  │  Goal-seeking error             │
  │    Epistemic (I):     0.525  │  Information gain               │
  │    Complexity (C):    0.000  │  Model complexity               │
  │    ───────────────────────────────────────────────────────── │
  │    Total Free Energy:  71.475  │  G = E - I + C                  │
  ├──────────────────────────────────────────────────────────────┤
  │  Status: 🌿 EXPANDING (exploring policies...)                   │
  ╰──────────────────────────────────────────────────────────────╯
  [Memory]  Map (2/2): [██]
🚀 APPLYING AXIOM IN SANDBOX: SPAWN_EXTRAPOLATE_TR_BL_2 (Tier: 6)
🚀 APPLYING AXIOM IN SANDBOX: SPAWN_EXTRAPOLATE_TR_BL_2 (Tier: 6)
[Depth 2] Axioms: ["ROOT_START", "INTERSECTION_FILL_2", "SPAWN_EXTRAPOLATE_TR_BL_2"] | Pragmatic: 62.00 | Epistemic: 0.52 | Prob: 1.0000 | Dim: 9x9
  ╭──────────────────────────────────────────────────────────────╮
  │  MCTS NODE [0] — Rank 1/2 │ Depth 2                       │
  ├──────────────────────────────────────────────────────────────┤
  │  P(dist): ━━━━━━━━━━━━━━━━━━━━━━━━━━━━━━ ●=1.000 μ=0.900 range[0.800, 1.000]   │
  │  Threshold: 0.050 ✓ SURVIVES                                │
  │  Energy Components:                                          │
  │    Pragmatic (E):    62.000  │  Goal-seeking error             │
  │    Epistemic (I):     0.525  │  Information gain               │
  │    Complexity (C):    0.000  │  Model complexity               │
  │    ───────────────────────────────────────────────────────── │
  │    Total Free Energy:  61.475  │  G = E - I + C                  │
  ├──────────────────────────────────────────────────────────────┤
  │  Status: ⏸️  PENDING (queued for evaluation)                   │
  ╰──────────────────────────────────────────────────────────────╯
  [Memory]  Map (2/2): [██]
🚀 APPLYING AXIOM IN SANDBOX: SPAWN_EXTRAPOLATE_TL_BR_2 (Tier: 6)
🚀 APPLYING AXIOM IN SANDBOX: SPAWN_EXTRAPOLATE_TL_BR_2 (Tier: 6)
[Depth 2] Axioms: ["ROOT_START", "INTERSECTION_FILL_2", "SPAWN_EXTRAPOLATE_TL_BR_2"] | Pragmatic: 62.00 | Epistemic: 0.52 | Prob: 1.0000 | Dim: 9x9
  ╭──────────────────────────────────────────────────────────────╮
  │  MCTS NODE [0] — Rank 1/2 │ Depth 2                       │
  ├──────────────────────────────────────────────────────────────┤
  │  P(dist): ━━━━━━━━━━━━━━━━━━━━━━━━━━━━━━ ●=1.000 μ=0.900 range[0.800, 1.000]   │
  │  Threshold: 0.050 ✓ SURVIVES                                │
  │  Energy Components:                                          │
  │    Pragmatic (E):    62.000  │  Goal-seeking error             │
  │    Epistemic (I):     0.525  │  Information gain               │
  │    Complexity (C):    0.000  │  Model complexity               │
  │    ───────────────────────────────────────────────────────── │
  │    Total Free Energy:  61.475  │  G = E - I + C                  │
  ├──────────────────────────────────────────────────────────────┤
  │  Status: ⏸️  PENDING (queued for evaluation)                   │
  ╰──────────────────────────────────────────────────────────────╯
  [Memory]  Map (2/2): [██]
🚀 APPLYING AXIOM IN SANDBOX: SPAWN_EXTRAPOLATE_TL_BR_2 (Tier: 6)
🚀 APPLYING AXIOM IN SANDBOX: SPAWN_EXTRAPOLATE_TL_BR_2 (Tier: 6)
[Depth 1] Axioms: ["ROOT_START", "SPAWN_EXTRAPOLATE_TL_BR_2"] | Pragmatic: 60.00 | Epistemic: 0.00 | Prob: 1.0000 | Dim: 9x9
  ╭──────────────────────────────────────────────────────────────╮
  │  MCTS NODE [0] — Rank 1/2 │ Depth 1                       │
  ├──────────────────────────────────────────────────────────────┤
  │  P(dist): ━━━━━━━━━━━━━━━━━━━━━━━━━━━━━━ ●=1.000 μ=0.900 range[0.800, 1.000]   │
  │  Threshold: 0.050 ✓ SURVIVES                                │
  │  Energy Components:                                          │
  │    Pragmatic (E):    60.000  │  Goal-seeking error             │
  │    Epistemic (I):     0.000  │  Information gain               │
  │    Complexity (C):    0.000  │  Model complexity               │
  │    ───────────────────────────────────────────────────────── │
  │    Total Free Energy:  60.000  │  G = E - I + C                  │
  ├──────────────────────────────────────────────────────────────┤
  │  Status: 🌿 EXPANDING (exploring policies...)                   │
  ╰──────────────────────────────────────────────────────────────╯
  [Memory]  Map (2/2): [██]
🚀 APPLYING AXIOM IN SANDBOX: SPAWN_EXTRAPOLATE_TR_BL_2 (Tier: 6)
🚀 APPLYING AXIOM IN SANDBOX: SPAWN_EXTRAPOLATE_TR_BL_2 (Tier: 6)
[Depth 2] Axioms: ["ROOT_START", "SPAWN_EXTRAPOLATE_TL_BR_2", "SPAWN_EXTRAPOLATE_TR_BL_2"] | Pragmatic: 60.00 | Epistemic: 0.00 | Prob: 1.0000 | Dim: 9x9
  ╭──────────────────────────────────────────────────────────────╮
  │  MCTS NODE [0] — Rank 1/2 │ Depth 2                       │
  ├──────────────────────────────────────────────────────────────┤
  │  P(dist): ━━━━━━━━━━━━━━━━━━━━━━━━━━━━━━ ●=1.000 μ=0.900 range[0.800, 1.000]   │
  │  Threshold: 0.050 ✓ SURVIVES                                │
  │  Energy Components:                                          │
  │    Pragmatic (E):    60.000  │  Goal-seeking error             │
  │    Epistemic (I):     0.000  │  Information gain               │
  │    Complexity (C):    0.000  │  Model complexity               │
  │    ───────────────────────────────────────────────────────── │
  │    Total Free Energy:  60.000  │  G = E - I + C                  │
  ├──────────────────────────────────────────────────────────────┤
  │  Status: ⏸️  PENDING (queued for evaluation)                   │
  ╰──────────────────────────────────────────────────────────────╯
  [Memory]  Map (2/2): [██]
🚀 APPLYING AXIOM IN SANDBOX: INTERSECTION_FILL_2 (Tier: 6)
🚀 APPLYING AXIOM IN SANDBOX: INTERSECTION_FILL_2 (Tier: 6)
[Depth 2] Axioms: ["ROOT_START", "SPAWN_EXTRAPOLATE_TL_BR_2", "INTERSECTION_FILL_2"] | Pragmatic: 72.00 | Epistemic: 0.52 | Prob: 1.0000 | Dim: 9x9
  ╭──────────────────────────────────────────────────────────────╮
  │  MCTS NODE [0] — Rank 1/2 │ Depth 2                       │
  ├──────────────────────────────────────────────────────────────┤
  │  P(dist): ━━━━━━━━━━━━━━━━━━━━━━━━━━━━━━ ●=1.000 μ=0.900 range[0.800, 1.000]   │
  │  Threshold: 0.050 ✓ SURVIVES                                │
  │  Energy Components:                                          │
  │    Pragmatic (E):    72.000  │  Goal-seeking error             │
  │    Epistemic (I):     0.525  │  Information gain               │
  │    Complexity (C):    0.000  │  Model complexity               │
  │    ───────────────────────────────────────────────────────── │
  │    Total Free Energy:  71.475  │  G = E - I + C                  │
  ├──────────────────────────────────────────────────────────────┤
  │  Status: ⏸️  PENDING (queued for evaluation)                   │
  ╰──────────────────────────────────────────────────────────────╯
  [Memory]  Map (2/2): [██]
🧠 [Metakognisi] Bottleneck::FalseSharing - Amnesia Singkat (Cache Miss) Terdeteksi!
   📝 MENULIS LOG ARCHITECTURE KE SISTEM: Iterasi iterasi EntityManifold lambat rata-rata 358675 ns per entitas. Kecepatan ini 3x lipat dari limit AVX2.
🧠 [Metakognisi] Bottleneck::LocalOptimum - MCTS mentok.
   -> Beralih ke ADVANCED PASS (Iterative Deepening MCTS / Grover)...
   🔍 Search Attempt 1: Exploring top 2 advanced axioms...
🚀 APPLYING AXIOM IN SANDBOX: SPAWN_EXTRAPOLATE_TL_BR_2 (Tier: 6)
🚀 APPLYING AXIOM IN SANDBOX: SPAWN_EXTRAPOLATE_TL_BR_2 (Tier: 6)
🚀 APPLYING AXIOM IN SANDBOX: SPAWN_EXTRAPOLATE_TL_BR_2 (Tier: 6)
🚀 APPLYING AXIOM IN SANDBOX: SPAWN_EXTRAPOLATE_TL_BR_2 (Tier: 6)
🚀 APPLYING AXIOM IN SANDBOX: SPAWN_EXTRAPOLATE_TL_BR_2 (Tier: 6)
🚀 APPLYING AXIOM IN SANDBOX: SPAWN_EXTRAPOLATE_TL_BR_2 (Tier: 6)
🚀 APPLYING AXIOM IN SANDBOX: SPAWN_EXTRAPOLATE_TL_BR_2 (Tier: 6)
🚀 APPLYING AXIOM IN SANDBOX: SPAWN_EXTRAPOLATE_TL_BR_2 (Tier: 6)
   ⚡ Memulai MCTS dari ROOT ZERO-POINT dengan 4 amunisi unik...
🚀 APPLYING AXIOM IN SANDBOX: ROOT_START (Tier: 0)
🚀 APPLYING AXIOM IN SANDBOX: ROOT_START (Tier: 0)
[Depth 0] Axioms: ["ROOT_START"] | Pragmatic: -1000.00 | Epistemic: 0.00 | Prob: 0.9900 | Dim: 9x9
  ╭──────────────────────────────────────────────────────────────╮
  │  MCTS NODE [0] — Rank 1/2 │ Depth 0                       │
  ├──────────────────────────────────────────────────────────────┤
  │  P(dist): ━━━━━━━━━━━━━━━━━━━━━━━━━━━━━━ ●=0.990 μ=0.895 range[0.800, 0.990]   │
  │  Threshold: 0.050 ✓ SURVIVES                                │
  │  Energy Components:                                          │
  │    Pragmatic (E):  -1000.000  │  Goal-seeking error             │
  │    Epistemic (I):     0.000  │  Information gain               │
  │    Complexity (C):    0.000  │  Model complexity               │
  │    ───────────────────────────────────────────────────────── │
  │    Total Free Energy: -1000.000  │  G = E - I + C                  │
  ├──────────────────────────────────────────────────────────────┤
  │  Status: 🌿 EXPANDING (exploring policies...)                   │
  ╰──────────────────────────────────────────────────────────────╯
  [Memory]  Map (2/2): [██]
🚀 APPLYING AXIOM IN SANDBOX: SPAWN_EXTRAPOLATE_ORTHOGONAL_2 (Tier: 6)
🚀 APPLYING AXIOM IN SANDBOX: SPAWN_EXTRAPOLATE_ORTHOGONAL_2 (Tier: 6)
[Depth 1] Axioms: ["ROOT_START", "SPAWN_EXTRAPOLATE_ORTHOGONAL_2"] | Pragmatic: 60.00 | Epistemic: 0.00 | Prob: 1.0000 | Dim: 9x9
  ╭──────────────────────────────────────────────────────────────╮
  │  MCTS NODE [0] — Rank 1/2 │ Depth 1                       │
  ├──────────────────────────────────────────────────────────────┤
  │  P(dist): ━━━━━━━━━━━━━━━━━━━━━━━━━━━━━━ ●=1.000 μ=0.900 range[0.800, 1.000]   │
  │  Threshold: 0.050 ✓ SURVIVES                                │
  │  Energy Components:                                          │
  │    Pragmatic (E):    60.000  │  Goal-seeking error             │
  │    Epistemic (I):     0.000  │  Information gain               │
  │    Complexity (C):    0.000  │  Model complexity               │
  │    ───────────────────────────────────────────────────────── │
  │    Total Free Energy:  60.000  │  G = E - I + C                  │
  ├──────────────────────────────────────────────────────────────┤
  │  Status: 🌿 EXPANDING (exploring policies...)                   │
  ╰──────────────────────────────────────────────────────────────╯
  [Memory]  Map (2/2): [██]
🚀 APPLYING AXIOM IN SANDBOX: INTERSECTION_FILL_2 (Tier: 6)
🚀 APPLYING AXIOM IN SANDBOX: INTERSECTION_FILL_2 (Tier: 6)
[Depth 2] Axioms: ["ROOT_START", "SPAWN_EXTRAPOLATE_ORTHOGONAL_2", "INTERSECTION_FILL_2"] | Pragmatic: 72.00 | Epistemic: 0.52 | Prob: 1.0000 | Dim: 9x9
  ╭──────────────────────────────────────────────────────────────╮
  │  MCTS NODE [0] — Rank 1/2 │ Depth 2                       │
  ├──────────────────────────────────────────────────────────────┤
  │  P(dist): ━━━━━━━━━━━━━━━━━━━━━━━━━━━━━━ ●=1.000 μ=0.900 range[0.800, 1.000]   │
  │  Threshold: 0.050 ✓ SURVIVES                                │
  │  Energy Components:                                          │
  │    Pragmatic (E):    72.000  │  Goal-seeking error             │
  │    Epistemic (I):     0.525  │  Information gain               │
  │    Complexity (C):    0.000  │  Model complexity               │
  │    ───────────────────────────────────────────────────────── │
  │    Total Free Energy:  71.475  │  G = E - I + C                  │
  ├──────────────────────────────────────────────────────────────┤
  │  Status: ⏸️  PENDING (queued for evaluation)                   │
  ╰──────────────────────────────────────────────────────────────╯
  [Memory]  Map (2/2): [██]
🚀 APPLYING AXIOM IN SANDBOX: SPAWN_EXTRAPOLATE_TL_BR_2 (Tier: 6)
🚀 APPLYING AXIOM IN SANDBOX: SPAWN_EXTRAPOLATE_TL_BR_2 (Tier: 6)
[Depth 2] Axioms: ["ROOT_START", "SPAWN_EXTRAPOLATE_ORTHOGONAL_2", "SPAWN_EXTRAPOLATE_TL_BR_2"] | Pragmatic: 60.00 | Epistemic: 0.00 | Prob: 1.0000 | Dim: 9x9
  ╭──────────────────────────────────────────────────────────────╮
  │  MCTS NODE [0] — Rank 1/2 │ Depth 2                       │
  ├──────────────────────────────────────────────────────────────┤
  │  P(dist): ━━━━━━━━━━━━━━━━━━━━━━━━━━━━━━ ●=1.000 μ=0.900 range[0.800, 1.000]   │
  │  Threshold: 0.050 ✓ SURVIVES                                │
  │  Energy Components:                                          │
  │    Pragmatic (E):    60.000  │  Goal-seeking error             │
  │    Epistemic (I):     0.000  │  Information gain               │
  │    Complexity (C):    0.000  │  Model complexity               │
  │    ───────────────────────────────────────────────────────── │
  │    Total Free Energy:  60.000  │  G = E - I + C                  │
  ├──────────────────────────────────────────────────────────────┤
  │  Status: ⏸️  PENDING (queued for evaluation)                   │
  ╰──────────────────────────────────────────────────────────────╯
  [Memory]  Map (2/2): [██]
🚀 APPLYING AXIOM IN SANDBOX: SPAWN_EXTRAPOLATE_TR_BL_2 (Tier: 6)
🚀 APPLYING AXIOM IN SANDBOX: SPAWN_EXTRAPOLATE_TR_BL_2 (Tier: 6)
[Depth 1] Axioms: ["ROOT_START", "SPAWN_EXTRAPOLATE_TR_BL_2"] | Pragmatic: 60.00 | Epistemic: 0.00 | Prob: 1.0000 | Dim: 9x9
  ╭──────────────────────────────────────────────────────────────╮
  │  MCTS NODE [0] — Rank 1/2 │ Depth 1                       │
  ├──────────────────────────────────────────────────────────────┤
  │  P(dist): ━━━━━━━━━━━━━━━━━━━━━━━━━━━━━━ ●=1.000 μ=0.900 range[0.800, 1.000]   │
  │  Threshold: 0.050 ✓ SURVIVES                                │
  │  Energy Components:                                          │
  │    Pragmatic (E):    60.000  │  Goal-seeking error             │
  │    Epistemic (I):     0.000  │  Information gain               │
  │    Complexity (C):    0.000  │  Model complexity               │
  │    ───────────────────────────────────────────────────────── │
  │    Total Free Energy:  60.000  │  G = E - I + C                  │
  ├──────────────────────────────────────────────────────────────┤
  │  Status: 🌿 EXPANDING (exploring policies...)                   │
  ╰──────────────────────────────────────────────────────────────╯
  [Memory]  Map (2/2): [██]
🚀 APPLYING AXIOM IN SANDBOX: INTERSECTION_FILL_2 (Tier: 6)
🚀 APPLYING AXIOM IN SANDBOX: INTERSECTION_FILL_2 (Tier: 6)
[Depth 2] Axioms: ["ROOT_START", "SPAWN_EXTRAPOLATE_TR_BL_2", "INTERSECTION_FILL_2"] | Pragmatic: 72.00 | Epistemic: 0.52 | Prob: 1.0000 | Dim: 9x9
  ╭──────────────────────────────────────────────────────────────╮
  │  MCTS NODE [0] — Rank 1/2 │ Depth 2                       │
  ├──────────────────────────────────────────────────────────────┤
  │  P(dist): ━━━━━━━━━━━━━━━━━━━━━━━━━━━━━━ ●=1.000 μ=0.900 range[0.800, 1.000]   │
  │  Threshold: 0.050 ✓ SURVIVES                                │
  │  Energy Components:                                          │
  │    Pragmatic (E):    72.000  │  Goal-seeking error             │
  │    Epistemic (I):     0.525  │  Information gain               │
  │    Complexity (C):    0.000  │  Model complexity               │
  │    ───────────────────────────────────────────────────────── │
  │    Total Free Energy:  71.475  │  G = E - I + C                  │
  ├──────────────────────────────────────────────────────────────┤
  │  Status: ⏸️  PENDING (queued for evaluation)                   │
  ╰──────────────────────────────────────────────────────────────╯
  [Memory]  Map (2/2): [██]
🚀 APPLYING AXIOM IN SANDBOX: SPAWN_EXTRAPOLATE_TL_BR_2 (Tier: 6)
🚀 APPLYING AXIOM IN SANDBOX: SPAWN_EXTRAPOLATE_TL_BR_2 (Tier: 6)
[Depth 2] Axioms: ["ROOT_START", "SPAWN_EXTRAPOLATE_TR_BL_2", "SPAWN_EXTRAPOLATE_TL_BR_2"] | Pragmatic: 60.00 | Epistemic: 0.00 | Prob: 1.0000 | Dim: 9x9
  ╭──────────────────────────────────────────────────────────────╮
  │  MCTS NODE [0] — Rank 1/2 │ Depth 2                       │
  ├──────────────────────────────────────────────────────────────┤
  │  P(dist): ━━━━━━━━━━━━━━━━━━━━━━━━━━━━━━ ●=1.000 μ=0.900 range[0.800, 1.000]   │
  │  Threshold: 0.050 ✓ SURVIVES                                │
  │  Energy Components:                                          │
  │    Pragmatic (E):    60.000  │  Goal-seeking error             │
  │    Epistemic (I):     0.000  │  Information gain               │
  │    Complexity (C):    0.000  │  Model complexity               │
  │    ───────────────────────────────────────────────────────── │
  │    Total Free Energy:  60.000  │  G = E - I + C                  │
  ├──────────────────────────────────────────────────────────────┤
  │  Status: ⏸️  PENDING (queued for evaluation)                   │
  ╰──────────────────────────────────────────────────────────────╯
  [Memory]  Map (2/2): [██]
🚀 APPLYING AXIOM IN SANDBOX: INTERSECTION_FILL_2 (Tier: 6)
🚀 APPLYING AXIOM IN SANDBOX: INTERSECTION_FILL_2 (Tier: 6)
[Depth 1] Axioms: ["ROOT_START", "INTERSECTION_FILL_2"] | Pragmatic: 72.00 | Epistemic: 0.52 | Prob: 1.0000 | Dim: 9x9
  ╭──────────────────────────────────────────────────────────────╮
  │  MCTS NODE [0] — Rank 1/2 │ Depth 1                       │
  ├──────────────────────────────────────────────────────────────┤
  │  P(dist): ━━━━━━━━━━━━━━━━━━━━━━━━━━━━━━ ●=1.000 μ=0.900 range[0.800, 1.000]   │
  │  Threshold: 0.050 ✓ SURVIVES                                │
  │  Energy Components:                                          │
  │    Pragmatic (E):    72.000  │  Goal-seeking error             │
  │    Epistemic (I):     0.525  │  Information gain               │
  │    Complexity (C):    0.000  │  Model complexity               │
  │    ───────────────────────────────────────────────────────── │
  │    Total Free Energy:  71.475  │  G = E - I + C                  │
  ├──────────────────────────────────────────────────────────────┤
  │  Status: 🌿 EXPANDING (exploring policies...)                   │
  ╰──────────────────────────────────────────────────────────────╯
  [Memory]  Map (2/2): [██]
🚀 APPLYING AXIOM IN SANDBOX: SPAWN_EXTRAPOLATE_TR_BL_2 (Tier: 6)
🚀 APPLYING AXIOM IN SANDBOX: SPAWN_EXTRAPOLATE_TR_BL_2 (Tier: 6)
[Depth 2] Axioms: ["ROOT_START", "INTERSECTION_FILL_2", "SPAWN_EXTRAPOLATE_TR_BL_2"] | Pragmatic: 62.00 | Epistemic: 0.52 | Prob: 1.0000 | Dim: 9x9
  ╭──────────────────────────────────────────────────────────────╮
  │  MCTS NODE [0] — Rank 1/2 │ Depth 2                       │
  ├──────────────────────────────────────────────────────────────┤
  │  P(dist): ━━━━━━━━━━━━━━━━━━━━━━━━━━━━━━ ●=1.000 μ=0.900 range[0.800, 1.000]   │
  │  Threshold: 0.050 ✓ SURVIVES                                │
  │  Energy Components:                                          │
  │    Pragmatic (E):    62.000  │  Goal-seeking error             │
  │    Epistemic (I):     0.525  │  Information gain               │
  │    Complexity (C):    0.000  │  Model complexity               │
  │    ───────────────────────────────────────────────────────── │
  │    Total Free Energy:  61.475  │  G = E - I + C                  │
  ├──────────────────────────────────────────────────────────────┤
  │  Status: ⏸️  PENDING (queued for evaluation)                   │
  ╰──────────────────────────────────────────────────────────────╯
  [Memory]  Map (2/2): [██]
🚀 APPLYING AXIOM IN SANDBOX: SPAWN_EXTRAPOLATE_TL_BR_2 (Tier: 6)
🚀 APPLYING AXIOM IN SANDBOX: SPAWN_EXTRAPOLATE_TL_BR_2 (Tier: 6)
[Depth 2] Axioms: ["ROOT_START", "INTERSECTION_FILL_2", "SPAWN_EXTRAPOLATE_TL_BR_2"] | Pragmatic: 62.00 | Epistemic: 0.52 | Prob: 1.0000 | Dim: 9x9
  ╭──────────────────────────────────────────────────────────────╮
  │  MCTS NODE [0] — Rank 1/2 │ Depth 2                       │
  ├──────────────────────────────────────────────────────────────┤
  │  P(dist): ━━━━━━━━━━━━━━━━━━━━━━━━━━━━━━ ●=1.000 μ=0.900 range[0.800, 1.000]   │
  │  Threshold: 0.050 ✓ SURVIVES                                │
  │  Energy Components:                                          │
  │    Pragmatic (E):    62.000  │  Goal-seeking error             │
  │    Epistemic (I):     0.525  │  Information gain               │
  │    Complexity (C):    0.000  │  Model complexity               │
  │    ───────────────────────────────────────────────────────── │
  │    Total Free Energy:  61.475  │  G = E - I + C                  │
  ├──────────────────────────────────────────────────────────────┤
  │  Status: ⏸️  PENDING (queued for evaluation)                   │
  ╰──────────────────────────────────────────────────────────────╯
  [Memory]  Map (2/2): [██]
🚀 APPLYING AXIOM IN SANDBOX: SPAWN_EXTRAPOLATE_TL_BR_2 (Tier: 6)
🚀 APPLYING AXIOM IN SANDBOX: SPAWN_EXTRAPOLATE_TL_BR_2 (Tier: 6)
[Depth 1] Axioms: ["ROOT_START", "SPAWN_EXTRAPOLATE_TL_BR_2"] | Pragmatic: 60.00 | Epistemic: 0.00 | Prob: 1.0000 | Dim: 9x9
  ╭──────────────────────────────────────────────────────────────╮
  │  MCTS NODE [0] — Rank 1/2 │ Depth 1                       │
  ├──────────────────────────────────────────────────────────────┤
  │  P(dist): ━━━━━━━━━━━━━━━━━━━━━━━━━━━━━━ ●=1.000 μ=0.900 range[0.800, 1.000]   │
  │  Threshold: 0.050 ✓ SURVIVES                                │
  │  Energy Components:                                          │
  │    Pragmatic (E):    60.000  │  Goal-seeking error             │
  │    Epistemic (I):     0.000  │  Information gain               │
  │    Complexity (C):    0.000  │  Model complexity               │
  │    ───────────────────────────────────────────────────────── │
  │    Total Free Energy:  60.000  │  G = E - I + C                  │
  ├──────────────────────────────────────────────────────────────┤
  │  Status: 🌿 EXPANDING (exploring policies...)                   │
  ╰──────────────────────────────────────────────────────────────╯
  [Memory]  Map (2/2): [██]
🚀 APPLYING AXIOM IN SANDBOX: SPAWN_EXTRAPOLATE_TR_BL_2 (Tier: 6)
🚀 APPLYING AXIOM IN SANDBOX: SPAWN_EXTRAPOLATE_TR_BL_2 (Tier: 6)
[Depth 2] Axioms: ["ROOT_START", "SPAWN_EXTRAPOLATE_TL_BR_2", "SPAWN_EXTRAPOLATE_TR_BL_2"] | Pragmatic: 60.00 | Epistemic: 0.00 | Prob: 1.0000 | Dim: 9x9
  ╭──────────────────────────────────────────────────────────────╮
  │  MCTS NODE [0] — Rank 1/2 │ Depth 2                       │
  ├──────────────────────────────────────────────────────────────┤
  │  P(dist): ━━━━━━━━━━━━━━━━━━━━━━━━━━━━━━ ●=1.000 μ=0.900 range[0.800, 1.000]   │
  │  Threshold: 0.050 ✓ SURVIVES                                │
  │  Energy Components:                                          │
  │    Pragmatic (E):    60.000  │  Goal-seeking error             │
  │    Epistemic (I):     0.000  │  Information gain               │
  │    Complexity (C):    0.000  │  Model complexity               │
  │    ───────────────────────────────────────────────────────── │
  │    Total Free Energy:  60.000  │  G = E - I + C                  │
  ├──────────────────────────────────────────────────────────────┤
  │  Status: ⏸️  PENDING (queued for evaluation)                   │
  ╰──────────────────────────────────────────────────────────────╯
  [Memory]  Map (2/2): [██]
🚀 APPLYING AXIOM IN SANDBOX: INTERSECTION_FILL_2 (Tier: 6)
🚀 APPLYING AXIOM IN SANDBOX: INTERSECTION_FILL_2 (Tier: 6)
[Depth 2] Axioms: ["ROOT_START", "SPAWN_EXTRAPOLATE_TL_BR_2", "INTERSECTION_FILL_2"] | Pragmatic: 72.00 | Epistemic: 0.52 | Prob: 1.0000 | Dim: 9x9
  ╭──────────────────────────────────────────────────────────────╮
  │  MCTS NODE [0] — Rank 1/2 │ Depth 2                       │
  ├──────────────────────────────────────────────────────────────┤
  │  P(dist): ━━━━━━━━━━━━━━━━━━━━━━━━━━━━━━ ●=1.000 μ=0.900 range[0.800, 1.000]   │
  │  Threshold: 0.050 ✓ SURVIVES                                │
  │  Energy Components:                                          │
  │    Pragmatic (E):    72.000  │  Goal-seeking error             │
  │    Epistemic (I):     0.525  │  Information gain               │
  │    Complexity (C):    0.000  │  Model complexity               │
  │    ───────────────────────────────────────────────────────── │
  │    Total Free Energy:  71.475  │  G = E - I + C                  │
  ├──────────────────────────────────────────────────────────────┤
  │  Status: ⏸️  PENDING (queued for evaluation)                   │
  ╰──────────────────────────────────────────────────────────────╯
  [Memory]  Map (2/2): [██]
   🔍 Search Attempt 2: Exploring top 5 advanced axioms...
🚀 APPLYING AXIOM IN SANDBOX: SPAWN_EXTRAPOLATE_TL_BR_2 (Tier: 6)
🚀 APPLYING AXIOM IN SANDBOX: SPAWN_EXTRAPOLATE_TL_BR_2 (Tier: 6)
🚀 APPLYING AXIOM IN SANDBOX: SPAWN_EXTRAPOLATE_TL_BR_2 (Tier: 6)
🚀 APPLYING AXIOM IN SANDBOX: SPAWN_EXTRAPOLATE_TL_BR_2 (Tier: 6)
🚀 APPLYING AXIOM IN SANDBOX: INTERSECTION_FILL_2 (Tier: 6)
🚀 APPLYING AXIOM IN SANDBOX: INTERSECTION_FILL_2 (Tier: 6)
🚀 APPLYING AXIOM IN SANDBOX: INTERSECTION_FILL_2 (Tier: 6)
🚀 APPLYING AXIOM IN SANDBOX: INTERSECTION_FILL_2 (Tier: 6)
🚀 APPLYING AXIOM IN SANDBOX: SPAWN_EXTRAPOLATE_TR_BL_2 (Tier: 6)
🚀 APPLYING AXIOM IN SANDBOX: SPAWN_EXTRAPOLATE_TR_BL_2 (Tier: 6)
🚀 APPLYING AXIOM IN SANDBOX: SPAWN_EXTRAPOLATE_TL_BR_2 (Tier: 6)
🚀 APPLYING AXIOM IN SANDBOX: SPAWN_EXTRAPOLATE_TL_BR_2 (Tier: 6)
🚀 APPLYING AXIOM IN SANDBOX: SPAWN_EXTRAPOLATE_TL_BR_2 (Tier: 6)
🚀 APPLYING AXIOM IN SANDBOX: SPAWN_EXTRAPOLATE_TL_BR_2 (Tier: 6)
🚀 APPLYING AXIOM IN SANDBOX: INTERSECTION_FILL_2 (Tier: 6)
🚀 APPLYING AXIOM IN SANDBOX: INTERSECTION_FILL_2 (Tier: 6)
🚀 APPLYING AXIOM IN SANDBOX: INTERSECTION_FILL_2 (Tier: 6)
🚀 APPLYING AXIOM IN SANDBOX: INTERSECTION_FILL_2 (Tier: 6)
🚀 APPLYING AXIOM IN SANDBOX: SPAWN_EXTRAPOLATE_TR_BL_2 (Tier: 6)
🚀 APPLYING AXIOM IN SANDBOX: SPAWN_EXTRAPOLATE_TR_BL_2 (Tier: 6)
   ⚡ Memulai MCTS dari ROOT ZERO-POINT dengan 4 amunisi unik...
🚀 APPLYING AXIOM IN SANDBOX: ROOT_START (Tier: 0)
🚀 APPLYING AXIOM IN SANDBOX: ROOT_START (Tier: 0)
[Depth 0] Axioms: ["ROOT_START"] | Pragmatic: -1000.00 | Epistemic: 0.00 | Prob: 0.9900 | Dim: 9x9
  ╭──────────────────────────────────────────────────────────────╮
  │  MCTS NODE [0] — Rank 1/2 │ Depth 0                       │
  ├──────────────────────────────────────────────────────────────┤
  │  P(dist): ━━━━━━━━━━━━━━━━━━━━━━━━━━━━━━ ●=0.990 μ=0.895 range[0.800, 0.990]   │
  │  Threshold: 0.050 ✓ SURVIVES                                │
  │  Energy Components:                                          │
  │    Pragmatic (E):  -1000.000  │  Goal-seeking error             │
  │    Epistemic (I):     0.000  │  Information gain               │
  │    Complexity (C):    0.000  │  Model complexity               │
  │    ───────────────────────────────────────────────────────── │
  │    Total Free Energy: -1000.000  │  G = E - I + C                  │
  ├──────────────────────────────────────────────────────────────┤
  │  Status: 🌿 EXPANDING (exploring policies...)                   │
  ╰──────────────────────────────────────────────────────────────╯
  [Memory]  Map (2/2): [██]
🚀 APPLYING AXIOM IN SANDBOX: SPAWN_EXTRAPOLATE_ORTHOGONAL_2 (Tier: 6)
🚀 APPLYING AXIOM IN SANDBOX: SPAWN_EXTRAPOLATE_ORTHOGONAL_2 (Tier: 6)
[Depth 1] Axioms: ["ROOT_START", "SPAWN_EXTRAPOLATE_ORTHOGONAL_2"] | Pragmatic: 60.00 | Epistemic: 0.00 | Prob: 1.0000 | Dim: 9x9
  ╭──────────────────────────────────────────────────────────────╮
  │  MCTS NODE [0] — Rank 1/2 │ Depth 1                       │
  ├──────────────────────────────────────────────────────────────┤
  │  P(dist): ━━━━━━━━━━━━━━━━━━━━━━━━━━━━━━ ●=1.000 μ=0.900 range[0.800, 1.000]   │
  │  Threshold: 0.050 ✓ SURVIVES                                │
  │  Energy Components:                                          │
  │    Pragmatic (E):    60.000  │  Goal-seeking error             │
  │    Epistemic (I):     0.000  │  Information gain               │
  │    Complexity (C):    0.000  │  Model complexity               │
  │    ───────────────────────────────────────────────────────── │
  │    Total Free Energy:  60.000  │  G = E - I + C                  │
  ├──────────────────────────────────────────────────────────────┤
  │  Status: 🌿 EXPANDING (exploring policies...)                   │
  ╰──────────────────────────────────────────────────────────────╯
  [Memory]  Map (2/2): [██]
🚀 APPLYING AXIOM IN SANDBOX: INTERSECTION_FILL_2 (Tier: 6)
🚀 APPLYING AXIOM IN SANDBOX: INTERSECTION_FILL_2 (Tier: 6)
[Depth 2] Axioms: ["ROOT_START", "SPAWN_EXTRAPOLATE_ORTHOGONAL_2", "INTERSECTION_FILL_2"] | Pragmatic: 72.00 | Epistemic: 0.52 | Prob: 1.0000 | Dim: 9x9
  ╭──────────────────────────────────────────────────────────────╮
  │  MCTS NODE [0] — Rank 1/2 │ Depth 2                       │
  ├──────────────────────────────────────────────────────────────┤
  │  P(dist): ━━━━━━━━━━━━━━━━━━━━━━━━━━━━━━ ●=1.000 μ=0.900 range[0.800, 1.000]   │
  │  Threshold: 0.050 ✓ SURVIVES                                │
  │  Energy Components:                                          │
  │    Pragmatic (E):    72.000  │  Goal-seeking error             │
  │    Epistemic (I):     0.525  │  Information gain               │
  │    Complexity (C):    0.000  │  Model complexity               │
  │    ───────────────────────────────────────────────────────── │
  │    Total Free Energy:  71.475  │  G = E - I + C                  │
  ├──────────────────────────────────────────────────────────────┤
  │  Status: ⏸️  PENDING (queued for evaluation)                   │
  ╰──────────────────────────────────────────────────────────────╯
  [Memory]  Map (2/2): [██]
🚀 APPLYING AXIOM IN SANDBOX: SPAWN_EXTRAPOLATE_TL_BR_2 (Tier: 6)
🚀 APPLYING AXIOM IN SANDBOX: SPAWN_EXTRAPOLATE_TL_BR_2 (Tier: 6)
[Depth 2] Axioms: ["ROOT_START", "SPAWN_EXTRAPOLATE_ORTHOGONAL_2", "SPAWN_EXTRAPOLATE_TL_BR_2"] | Pragmatic: 60.00 | Epistemic: 0.00 | Prob: 1.0000 | Dim: 9x9
  ╭──────────────────────────────────────────────────────────────╮
  │  MCTS NODE [0] — Rank 1/2 │ Depth 2                       │
  ├──────────────────────────────────────────────────────────────┤
  │  P(dist): ━━━━━━━━━━━━━━━━━━━━━━━━━━━━━━ ●=1.000 μ=0.900 range[0.800, 1.000]   │
  │  Threshold: 0.050 ✓ SURVIVES                                │
  │  Energy Components:                                          │
  │    Pragmatic (E):    60.000  │  Goal-seeking error             │
  │    Epistemic (I):     0.000  │  Information gain               │
  │    Complexity (C):    0.000  │  Model complexity               │
  │    ───────────────────────────────────────────────────────── │
  │    Total Free Energy:  60.000  │  G = E - I + C                  │
  ├──────────────────────────────────────────────────────────────┤
  │  Status: ⏸️  PENDING (queued for evaluation)                   │
  ╰──────────────────────────────────────────────────────────────╯
  [Memory]  Map (2/2): [██]
🚀 APPLYING AXIOM IN SANDBOX: SPAWN_EXTRAPOLATE_TR_BL_2 (Tier: 6)
🚀 APPLYING AXIOM IN SANDBOX: SPAWN_EXTRAPOLATE_TR_BL_2 (Tier: 6)
[Depth 1] Axioms: ["ROOT_START", "SPAWN_EXTRAPOLATE_TR_BL_2"] | Pragmatic: 60.00 | Epistemic: 0.00 | Prob: 1.0000 | Dim: 9x9
  ╭──────────────────────────────────────────────────────────────╮
  │  MCTS NODE [0] — Rank 1/2 │ Depth 1                       │
  ├──────────────────────────────────────────────────────────────┤
  │  P(dist): ━━━━━━━━━━━━━━━━━━━━━━━━━━━━━━ ●=1.000 μ=0.900 range[0.800, 1.000]   │
  │  Threshold: 0.050 ✓ SURVIVES                                │
  │  Energy Components:                                          │
  │    Pragmatic (E):    60.000  │  Goal-seeking error             │
  │    Epistemic (I):     0.000  │  Information gain               │
  │    Complexity (C):    0.000  │  Model complexity               │
  │    ───────────────────────────────────────────────────────── │
  │    Total Free Energy:  60.000  │  G = E - I + C                  │
  ├──────────────────────────────────────────────────────────────┤
  │  Status: 🌿 EXPANDING (exploring policies...)                   │
  ╰──────────────────────────────────────────────────────────────╯
  [Memory]  Map (2/2): [██]
🚀 APPLYING AXIOM IN SANDBOX: INTERSECTION_FILL_2 (Tier: 6)
🚀 APPLYING AXIOM IN SANDBOX: INTERSECTION_FILL_2 (Tier: 6)
[Depth 2] Axioms: ["ROOT_START", "SPAWN_EXTRAPOLATE_TR_BL_2", "INTERSECTION_FILL_2"] | Pragmatic: 72.00 | Epistemic: 0.52 | Prob: 1.0000 | Dim: 9x9
  ╭──────────────────────────────────────────────────────────────╮
  │  MCTS NODE [0] — Rank 1/2 │ Depth 2                       │
  ├──────────────────────────────────────────────────────────────┤
  │  P(dist): ━━━━━━━━━━━━━━━━━━━━━━━━━━━━━━ ●=1.000 μ=0.900 range[0.800, 1.000]   │
  │  Threshold: 0.050 ✓ SURVIVES                                │
  │  Energy Components:                                          │
  │    Pragmatic (E):    72.000  │  Goal-seeking error             │
  │    Epistemic (I):     0.525  │  Information gain               │
  │    Complexity (C):    0.000  │  Model complexity               │
  │    ───────────────────────────────────────────────────────── │
  │    Total Free Energy:  71.475  │  G = E - I + C                  │
  ├──────────────────────────────────────────────────────────────┤
  │  Status: ⏸️  PENDING (queued for evaluation)                   │
  ╰──────────────────────────────────────────────────────────────╯
  [Memory]  Map (2/2): [██]
🚀 APPLYING AXIOM IN SANDBOX: SPAWN_EXTRAPOLATE_TL_BR_2 (Tier: 6)
🚀 APPLYING AXIOM IN SANDBOX: SPAWN_EXTRAPOLATE_TL_BR_2 (Tier: 6)
[Depth 2] Axioms: ["ROOT_START", "SPAWN_EXTRAPOLATE_TR_BL_2", "SPAWN_EXTRAPOLATE_TL_BR_2"] | Pragmatic: 60.00 | Epistemic: 0.00 | Prob: 1.0000 | Dim: 9x9
  ╭──────────────────────────────────────────────────────────────╮
  │  MCTS NODE [0] — Rank 1/2 │ Depth 2                       │
  ├──────────────────────────────────────────────────────────────┤
  │  P(dist): ━━━━━━━━━━━━━━━━━━━━━━━━━━━━━━ ●=1.000 μ=0.900 range[0.800, 1.000]   │
  │  Threshold: 0.050 ✓ SURVIVES                                │
  │  Energy Components:                                          │
  │    Pragmatic (E):    60.000  │  Goal-seeking error             │
  │    Epistemic (I):     0.000  │  Information gain               │
  │    Complexity (C):    0.000  │  Model complexity               │
  │    ───────────────────────────────────────────────────────── │
  │    Total Free Energy:  60.000  │  G = E - I + C                  │
  ├──────────────────────────────────────────────────────────────┤
  │  Status: ⏸️  PENDING (queued for evaluation)                   │
  ╰──────────────────────────────────────────────────────────────╯
  [Memory]  Map (2/2): [██]
🚀 APPLYING AXIOM IN SANDBOX: INTERSECTION_FILL_2 (Tier: 6)
🚀 APPLYING AXIOM IN SANDBOX: INTERSECTION_FILL_2 (Tier: 6)
[Depth 1] Axioms: ["ROOT_START", "INTERSECTION_FILL_2"] | Pragmatic: 72.00 | Epistemic: 0.52 | Prob: 1.0000 | Dim: 9x9
  ╭──────────────────────────────────────────────────────────────╮
  │  MCTS NODE [0] — Rank 1/2 │ Depth 1                       │
  ├──────────────────────────────────────────────────────────────┤
  │  P(dist): ━━━━━━━━━━━━━━━━━━━━━━━━━━━━━━ ●=1.000 μ=0.900 range[0.800, 1.000]   │
  │  Threshold: 0.050 ✓ SURVIVES                                │
  │  Energy Components:                                          │
  │    Pragmatic (E):    72.000  │  Goal-seeking error             │
  │    Epistemic (I):     0.525  │  Information gain               │
  │    Complexity (C):    0.000  │  Model complexity               │
  │    ───────────────────────────────────────────────────────── │
  │    Total Free Energy:  71.475  │  G = E - I + C                  │
  ├──────────────────────────────────────────────────────────────┤
  │  Status: 🌿 EXPANDING (exploring policies...)                   │
  ╰──────────────────────────────────────────────────────────────╯
  [Memory]  Map (2/2): [██]
🚀 APPLYING AXIOM IN SANDBOX: SPAWN_EXTRAPOLATE_TR_BL_2 (Tier: 6)
🚀 APPLYING AXIOM IN SANDBOX: SPAWN_EXTRAPOLATE_TR_BL_2 (Tier: 6)
[Depth 2] Axioms: ["ROOT_START", "INTERSECTION_FILL_2", "SPAWN_EXTRAPOLATE_TR_BL_2"] | Pragmatic: 62.00 | Epistemic: 0.52 | Prob: 1.0000 | Dim: 9x9
  ╭──────────────────────────────────────────────────────────────╮
  │  MCTS NODE [0] — Rank 1/2 │ Depth 2                       │
  ├──────────────────────────────────────────────────────────────┤
  │  P(dist): ━━━━━━━━━━━━━━━━━━━━━━━━━━━━━━ ●=1.000 μ=0.900 range[0.800, 1.000]   │
  │  Threshold: 0.050 ✓ SURVIVES                                │
  │  Energy Components:                                          │
  │    Pragmatic (E):    62.000  │  Goal-seeking error             │
  │    Epistemic (I):     0.525  │  Information gain               │
  │    Complexity (C):    0.000  │  Model complexity               │
  │    ───────────────────────────────────────────────────────── │
  │    Total Free Energy:  61.475  │  G = E - I + C                  │
  ├──────────────────────────────────────────────────────────────┤
  │  Status: ⏸️  PENDING (queued for evaluation)                   │
  ╰──────────────────────────────────────────────────────────────╯
  [Memory]  Map (2/2): [██]
🚀 APPLYING AXIOM IN SANDBOX: SPAWN_EXTRAPOLATE_TL_BR_2 (Tier: 6)
🚀 APPLYING AXIOM IN SANDBOX: SPAWN_EXTRAPOLATE_TL_BR_2 (Tier: 6)
[Depth 2] Axioms: ["ROOT_START", "INTERSECTION_FILL_2", "SPAWN_EXTRAPOLATE_TL_BR_2"] | Pragmatic: 62.00 | Epistemic: 0.52 | Prob: 1.0000 | Dim: 9x9
  ╭──────────────────────────────────────────────────────────────╮
  │  MCTS NODE [0] — Rank 1/2 │ Depth 2                       │
  ├──────────────────────────────────────────────────────────────┤
  │  P(dist): ━━━━━━━━━━━━━━━━━━━━━━━━━━━━━━ ●=1.000 μ=0.900 range[0.800, 1.000]   │
  │  Threshold: 0.050 ✓ SURVIVES                                │
  │  Energy Components:                                          │
  │    Pragmatic (E):    62.000  │  Goal-seeking error             │
  │    Epistemic (I):     0.525  │  Information gain               │
  │    Complexity (C):    0.000  │  Model complexity               │
  │    ───────────────────────────────────────────────────────── │
  │    Total Free Energy:  61.475  │  G = E - I + C                  │
  ├──────────────────────────────────────────────────────────────┤
  │  Status: ⏸️  PENDING (queued for evaluation)                   │
  ╰──────────────────────────────────────────────────────────────╯
  [Memory]  Map (2/2): [██]
🚀 APPLYING AXIOM IN SANDBOX: SPAWN_EXTRAPOLATE_TL_BR_2 (Tier: 6)
🚀 APPLYING AXIOM IN SANDBOX: SPAWN_EXTRAPOLATE_TL_BR_2 (Tier: 6)
[Depth 1] Axioms: ["ROOT_START", "SPAWN_EXTRAPOLATE_TL_BR_2"] | Pragmatic: 60.00 | Epistemic: 0.00 | Prob: 1.0000 | Dim: 9x9
  ╭──────────────────────────────────────────────────────────────╮
  │  MCTS NODE [0] — Rank 1/2 │ Depth 1                       │
  ├──────────────────────────────────────────────────────────────┤
  │  P(dist): ━━━━━━━━━━━━━━━━━━━━━━━━━━━━━━ ●=1.000 μ=0.900 range[0.800, 1.000]   │
  │  Threshold: 0.050 ✓ SURVIVES                                │
  │  Energy Components:                                          │
  │    Pragmatic (E):    60.000  │  Goal-seeking error             │
  │    Epistemic (I):     0.000  │  Information gain               │
  │    Complexity (C):    0.000  │  Model complexity               │
  │    ───────────────────────────────────────────────────────── │
  │    Total Free Energy:  60.000  │  G = E - I + C                  │
  ├──────────────────────────────────────────────────────────────┤
  │  Status: 🌿 EXPANDING (exploring policies...)                   │
  ╰──────────────────────────────────────────────────────────────╯
  [Memory]  Map (2/2): [██]
🚀 APPLYING AXIOM IN SANDBOX: SPAWN_EXTRAPOLATE_TR_BL_2 (Tier: 6)
🚀 APPLYING AXIOM IN SANDBOX: SPAWN_EXTRAPOLATE_TR_BL_2 (Tier: 6)
[Depth 2] Axioms: ["ROOT_START", "SPAWN_EXTRAPOLATE_TL_BR_2", "SPAWN_EXTRAPOLATE_TR_BL_2"] | Pragmatic: 60.00 | Epistemic: 0.00 | Prob: 1.0000 | Dim: 9x9
  ╭──────────────────────────────────────────────────────────────╮
  │  MCTS NODE [0] — Rank 1/2 │ Depth 2                       │
  ├──────────────────────────────────────────────────────────────┤
  │  P(dist): ━━━━━━━━━━━━━━━━━━━━━━━━━━━━━━ ●=1.000 μ=0.900 range[0.800, 1.000]   │
  │  Threshold: 0.050 ✓ SURVIVES                                │
  │  Energy Components:                                          │
  │    Pragmatic (E):    60.000  │  Goal-seeking error             │
  │    Epistemic (I):     0.000  │  Information gain               │
  │    Complexity (C):    0.000  │  Model complexity               │
  │    ───────────────────────────────────────────────────────── │
  │    Total Free Energy:  60.000  │  G = E - I + C                  │
  ├──────────────────────────────────────────────────────────────┤
  │  Status: ⏸️  PENDING (queued for evaluation)                   │
  ╰──────────────────────────────────────────────────────────────╯
  [Memory]  Map (2/2): [██]
🚀 APPLYING AXIOM IN SANDBOX: INTERSECTION_FILL_2 (Tier: 6)
🚀 APPLYING AXIOM IN SANDBOX: INTERSECTION_FILL_2 (Tier: 6)
[Depth 2] Axioms: ["ROOT_START", "SPAWN_EXTRAPOLATE_TL_BR_2", "INTERSECTION_FILL_2"] | Pragmatic: 72.00 | Epistemic: 0.52 | Prob: 1.0000 | Dim: 9x9
  ╭──────────────────────────────────────────────────────────────╮
  │  MCTS NODE [0] — Rank 1/2 │ Depth 2                       │
  ├──────────────────────────────────────────────────────────────┤
  │  P(dist): ━━━━━━━━━━━━━━━━━━━━━━━━━━━━━━ ●=1.000 μ=0.900 range[0.800, 1.000]   │
  │  Threshold: 0.050 ✓ SURVIVES                                │
  │  Energy Components:                                          │
  │    Pragmatic (E):    72.000  │  Goal-seeking error             │
  │    Epistemic (I):     0.525  │  Information gain               │
  │    Complexity (C):    0.000  │  Model complexity               │
  │    ───────────────────────────────────────────────────────── │
  │    Total Free Energy:  71.475  │  G = E - I + C                  │
  ├──────────────────────────────────────────────────────────────┤
  │  Status: ⏸️  PENDING (queued for evaluation)                   │
  ╰──────────────────────────────────────────────────────────────╯
  [Memory]  Map (2/2): [██]
   🔍 Search Attempt 3: Exploring top 10 advanced axioms...
🚀 APPLYING AXIOM IN SANDBOX: SPAWN_EXTRAPOLATE_TL_BR_2 (Tier: 6)
🚀 APPLYING AXIOM IN SANDBOX: SPAWN_EXTRAPOLATE_TL_BR_2 (Tier: 6)
🚀 APPLYING AXIOM IN SANDBOX: SPAWN_EXTRAPOLATE_TL_BR_2 (Tier: 6)
🚀 APPLYING AXIOM IN SANDBOX: SPAWN_EXTRAPOLATE_TL_BR_2 (Tier: 6)
🚀 APPLYING AXIOM IN SANDBOX: INTERSECTION_FILL_2 (Tier: 6)
🚀 APPLYING AXIOM IN SANDBOX: INTERSECTION_FILL_2 (Tier: 6)
🚀 APPLYING AXIOM IN SANDBOX: INTERSECTION_FILL_2 (Tier: 6)
🚀 APPLYING AXIOM IN SANDBOX: INTERSECTION_FILL_2 (Tier: 6)
🚀 APPLYING AXIOM IN SANDBOX: SPAWN_EXTRAPOLATE_TR_BL_2 (Tier: 6)
🚀 APPLYING AXIOM IN SANDBOX: SPAWN_EXTRAPOLATE_TR_BL_2 (Tier: 6)
🚀 APPLYING AXIOM IN SANDBOX: SPAWN_EXTRAPOLATE_TR_BL_2 (Tier: 6)
🚀 APPLYING AXIOM IN SANDBOX: SPAWN_EXTRAPOLATE_TR_BL_2 (Tier: 6)
🚀 APPLYING AXIOM IN SANDBOX: SPAWN_EXTRAPOLATE_ORTHOGONAL_2 (Tier: 6)
🚀 APPLYING AXIOM IN SANDBOX: SPAWN_EXTRAPOLATE_ORTHOGONAL_2 (Tier: 6)
🚀 APPLYING AXIOM IN SANDBOX: SPAWN_EXTRAPOLATE_ORTHOGONAL_2 (Tier: 6)
🚀 APPLYING AXIOM IN SANDBOX: SPAWN_EXTRAPOLATE_ORTHOGONAL_2 (Tier: 6)
🚀 APPLYING AXIOM IN SANDBOX: SPAWN_EXTRAPOLATE_TL_BR_2 (Tier: 6)
🚀 APPLYING AXIOM IN SANDBOX: SPAWN_EXTRAPOLATE_TL_BR_2 (Tier: 6)
🚀 APPLYING AXIOM IN SANDBOX: SPAWN_EXTRAPOLATE_TL_BR_2 (Tier: 6)
🚀 APPLYING AXIOM IN SANDBOX: SPAWN_EXTRAPOLATE_TL_BR_2 (Tier: 6)
🚀 APPLYING AXIOM IN SANDBOX: INTERSECTION_FILL_2 (Tier: 6)
🚀 APPLYING AXIOM IN SANDBOX: INTERSECTION_FILL_2 (Tier: 6)
🚀 APPLYING AXIOM IN SANDBOX: INTERSECTION_FILL_2 (Tier: 6)
🚀 APPLYING AXIOM IN SANDBOX: INTERSECTION_FILL_2 (Tier: 6)
🚀 APPLYING AXIOM IN SANDBOX: SPAWN_EXTRAPOLATE_TR_BL_2 (Tier: 6)
🚀 APPLYING AXIOM IN SANDBOX: SPAWN_EXTRAPOLATE_TR_BL_2 (Tier: 6)
🚀 APPLYING AXIOM IN SANDBOX: SPAWN_EXTRAPOLATE_TR_BL_2 (Tier: 6)
🚀 APPLYING AXIOM IN SANDBOX: SPAWN_EXTRAPOLATE_TR_BL_2 (Tier: 6)
🚀 APPLYING AXIOM IN SANDBOX: SPAWN_EXTRAPOLATE_ORTHOGONAL_2 (Tier: 6)
🚀 APPLYING AXIOM IN SANDBOX: SPAWN_EXTRAPOLATE_ORTHOGONAL_2 (Tier: 6)
🚀 APPLYING AXIOM IN SANDBOX: SPAWN_EXTRAPOLATE_ORTHOGONAL_2 (Tier: 6)
🚀 APPLYING AXIOM IN SANDBOX: SPAWN_EXTRAPOLATE_ORTHOGONAL_2 (Tier: 6)
   ⚡ Memulai MCTS dari ROOT ZERO-POINT dengan 4 amunisi unik...
🚀 APPLYING AXIOM IN SANDBOX: ROOT_START (Tier: 0)
🚀 APPLYING AXIOM IN SANDBOX: ROOT_START (Tier: 0)
[Depth 0] Axioms: ["ROOT_START"] | Pragmatic: -1000.00 | Epistemic: 0.00 | Prob: 0.9900 | Dim: 9x9
  ╭──────────────────────────────────────────────────────────────╮
  │  MCTS NODE [0] — Rank 1/2 │ Depth 0                       │
  ├──────────────────────────────────────────────────────────────┤
  │  P(dist): ━━━━━━━━━━━━━━━━━━━━━━━━━━━━━━ ●=0.990 μ=0.895 range[0.800, 0.990]   │
  │  Threshold: 0.050 ✓ SURVIVES                                │
  │  Energy Components:                                          │
  │    Pragmatic (E):  -1000.000  │  Goal-seeking error             │
  │    Epistemic (I):     0.000  │  Information gain               │
  │    Complexity (C):    0.000  │  Model complexity               │
  │    ───────────────────────────────────────────────────────── │
  │    Total Free Energy: -1000.000  │  G = E - I + C                  │
  ├──────────────────────────────────────────────────────────────┤
  │  Status: 🌿 EXPANDING (exploring policies...)                   │
  ╰──────────────────────────────────────────────────────────────╯
  [Memory]  Map (2/2): [██]
🚀 APPLYING AXIOM IN SANDBOX: SPAWN_EXTRAPOLATE_ORTHOGONAL_2 (Tier: 6)
🚀 APPLYING AXIOM IN SANDBOX: SPAWN_EXTRAPOLATE_ORTHOGONAL_2 (Tier: 6)
[Depth 1] Axioms: ["ROOT_START", "SPAWN_EXTRAPOLATE_ORTHOGONAL_2"] | Pragmatic: 60.00 | Epistemic: 0.00 | Prob: 1.0000 | Dim: 9x9
  ╭──────────────────────────────────────────────────────────────╮
  │  MCTS NODE [0] — Rank 1/2 │ Depth 1                       │
  ├──────────────────────────────────────────────────────────────┤
  │  P(dist): ━━━━━━━━━━━━━━━━━━━━━━━━━━━━━━ ●=1.000 μ=0.900 range[0.800, 1.000]   │
  │  Threshold: 0.050 ✓ SURVIVES                                │
  │  Energy Components:                                          │
  │    Pragmatic (E):    60.000  │  Goal-seeking error             │
  │    Epistemic (I):     0.000  │  Information gain               │
  │    Complexity (C):    0.000  │  Model complexity               │
  │    ───────────────────────────────────────────────────────── │
  │    Total Free Energy:  60.000  │  G = E - I + C                  │
  ├──────────────────────────────────────────────────────────────┤
  │  Status: 🌿 EXPANDING (exploring policies...)                   │
  ╰──────────────────────────────────────────────────────────────╯
  [Memory]  Map (2/2): [██]
🚀 APPLYING AXIOM IN SANDBOX: INTERSECTION_FILL_2 (Tier: 6)
🚀 APPLYING AXIOM IN SANDBOX: INTERSECTION_FILL_2 (Tier: 6)
[Depth 2] Axioms: ["ROOT_START", "SPAWN_EXTRAPOLATE_ORTHOGONAL_2", "INTERSECTION_FILL_2"] | Pragmatic: 72.00 | Epistemic: 0.52 | Prob: 1.0000 | Dim: 9x9
  ╭──────────────────────────────────────────────────────────────╮
  │  MCTS NODE [0] — Rank 1/2 │ Depth 2                       │
  ├──────────────────────────────────────────────────────────────┤
  │  P(dist): ━━━━━━━━━━━━━━━━━━━━━━━━━━━━━━ ●=1.000 μ=0.900 range[0.800, 1.000]   │
  │  Threshold: 0.050 ✓ SURVIVES                                │
  │  Energy Components:                                          │
  │    Pragmatic (E):    72.000  │  Goal-seeking error             │
  │    Epistemic (I):     0.525  │  Information gain               │
  │    Complexity (C):    0.000  │  Model complexity               │
  │    ───────────────────────────────────────────────────────── │
  │    Total Free Energy:  71.475  │  G = E - I + C                  │
  ├──────────────────────────────────────────────────────────────┤
  │  Status: ⏸️  PENDING (queued for evaluation)                   │
  ╰──────────────────────────────────────────────────────────────╯
  [Memory]  Map (2/2): [██]
🚀 APPLYING AXIOM IN SANDBOX: SPAWN_EXTRAPOLATE_TL_BR_2 (Tier: 6)
🚀 APPLYING AXIOM IN SANDBOX: SPAWN_EXTRAPOLATE_TL_BR_2 (Tier: 6)
[Depth 2] Axioms: ["ROOT_START", "SPAWN_EXTRAPOLATE_ORTHOGONAL_2", "SPAWN_EXTRAPOLATE_TL_BR_2"] | Pragmatic: 60.00 | Epistemic: 0.00 | Prob: 1.0000 | Dim: 9x9
  ╭──────────────────────────────────────────────────────────────╮
  │  MCTS NODE [0] — Rank 1/2 │ Depth 2                       │
  ├──────────────────────────────────────────────────────────────┤
  │  P(dist): ━━━━━━━━━━━━━━━━━━━━━━━━━━━━━━ ●=1.000 μ=0.900 range[0.800, 1.000]   │
  │  Threshold: 0.050 ✓ SURVIVES                                │
  │  Energy Components:                                          │
  │    Pragmatic (E):    60.000  │  Goal-seeking error             │
  │    Epistemic (I):     0.000  │  Information gain               │
  │    Complexity (C):    0.000  │  Model complexity               │
  │    ───────────────────────────────────────────────────────── │
  │    Total Free Energy:  60.000  │  G = E - I + C                  │
  ├──────────────────────────────────────────────────────────────┤
  │  Status: ⏸️  PENDING (queued for evaluation)                   │
  ╰──────────────────────────────────────────────────────────────╯
  [Memory]  Map (2/2): [██]
🚀 APPLYING AXIOM IN SANDBOX: SPAWN_EXTRAPOLATE_TR_BL_2 (Tier: 6)
🚀 APPLYING AXIOM IN SANDBOX: SPAWN_EXTRAPOLATE_TR_BL_2 (Tier: 6)
[Depth 1] Axioms: ["ROOT_START", "SPAWN_EXTRAPOLATE_TR_BL_2"] | Pragmatic: 60.00 | Epistemic: 0.00 | Prob: 1.0000 | Dim: 9x9
  ╭──────────────────────────────────────────────────────────────╮
  │  MCTS NODE [0] — Rank 1/2 │ Depth 1                       │
  ├──────────────────────────────────────────────────────────────┤
  │  P(dist): ━━━━━━━━━━━━━━━━━━━━━━━━━━━━━━ ●=1.000 μ=0.900 range[0.800, 1.000]   │
  │  Threshold: 0.050 ✓ SURVIVES                                │
  │  Energy Components:                                          │
  │    Pragmatic (E):    60.000  │  Goal-seeking error             │
  │    Epistemic (I):     0.000  │  Information gain               │
  │    Complexity (C):    0.000  │  Model complexity               │
  │    ───────────────────────────────────────────────────────── │
  │    Total Free Energy:  60.000  │  G = E - I + C                  │
  ├──────────────────────────────────────────────────────────────┤
  │  Status: 🌿 EXPANDING (exploring policies...)                   │
  ╰──────────────────────────────────────────────────────────────╯
  [Memory]  Map (2/2): [██]
🚀 APPLYING AXIOM IN SANDBOX: INTERSECTION_FILL_2 (Tier: 6)
🚀 APPLYING AXIOM IN SANDBOX: INTERSECTION_FILL_2 (Tier: 6)
[Depth 2] Axioms: ["ROOT_START", "SPAWN_EXTRAPOLATE_TR_BL_2", "INTERSECTION_FILL_2"] | Pragmatic: 72.00 | Epistemic: 0.52 | Prob: 1.0000 | Dim: 9x9
  ╭──────────────────────────────────────────────────────────────╮
  │  MCTS NODE [0] — Rank 1/2 │ Depth 2                       │
  ├──────────────────────────────────────────────────────────────┤
  │  P(dist): ━━━━━━━━━━━━━━━━━━━━━━━━━━━━━━ ●=1.000 μ=0.900 range[0.800, 1.000]   │
  │  Threshold: 0.050 ✓ SURVIVES                                │
  │  Energy Components:                                          │
  │    Pragmatic (E):    72.000  │  Goal-seeking error             │
  │    Epistemic (I):     0.525  │  Information gain               │
  │    Complexity (C):    0.000  │  Model complexity               │
  │    ───────────────────────────────────────────────────────── │
  │    Total Free Energy:  71.475  │  G = E - I + C                  │
  ├──────────────────────────────────────────────────────────────┤
  │  Status: ⏸️  PENDING (queued for evaluation)                   │
  ╰──────────────────────────────────────────────────────────────╯
  [Memory]  Map (2/2): [██]
🚀 APPLYING AXIOM IN SANDBOX: SPAWN_EXTRAPOLATE_TL_BR_2 (Tier: 6)
🚀 APPLYING AXIOM IN SANDBOX: SPAWN_EXTRAPOLATE_TL_BR_2 (Tier: 6)
[Depth 2] Axioms: ["ROOT_START", "SPAWN_EXTRAPOLATE_TR_BL_2", "SPAWN_EXTRAPOLATE_TL_BR_2"] | Pragmatic: 60.00 | Epistemic: 0.00 | Prob: 1.0000 | Dim: 9x9
  ╭──────────────────────────────────────────────────────────────╮
  │  MCTS NODE [0] — Rank 1/2 │ Depth 2                       │
  ├──────────────────────────────────────────────────────────────┤
  │  P(dist): ━━━━━━━━━━━━━━━━━━━━━━━━━━━━━━ ●=1.000 μ=0.900 range[0.800, 1.000]   │
  │  Threshold: 0.050 ✓ SURVIVES                                │
  │  Energy Components:                                          │
  │    Pragmatic (E):    60.000  │  Goal-seeking error             │
  │    Epistemic (I):     0.000  │  Information gain               │
  │    Complexity (C):    0.000  │  Model complexity               │
  │    ───────────────────────────────────────────────────────── │
  │    Total Free Energy:  60.000  │  G = E - I + C                  │
  ├──────────────────────────────────────────────────────────────┤
  │  Status: ⏸️  PENDING (queued for evaluation)                   │
  ╰──────────────────────────────────────────────────────────────╯
  [Memory]  Map (2/2): [██]
🚀 APPLYING AXIOM IN SANDBOX: INTERSECTION_FILL_2 (Tier: 6)
🚀 APPLYING AXIOM IN SANDBOX: INTERSECTION_FILL_2 (Tier: 6)
[Depth 1] Axioms: ["ROOT_START", "INTERSECTION_FILL_2"] | Pragmatic: 72.00 | Epistemic: 0.52 | Prob: 1.0000 | Dim: 9x9
  ╭──────────────────────────────────────────────────────────────╮
  │  MCTS NODE [0] — Rank 1/2 │ Depth 1                       │
  ├──────────────────────────────────────────────────────────────┤
  │  P(dist): ━━━━━━━━━━━━━━━━━━━━━━━━━━━━━━ ●=1.000 μ=0.900 range[0.800, 1.000]   │
  │  Threshold: 0.050 ✓ SURVIVES                                │
  │  Energy Components:                                          │
  │    Pragmatic (E):    72.000  │  Goal-seeking error             │
  │    Epistemic (I):     0.525  │  Information gain               │
  │    Complexity (C):    0.000  │  Model complexity               │
  │    ───────────────────────────────────────────────────────── │
  │    Total Free Energy:  71.475  │  G = E - I + C                  │
  ├──────────────────────────────────────────────────────────────┤
  │  Status: 🌿 EXPANDING (exploring policies...)                   │
  ╰──────────────────────────────────────────────────────────────╯
  [Memory]  Map (2/2): [██]
🚀 APPLYING AXIOM IN SANDBOX: SPAWN_EXTRAPOLATE_TR_BL_2 (Tier: 6)
🚀 APPLYING AXIOM IN SANDBOX: SPAWN_EXTRAPOLATE_TR_BL_2 (Tier: 6)
[Depth 2] Axioms: ["ROOT_START", "INTERSECTION_FILL_2", "SPAWN_EXTRAPOLATE_TR_BL_2"] | Pragmatic: 62.00 | Epistemic: 0.52 | Prob: 1.0000 | Dim: 9x9
  ╭──────────────────────────────────────────────────────────────╮
  │  MCTS NODE [0] — Rank 1/2 │ Depth 2                       │
  ├──────────────────────────────────────────────────────────────┤
  │  P(dist): ━━━━━━━━━━━━━━━━━━━━━━━━━━━━━━ ●=1.000 μ=0.900 range[0.800, 1.000]   │
  │  Threshold: 0.050 ✓ SURVIVES                                │
  │  Energy Components:                                          │
  │    Pragmatic (E):    62.000  │  Goal-seeking error             │
  │    Epistemic (I):     0.525  │  Information gain               │
  │    Complexity (C):    0.000  │  Model complexity               │
  │    ───────────────────────────────────────────────────────── │
  │    Total Free Energy:  61.475  │  G = E - I + C                  │
  ├──────────────────────────────────────────────────────────────┤
  │  Status: ⏸️  PENDING (queued for evaluation)                   │
  ╰──────────────────────────────────────────────────────────────╯
  [Memory]  Map (2/2): [██]
🚀 APPLYING AXIOM IN SANDBOX: SPAWN_EXTRAPOLATE_TL_BR_2 (Tier: 6)
🚀 APPLYING AXIOM IN SANDBOX: SPAWN_EXTRAPOLATE_TL_BR_2 (Tier: 6)
[Depth 2] Axioms: ["ROOT_START", "INTERSECTION_FILL_2", "SPAWN_EXTRAPOLATE_TL_BR_2"] | Pragmatic: 62.00 | Epistemic: 0.52 | Prob: 1.0000 | Dim: 9x9
  ╭──────────────────────────────────────────────────────────────╮
  │  MCTS NODE [0] — Rank 1/2 │ Depth 2                       │
  ├──────────────────────────────────────────────────────────────┤
  │  P(dist): ━━━━━━━━━━━━━━━━━━━━━━━━━━━━━━ ●=1.000 μ=0.900 range[0.800, 1.000]   │
  │  Threshold: 0.050 ✓ SURVIVES                                │
  │  Energy Components:                                          │
  │    Pragmatic (E):    62.000  │  Goal-seeking error             │
  │    Epistemic (I):     0.525  │  Information gain               │
  │    Complexity (C):    0.000  │  Model complexity               │
  │    ───────────────────────────────────────────────────────── │
  │    Total Free Energy:  61.475  │  G = E - I + C                  │
  ├──────────────────────────────────────────────────────────────┤
  │  Status: ⏸️  PENDING (queued for evaluation)                   │
  ╰──────────────────────────────────────────────────────────────╯
  [Memory]  Map (2/2): [██]
🚀 APPLYING AXIOM IN SANDBOX: SPAWN_EXTRAPOLATE_TL_BR_2 (Tier: 6)
🚀 APPLYING AXIOM IN SANDBOX: SPAWN_EXTRAPOLATE_TL_BR_2 (Tier: 6)
[Depth 1] Axioms: ["ROOT_START", "SPAWN_EXTRAPOLATE_TL_BR_2"] | Pragmatic: 60.00 | Epistemic: 0.00 | Prob: 1.0000 | Dim: 9x9
  ╭──────────────────────────────────────────────────────────────╮
  │  MCTS NODE [0] — Rank 1/2 │ Depth 1                       │
  ├──────────────────────────────────────────────────────────────┤
  │  P(dist): ━━━━━━━━━━━━━━━━━━━━━━━━━━━━━━ ●=1.000 μ=0.900 range[0.800, 1.000]   │
  │  Threshold: 0.050 ✓ SURVIVES                                │
  │  Energy Components:                                          │
  │    Pragmatic (E):    60.000  │  Goal-seeking error             │
  │    Epistemic (I):     0.000  │  Information gain               │
  │    Complexity (C):    0.000  │  Model complexity               │
  │    ───────────────────────────────────────────────────────── │
  │    Total Free Energy:  60.000  │  G = E - I + C                  │
  ├──────────────────────────────────────────────────────────────┤
  │  Status: 🌿 EXPANDING (exploring policies...)                   │
  ╰──────────────────────────────────────────────────────────────╯
  [Memory]  Map (2/2): [██]
🚀 APPLYING AXIOM IN SANDBOX: SPAWN_EXTRAPOLATE_TR_BL_2 (Tier: 6)
🚀 APPLYING AXIOM IN SANDBOX: SPAWN_EXTRAPOLATE_TR_BL_2 (Tier: 6)
[Depth 2] Axioms: ["ROOT_START", "SPAWN_EXTRAPOLATE_TL_BR_2", "SPAWN_EXTRAPOLATE_TR_BL_2"] | Pragmatic: 60.00 | Epistemic: 0.00 | Prob: 1.0000 | Dim: 9x9
  ╭──────────────────────────────────────────────────────────────╮
  │  MCTS NODE [0] — Rank 1/2 │ Depth 2                       │
  ├──────────────────────────────────────────────────────────────┤
  │  P(dist): ━━━━━━━━━━━━━━━━━━━━━━━━━━━━━━ ●=1.000 μ=0.900 range[0.800, 1.000]   │
  │  Threshold: 0.050 ✓ SURVIVES                                │
  │  Energy Components:                                          │
  │    Pragmatic (E):    60.000  │  Goal-seeking error             │
  │    Epistemic (I):     0.000  │  Information gain               │
  │    Complexity (C):    0.000  │  Model complexity               │
  │    ───────────────────────────────────────────────────────── │
  │    Total Free Energy:  60.000  │  G = E - I + C                  │
  ├──────────────────────────────────────────────────────────────┤
  │  Status: ⏸️  PENDING (queued for evaluation)                   │
  ╰──────────────────────────────────────────────────────────────╯
  [Memory]  Map (2/2): [██]
🚀 APPLYING AXIOM IN SANDBOX: INTERSECTION_FILL_2 (Tier: 6)
🚀 APPLYING AXIOM IN SANDBOX: INTERSECTION_FILL_2 (Tier: 6)
[Depth 2] Axioms: ["ROOT_START", "SPAWN_EXTRAPOLATE_TL_BR_2", "INTERSECTION_FILL_2"] | Pragmatic: 72.00 | Epistemic: 0.52 | Prob: 1.0000 | Dim: 9x9
  ╭──────────────────────────────────────────────────────────────╮
  │  MCTS NODE [0] — Rank 1/2 │ Depth 2                       │
  ├──────────────────────────────────────────────────────────────┤
  │  P(dist): ━━━━━━━━━━━━━━━━━━━━━━━━━━━━━━ ●=1.000 μ=0.900 range[0.800, 1.000]   │
  │  Threshold: 0.050 ✓ SURVIVES                                │
  │  Energy Components:                                          │
  │    Pragmatic (E):    72.000  │  Goal-seeking error             │
  │    Epistemic (I):     0.525  │  Information gain               │
  │    Complexity (C):    0.000  │  Model complexity               │
  │    ───────────────────────────────────────────────────────── │
  │    Total Free Energy:  71.475  │  G = E - I + C                  │
  ├──────────────────────────────────────────────────────────────┤
  │  Status: ⏸️  PENDING (queued for evaluation)                   │
  ╰──────────────────────────────────────────────────────────────╯
  [Memory]  Map (2/2): [██]
🧠 [Metakognisi] Bottleneck::FalseSharing - Amnesia Singkat (Cache Miss) Terdeteksi!
   📝 MENULIS LOG ARCHITECTURE KE SISTEM: Iterasi iterasi EntityManifold lambat rata-rata 362551 ns per entitas. Kecepatan ini 3x lipat dari limit AVX2.
🧠 [Metakognisi] Bottleneck::LocalOptimum - MCTS mentok.
   -> Beralih ke ADVANCED PASS (Iterative Deepening MCTS / Grover)...
   🔍 Search Attempt 1: Exploring top 2 advanced axioms...
🚀 APPLYING AXIOM IN SANDBOX: SPAWN_EXTRAPOLATE_TL_BR_2 (Tier: 6)
🚀 APPLYING AXIOM IN SANDBOX: SPAWN_EXTRAPOLATE_TL_BR_2 (Tier: 6)
🚀 APPLYING AXIOM IN SANDBOX: SPAWN_EXTRAPOLATE_TL_BR_2 (Tier: 6)
🚀 APPLYING AXIOM IN SANDBOX: SPAWN_EXTRAPOLATE_TL_BR_2 (Tier: 6)
🚀 APPLYING AXIOM IN SANDBOX: SPAWN_EXTRAPOLATE_TL_BR_2 (Tier: 6)
🚀 APPLYING AXIOM IN SANDBOX: SPAWN_EXTRAPOLATE_TL_BR_2 (Tier: 6)
🚀 APPLYING AXIOM IN SANDBOX: SPAWN_EXTRAPOLATE_TL_BR_2 (Tier: 6)
🚀 APPLYING AXIOM IN SANDBOX: SPAWN_EXTRAPOLATE_TL_BR_2 (Tier: 6)
   ⚡ Memulai MCTS dari ROOT ZERO-POINT dengan 4 amunisi unik...
🚀 APPLYING AXIOM IN SANDBOX: ROOT_START (Tier: 0)
🚀 APPLYING AXIOM IN SANDBOX: ROOT_START (Tier: 0)
[Depth 0] Axioms: ["ROOT_START"] | Pragmatic: -1000.00 | Epistemic: 0.00 | Prob: 0.9900 | Dim: 9x9
  ╭──────────────────────────────────────────────────────────────╮
  │  MCTS NODE [0] — Rank 1/2 │ Depth 0                       │
  ├──────────────────────────────────────────────────────────────┤
  │  P(dist): ━━━━━━━━━━━━━━━━━━━━━━━━━━━━━━ ●=0.990 μ=0.895 range[0.800, 0.990]   │
  │  Threshold: 0.050 ✓ SURVIVES                                │
  │  Energy Components:                                          │
  │    Pragmatic (E):  -1000.000  │  Goal-seeking error             │
  │    Epistemic (I):     0.000  │  Information gain               │
  │    Complexity (C):    0.000  │  Model complexity               │
  │    ───────────────────────────────────────────────────────── │
  │    Total Free Energy: -1000.000  │  G = E - I + C                  │
  ├──────────────────────────────────────────────────────────────┤
  │  Status: 🌿 EXPANDING (exploring policies...)                   │
  ╰──────────────────────────────────────────────────────────────╯
  [Memory]  Map (2/2): [██]
🚀 APPLYING AXIOM IN SANDBOX: SPAWN_EXTRAPOLATE_ORTHOGONAL_2 (Tier: 6)
🚀 APPLYING AXIOM IN SANDBOX: SPAWN_EXTRAPOLATE_ORTHOGONAL_2 (Tier: 6)
[Depth 1] Axioms: ["ROOT_START", "SPAWN_EXTRAPOLATE_ORTHOGONAL_2"] | Pragmatic: 60.00 | Epistemic: 0.00 | Prob: 1.0000 | Dim: 9x9
  ╭──────────────────────────────────────────────────────────────╮
  │  MCTS NODE [0] — Rank 1/2 │ Depth 1                       │
  ├──────────────────────────────────────────────────────────────┤
  │  P(dist): ━━━━━━━━━━━━━━━━━━━━━━━━━━━━━━ ●=1.000 μ=0.900 range[0.800, 1.000]   │
  │  Threshold: 0.050 ✓ SURVIVES                                │
  │  Energy Components:                                          │
  │    Pragmatic (E):    60.000  │  Goal-seeking error             │
  │    Epistemic (I):     0.000  │  Information gain               │
  │    Complexity (C):    0.000  │  Model complexity               │
  │    ───────────────────────────────────────────────────────── │
  │    Total Free Energy:  60.000  │  G = E - I + C                  │
  ├──────────────────────────────────────────────────────────────┤
  │  Status: 🌿 EXPANDING (exploring policies...)                   │
  ╰──────────────────────────────────────────────────────────────╯
  [Memory]  Map (2/2): [██]
🚀 APPLYING AXIOM IN SANDBOX: INTERSECTION_FILL_2 (Tier: 6)
🚀 APPLYING AXIOM IN SANDBOX: INTERSECTION_FILL_2 (Tier: 6)
[Depth 2] Axioms: ["ROOT_START", "SPAWN_EXTRAPOLATE_ORTHOGONAL_2", "INTERSECTION_FILL_2"] | Pragmatic: 72.00 | Epistemic: 0.52 | Prob: 1.0000 | Dim: 9x9
  ╭──────────────────────────────────────────────────────────────╮
  │  MCTS NODE [0] — Rank 1/2 │ Depth 2                       │
  ├──────────────────────────────────────────────────────────────┤
  │  P(dist): ━━━━━━━━━━━━━━━━━━━━━━━━━━━━━━ ●=1.000 μ=0.900 range[0.800, 1.000]   │
  │  Threshold: 0.050 ✓ SURVIVES                                │
  │  Energy Components:                                          │
  │    Pragmatic (E):    72.000  │  Goal-seeking error             │
  │    Epistemic (I):     0.525  │  Information gain               │
  │    Complexity (C):    0.000  │  Model complexity               │
  │    ───────────────────────────────────────────────────────── │
  │    Total Free Energy:  71.475  │  G = E - I + C                  │
  ├──────────────────────────────────────────────────────────────┤
  │  Status: ⏸️  PENDING (queued for evaluation)                   │
  ╰──────────────────────────────────────────────────────────────╯
  [Memory]  Map (2/2): [██]
🚀 APPLYING AXIOM IN SANDBOX: SPAWN_EXTRAPOLATE_TL_BR_2 (Tier: 6)
🚀 APPLYING AXIOM IN SANDBOX: SPAWN_EXTRAPOLATE_TL_BR_2 (Tier: 6)
[Depth 2] Axioms: ["ROOT_START", "SPAWN_EXTRAPOLATE_ORTHOGONAL_2", "SPAWN_EXTRAPOLATE_TL_BR_2"] | Pragmatic: 60.00 | Epistemic: 0.00 | Prob: 1.0000 | Dim: 9x9
  ╭──────────────────────────────────────────────────────────────╮
  │  MCTS NODE [0] — Rank 1/2 │ Depth 2                       │
  ├──────────────────────────────────────────────────────────────┤
  │  P(dist): ━━━━━━━━━━━━━━━━━━━━━━━━━━━━━━ ●=1.000 μ=0.900 range[0.800, 1.000]   │
  │  Threshold: 0.050 ✓ SURVIVES                                │
  │  Energy Components:                                          │
  │    Pragmatic (E):    60.000  │  Goal-seeking error             │
  │    Epistemic (I):     0.000  │  Information gain               │
  │    Complexity (C):    0.000  │  Model complexity               │
  │    ───────────────────────────────────────────────────────── │
  │    Total Free Energy:  60.000  │  G = E - I + C                  │
  ├──────────────────────────────────────────────────────────────┤
  │  Status: ⏸️  PENDING (queued for evaluation)                   │
  ╰──────────────────────────────────────────────────────────────╯
  [Memory]  Map (2/2): [██]
🚀 APPLYING AXIOM IN SANDBOX: SPAWN_EXTRAPOLATE_TR_BL_2 (Tier: 6)
🚀 APPLYING AXIOM IN SANDBOX: SPAWN_EXTRAPOLATE_TR_BL_2 (Tier: 6)
[Depth 1] Axioms: ["ROOT_START", "SPAWN_EXTRAPOLATE_TR_BL_2"] | Pragmatic: 60.00 | Epistemic: 0.00 | Prob: 1.0000 | Dim: 9x9
  ╭──────────────────────────────────────────────────────────────╮
  │  MCTS NODE [0] — Rank 1/2 │ Depth 1                       │
  ├──────────────────────────────────────────────────────────────┤
  │  P(dist): ━━━━━━━━━━━━━━━━━━━━━━━━━━━━━━ ●=1.000 μ=0.900 range[0.800, 1.000]   │
  │  Threshold: 0.050 ✓ SURVIVES                                │
  │  Energy Components:                                          │
  │    Pragmatic (E):    60.000  │  Goal-seeking error             │
  │    Epistemic (I):     0.000  │  Information gain               │
  │    Complexity (C):    0.000  │  Model complexity               │
  │    ───────────────────────────────────────────────────────── │
  │    Total Free Energy:  60.000  │  G = E - I + C                  │
  ├──────────────────────────────────────────────────────────────┤
  │  Status: 🌿 EXPANDING (exploring policies...)                   │
  ╰──────────────────────────────────────────────────────────────╯
  [Memory]  Map (2/2): [██]
🚀 APPLYING AXIOM IN SANDBOX: INTERSECTION_FILL_2 (Tier: 6)
🚀 APPLYING AXIOM IN SANDBOX: INTERSECTION_FILL_2 (Tier: 6)
[Depth 2] Axioms: ["ROOT_START", "SPAWN_EXTRAPOLATE_TR_BL_2", "INTERSECTION_FILL_2"] | Pragmatic: 72.00 | Epistemic: 0.52 | Prob: 1.0000 | Dim: 9x9
  ╭──────────────────────────────────────────────────────────────╮
  │  MCTS NODE [0] — Rank 1/2 │ Depth 2                       │
  ├──────────────────────────────────────────────────────────────┤
  │  P(dist): ━━━━━━━━━━━━━━━━━━━━━━━━━━━━━━ ●=1.000 μ=0.900 range[0.800, 1.000]   │
  │  Threshold: 0.050 ✓ SURVIVES                                │
  │  Energy Components:                                          │
  │    Pragmatic (E):    72.000  │  Goal-seeking error             │
  │    Epistemic (I):     0.525  │  Information gain               │
  │    Complexity (C):    0.000  │  Model complexity               │
  │    ───────────────────────────────────────────────────────── │
  │    Total Free Energy:  71.475  │  G = E - I + C                  │
  ├──────────────────────────────────────────────────────────────┤
  │  Status: ⏸️  PENDING (queued for evaluation)                   │
  ╰──────────────────────────────────────────────────────────────╯
  [Memory]  Map (2/2): [██]
🚀 APPLYING AXIOM IN SANDBOX: SPAWN_EXTRAPOLATE_TL_BR_2 (Tier: 6)
🚀 APPLYING AXIOM IN SANDBOX: SPAWN_EXTRAPOLATE_TL_BR_2 (Tier: 6)
[Depth 2] Axioms: ["ROOT_START", "SPAWN_EXTRAPOLATE_TR_BL_2", "SPAWN_EXTRAPOLATE_TL_BR_2"] | Pragmatic: 60.00 | Epistemic: 0.00 | Prob: 1.0000 | Dim: 9x9
  ╭──────────────────────────────────────────────────────────────╮
  │  MCTS NODE [0] — Rank 1/2 │ Depth 2                       │
  ├──────────────────────────────────────────────────────────────┤
  │  P(dist): ━━━━━━━━━━━━━━━━━━━━━━━━━━━━━━ ●=1.000 μ=0.900 range[0.800, 1.000]   │
  │  Threshold: 0.050 ✓ SURVIVES                                │
  │  Energy Components:                                          │
  │    Pragmatic (E):    60.000  │  Goal-seeking error             │
  │    Epistemic (I):     0.000  │  Information gain               │
  │    Complexity (C):    0.000  │  Model complexity               │
  │    ───────────────────────────────────────────────────────── │
  │    Total Free Energy:  60.000  │  G = E - I + C                  │
  ├──────────────────────────────────────────────────────────────┤
  │  Status: ⏸️  PENDING (queued for evaluation)                   │
  ╰──────────────────────────────────────────────────────────────╯
  [Memory]  Map (2/2): [██]
🚀 APPLYING AXIOM IN SANDBOX: INTERSECTION_FILL_2 (Tier: 6)
🚀 APPLYING AXIOM IN SANDBOX: INTERSECTION_FILL_2 (Tier: 6)
[Depth 1] Axioms: ["ROOT_START", "INTERSECTION_FILL_2"] | Pragmatic: 72.00 | Epistemic: 0.52 | Prob: 1.0000 | Dim: 9x9
  ╭──────────────────────────────────────────────────────────────╮
  │  MCTS NODE [0] — Rank 1/2 │ Depth 1                       │
  ├──────────────────────────────────────────────────────────────┤
  │  P(dist): ━━━━━━━━━━━━━━━━━━━━━━━━━━━━━━ ●=1.000 μ=0.900 range[0.800, 1.000]   │
  │  Threshold: 0.050 ✓ SURVIVES                                │
  │  Energy Components:                                          │
  │    Pragmatic (E):    72.000  │  Goal-seeking error             │
  │    Epistemic (I):     0.525  │  Information gain               │
  │    Complexity (C):    0.000  │  Model complexity               │
  │    ───────────────────────────────────────────────────────── │
  │    Total Free Energy:  71.475  │  G = E - I + C                  │
  ├──────────────────────────────────────────────────────────────┤
  │  Status: 🌿 EXPANDING (exploring policies...)                   │
  ╰──────────────────────────────────────────────────────────────╯
  [Memory]  Map (2/2): [██]
🚀 APPLYING AXIOM IN SANDBOX: SPAWN_EXTRAPOLATE_TR_BL_2 (Tier: 6)
🚀 APPLYING AXIOM IN SANDBOX: SPAWN_EXTRAPOLATE_TR_BL_2 (Tier: 6)
[Depth 2] Axioms: ["ROOT_START", "INTERSECTION_FILL_2", "SPAWN_EXTRAPOLATE_TR_BL_2"] | Pragmatic: 62.00 | Epistemic: 0.52 | Prob: 1.0000 | Dim: 9x9
  ╭──────────────────────────────────────────────────────────────╮
  │  MCTS NODE [0] — Rank 1/2 │ Depth 2                       │
  ├──────────────────────────────────────────────────────────────┤
  │  P(dist): ━━━━━━━━━━━━━━━━━━━━━━━━━━━━━━ ●=1.000 μ=0.900 range[0.800, 1.000]   │
  │  Threshold: 0.050 ✓ SURVIVES                                │
  │  Energy Components:                                          │
  │    Pragmatic (E):    62.000  │  Goal-seeking error             │
  │    Epistemic (I):     0.525  │  Information gain               │
  │    Complexity (C):    0.000  │  Model complexity               │
  │    ───────────────────────────────────────────────────────── │
  │    Total Free Energy:  61.475  │  G = E - I + C                  │
  ├──────────────────────────────────────────────────────────────┤
  │  Status: ⏸️  PENDING (queued for evaluation)                   │
  ╰──────────────────────────────────────────────────────────────╯
  [Memory]  Map (2/2): [██]
🚀 APPLYING AXIOM IN SANDBOX: SPAWN_EXTRAPOLATE_TL_BR_2 (Tier: 6)
🚀 APPLYING AXIOM IN SANDBOX: SPAWN_EXTRAPOLATE_TL_BR_2 (Tier: 6)
[Depth 2] Axioms: ["ROOT_START", "INTERSECTION_FILL_2", "SPAWN_EXTRAPOLATE_TL_BR_2"] | Pragmatic: 62.00 | Epistemic: 0.52 | Prob: 1.0000 | Dim: 9x9
  ╭──────────────────────────────────────────────────────────────╮
  │  MCTS NODE [0] — Rank 1/2 │ Depth 2                       │
  ├──────────────────────────────────────────────────────────────┤
  │  P(dist): ━━━━━━━━━━━━━━━━━━━━━━━━━━━━━━ ●=1.000 μ=0.900 range[0.800, 1.000]   │
  │  Threshold: 0.050 ✓ SURVIVES                                │
  │  Energy Components:                                          │
  │    Pragmatic (E):    62.000  │  Goal-seeking error             │
  │    Epistemic (I):     0.525  │  Information gain               │
  │    Complexity (C):    0.000  │  Model complexity               │
  │    ───────────────────────────────────────────────────────── │
  │    Total Free Energy:  61.475  │  G = E - I + C                  │
  ├──────────────────────────────────────────────────────────────┤
  │  Status: ⏸️  PENDING (queued for evaluation)                   │
  ╰──────────────────────────────────────────────────────────────╯
  [Memory]  Map (2/2): [██]
🚀 APPLYING AXIOM IN SANDBOX: SPAWN_EXTRAPOLATE_TL_BR_2 (Tier: 6)
🚀 APPLYING AXIOM IN SANDBOX: SPAWN_EXTRAPOLATE_TL_BR_2 (Tier: 6)
[Depth 1] Axioms: ["ROOT_START", "SPAWN_EXTRAPOLATE_TL_BR_2"] | Pragmatic: 60.00 | Epistemic: 0.00 | Prob: 1.0000 | Dim: 9x9
  ╭──────────────────────────────────────────────────────────────╮
  │  MCTS NODE [0] — Rank 1/2 │ Depth 1                       │
  ├──────────────────────────────────────────────────────────────┤
  │  P(dist): ━━━━━━━━━━━━━━━━━━━━━━━━━━━━━━ ●=1.000 μ=0.900 range[0.800, 1.000]   │
  │  Threshold: 0.050 ✓ SURVIVES                                │
  │  Energy Components:                                          │
  │    Pragmatic (E):    60.000  │  Goal-seeking error             │
  │    Epistemic (I):     0.000  │  Information gain               │
  │    Complexity (C):    0.000  │  Model complexity               │
  │    ───────────────────────────────────────────────────────── │
  │    Total Free Energy:  60.000  │  G = E - I + C                  │
  ├──────────────────────────────────────────────────────────────┤
  │  Status: 🌿 EXPANDING (exploring policies...)                   │
  ╰──────────────────────────────────────────────────────────────╯
  [Memory]  Map (2/2): [██]
🚀 APPLYING AXIOM IN SANDBOX: SPAWN_EXTRAPOLATE_TR_BL_2 (Tier: 6)
🚀 APPLYING AXIOM IN SANDBOX: SPAWN_EXTRAPOLATE_TR_BL_2 (Tier: 6)
[Depth 2] Axioms: ["ROOT_START", "SPAWN_EXTRAPOLATE_TL_BR_2", "SPAWN_EXTRAPOLATE_TR_BL_2"] | Pragmatic: 60.00 | Epistemic: 0.00 | Prob: 1.0000 | Dim: 9x9
  ╭──────────────────────────────────────────────────────────────╮
  │  MCTS NODE [0] — Rank 1/2 │ Depth 2                       │
  ├──────────────────────────────────────────────────────────────┤
  │  P(dist): ━━━━━━━━━━━━━━━━━━━━━━━━━━━━━━ ●=1.000 μ=0.900 range[0.800, 1.000]   │
  │  Threshold: 0.050 ✓ SURVIVES                                │
  │  Energy Components:                                          │
  │    Pragmatic (E):    60.000  │  Goal-seeking error             │
  │    Epistemic (I):     0.000  │  Information gain               │
  │    Complexity (C):    0.000  │  Model complexity               │
  │    ───────────────────────────────────────────────────────── │
  │    Total Free Energy:  60.000  │  G = E - I + C                  │
  ├──────────────────────────────────────────────────────────────┤
  │  Status: ⏸️  PENDING (queued for evaluation)                   │
  ╰──────────────────────────────────────────────────────────────╯
  [Memory]  Map (2/2): [██]
🚀 APPLYING AXIOM IN SANDBOX: INTERSECTION_FILL_2 (Tier: 6)
🚀 APPLYING AXIOM IN SANDBOX: INTERSECTION_FILL_2 (Tier: 6)
[Depth 2] Axioms: ["ROOT_START", "SPAWN_EXTRAPOLATE_TL_BR_2", "INTERSECTION_FILL_2"] | Pragmatic: 72.00 | Epistemic: 0.52 | Prob: 1.0000 | Dim: 9x9
  ╭──────────────────────────────────────────────────────────────╮
  │  MCTS NODE [0] — Rank 1/2 │ Depth 2                       │
  ├──────────────────────────────────────────────────────────────┤
  │  P(dist): ━━━━━━━━━━━━━━━━━━━━━━━━━━━━━━ ●=1.000 μ=0.900 range[0.800, 1.000]   │
  │  Threshold: 0.050 ✓ SURVIVES                                │
  │  Energy Components:                                          │
  │    Pragmatic (E):    72.000  │  Goal-seeking error             │
  │    Epistemic (I):     0.525  │  Information gain               │
  │    Complexity (C):    0.000  │  Model complexity               │
  │    ───────────────────────────────────────────────────────── │
  │    Total Free Energy:  71.475  │  G = E - I + C                  │
  ├──────────────────────────────────────────────────────────────┤
  │  Status: ⏸️  PENDING (queued for evaluation)                   │
  ╰──────────────────────────────────────────────────────────────╯
  [Memory]  Map (2/2): [██]
   🔍 Search Attempt 2: Exploring top 5 advanced axioms...
🚀 APPLYING AXIOM IN SANDBOX: SPAWN_EXTRAPOLATE_TL_BR_2 (Tier: 6)
🚀 APPLYING AXIOM IN SANDBOX: SPAWN_EXTRAPOLATE_TL_BR_2 (Tier: 6)
🚀 APPLYING AXIOM IN SANDBOX: SPAWN_EXTRAPOLATE_TL_BR_2 (Tier: 6)
🚀 APPLYING AXIOM IN SANDBOX: SPAWN_EXTRAPOLATE_TL_BR_2 (Tier: 6)
🚀 APPLYING AXIOM IN SANDBOX: INTERSECTION_FILL_2 (Tier: 6)
🚀 APPLYING AXIOM IN SANDBOX: INTERSECTION_FILL_2 (Tier: 6)
🚀 APPLYING AXIOM IN SANDBOX: INTERSECTION_FILL_2 (Tier: 6)
🚀 APPLYING AXIOM IN SANDBOX: INTERSECTION_FILL_2 (Tier: 6)
🚀 APPLYING AXIOM IN SANDBOX: SPAWN_EXTRAPOLATE_TR_BL_2 (Tier: 6)
🚀 APPLYING AXIOM IN SANDBOX: SPAWN_EXTRAPOLATE_TR_BL_2 (Tier: 6)
🚀 APPLYING AXIOM IN SANDBOX: SPAWN_EXTRAPOLATE_TL_BR_2 (Tier: 6)
🚀 APPLYING AXIOM IN SANDBOX: SPAWN_EXTRAPOLATE_TL_BR_2 (Tier: 6)
🚀 APPLYING AXIOM IN SANDBOX: SPAWN_EXTRAPOLATE_TL_BR_2 (Tier: 6)
🚀 APPLYING AXIOM IN SANDBOX: SPAWN_EXTRAPOLATE_TL_BR_2 (Tier: 6)
🚀 APPLYING AXIOM IN SANDBOX: INTERSECTION_FILL_2 (Tier: 6)
🚀 APPLYING AXIOM IN SANDBOX: INTERSECTION_FILL_2 (Tier: 6)
🚀 APPLYING AXIOM IN SANDBOX: INTERSECTION_FILL_2 (Tier: 6)
🚀 APPLYING AXIOM IN SANDBOX: INTERSECTION_FILL_2 (Tier: 6)
🚀 APPLYING AXIOM IN SANDBOX: SPAWN_EXTRAPOLATE_TR_BL_2 (Tier: 6)
🚀 APPLYING AXIOM IN SANDBOX: SPAWN_EXTRAPOLATE_TR_BL_2 (Tier: 6)
   ⚡ Memulai MCTS dari ROOT ZERO-POINT dengan 4 amunisi unik...
🚀 APPLYING AXIOM IN SANDBOX: ROOT_START (Tier: 0)
🚀 APPLYING AXIOM IN SANDBOX: ROOT_START (Tier: 0)
[Depth 0] Axioms: ["ROOT_START"] | Pragmatic: -1000.00 | Epistemic: 0.00 | Prob: 0.9900 | Dim: 9x9
  ╭──────────────────────────────────────────────────────────────╮
  │  MCTS NODE [0] — Rank 1/2 │ Depth 0                       │
  ├──────────────────────────────────────────────────────────────┤
  │  P(dist): ━━━━━━━━━━━━━━━━━━━━━━━━━━━━━━ ●=0.990 μ=0.895 range[0.800, 0.990]   │
  │  Threshold: 0.050 ✓ SURVIVES                                │
  │  Energy Components:                                          │
  │    Pragmatic (E):  -1000.000  │  Goal-seeking error             │
  │    Epistemic (I):     0.000  │  Information gain               │
  │    Complexity (C):    0.000  │  Model complexity               │
  │    ───────────────────────────────────────────────────────── │
  │    Total Free Energy: -1000.000  │  G = E - I + C                  │
  ├──────────────────────────────────────────────────────────────┤
  │  Status: 🌿 EXPANDING (exploring policies...)                   │
  ╰──────────────────────────────────────────────────────────────╯
  [Memory]  Map (2/2): [██]
🚀 APPLYING AXIOM IN SANDBOX: SPAWN_EXTRAPOLATE_ORTHOGONAL_2 (Tier: 6)
🚀 APPLYING AXIOM IN SANDBOX: SPAWN_EXTRAPOLATE_ORTHOGONAL_2 (Tier: 6)
[Depth 1] Axioms: ["ROOT_START", "SPAWN_EXTRAPOLATE_ORTHOGONAL_2"] | Pragmatic: 60.00 | Epistemic: 0.00 | Prob: 1.0000 | Dim: 9x9
  ╭──────────────────────────────────────────────────────────────╮
  │  MCTS NODE [0] — Rank 1/2 │ Depth 1                       │
  ├──────────────────────────────────────────────────────────────┤
  │  P(dist): ━━━━━━━━━━━━━━━━━━━━━━━━━━━━━━ ●=1.000 μ=0.900 range[0.800, 1.000]   │
  │  Threshold: 0.050 ✓ SURVIVES                                │
  │  Energy Components:                                          │
  │    Pragmatic (E):    60.000  │  Goal-seeking error             │
  │    Epistemic (I):     0.000  │  Information gain               │
  │    Complexity (C):    0.000  │  Model complexity               │
  │    ───────────────────────────────────────────────────────── │
  │    Total Free Energy:  60.000  │  G = E - I + C                  │
  ├──────────────────────────────────────────────────────────────┤
  │  Status: 🌿 EXPANDING (exploring policies...)                   │
  ╰──────────────────────────────────────────────────────────────╯
  [Memory]  Map (2/2): [██]
🚀 APPLYING AXIOM IN SANDBOX: INTERSECTION_FILL_2 (Tier: 6)
🚀 APPLYING AXIOM IN SANDBOX: INTERSECTION_FILL_2 (Tier: 6)
[Depth 2] Axioms: ["ROOT_START", "SPAWN_EXTRAPOLATE_ORTHOGONAL_2", "INTERSECTION_FILL_2"] | Pragmatic: 72.00 | Epistemic: 0.52 | Prob: 1.0000 | Dim: 9x9
  ╭──────────────────────────────────────────────────────────────╮
  │  MCTS NODE [0] — Rank 1/2 │ Depth 2                       │
  ├──────────────────────────────────────────────────────────────┤
  │  P(dist): ━━━━━━━━━━━━━━━━━━━━━━━━━━━━━━ ●=1.000 μ=0.900 range[0.800, 1.000]   │
  │  Threshold: 0.050 ✓ SURVIVES                                │
  │  Energy Components:                                          │
  │    Pragmatic (E):    72.000  │  Goal-seeking error             │
  │    Epistemic (I):     0.525  │  Information gain               │
  │    Complexity (C):    0.000  │  Model complexity               │
  │    ───────────────────────────────────────────────────────── │
  │    Total Free Energy:  71.475  │  G = E - I + C                  │
  ├──────────────────────────────────────────────────────────────┤
  │  Status: ⏸️  PENDING (queued for evaluation)                   │
  ╰──────────────────────────────────────────────────────────────╯
  [Memory]  Map (2/2): [██]
🚀 APPLYING AXIOM IN SANDBOX: SPAWN_EXTRAPOLATE_TL_BR_2 (Tier: 6)
🚀 APPLYING AXIOM IN SANDBOX: SPAWN_EXTRAPOLATE_TL_BR_2 (Tier: 6)
[Depth 2] Axioms: ["ROOT_START", "SPAWN_EXTRAPOLATE_ORTHOGONAL_2", "SPAWN_EXTRAPOLATE_TL_BR_2"] | Pragmatic: 60.00 | Epistemic: 0.00 | Prob: 1.0000 | Dim: 9x9
  ╭──────────────────────────────────────────────────────────────╮
  │  MCTS NODE [0] — Rank 1/2 │ Depth 2                       │
  ├──────────────────────────────────────────────────────────────┤
  │  P(dist): ━━━━━━━━━━━━━━━━━━━━━━━━━━━━━━ ●=1.000 μ=0.900 range[0.800, 1.000]   │
  │  Threshold: 0.050 ✓ SURVIVES                                │
  │  Energy Components:                                          │
  │    Pragmatic (E):    60.000  │  Goal-seeking error             │
  │    Epistemic (I):     0.000  │  Information gain               │
  │    Complexity (C):    0.000  │  Model complexity               │
  │    ───────────────────────────────────────────────────────── │
  │    Total Free Energy:  60.000  │  G = E - I + C                  │
  ├──────────────────────────────────────────────────────────────┤
  │  Status: ⏸️  PENDING (queued for evaluation)                   │
  ╰──────────────────────────────────────────────────────────────╯
  [Memory]  Map (2/2): [██]
🚀 APPLYING AXIOM IN SANDBOX: SPAWN_EXTRAPOLATE_TR_BL_2 (Tier: 6)
🚀 APPLYING AXIOM IN SANDBOX: SPAWN_EXTRAPOLATE_TR_BL_2 (Tier: 6)
[Depth 1] Axioms: ["ROOT_START", "SPAWN_EXTRAPOLATE_TR_BL_2"] | Pragmatic: 60.00 | Epistemic: 0.00 | Prob: 1.0000 | Dim: 9x9
  ╭──────────────────────────────────────────────────────────────╮
  │  MCTS NODE [0] — Rank 1/2 │ Depth 1                       │
  ├──────────────────────────────────────────────────────────────┤
  │  P(dist): ━━━━━━━━━━━━━━━━━━━━━━━━━━━━━━ ●=1.000 μ=0.900 range[0.800, 1.000]   │
  │  Threshold: 0.050 ✓ SURVIVES                                │
  │  Energy Components:                                          │
  │    Pragmatic (E):    60.000  │  Goal-seeking error             │
  │    Epistemic (I):     0.000  │  Information gain               │
  │    Complexity (C):    0.000  │  Model complexity               │
  │    ───────────────────────────────────────────────────────── │
  │    Total Free Energy:  60.000  │  G = E - I + C                  │
  ├──────────────────────────────────────────────────────────────┤
  │  Status: 🌿 EXPANDING (exploring policies...)                   │
  ╰──────────────────────────────────────────────────────────────╯
  [Memory]  Map (2/2): [██]
🚀 APPLYING AXIOM IN SANDBOX: INTERSECTION_FILL_2 (Tier: 6)
🚀 APPLYING AXIOM IN SANDBOX: INTERSECTION_FILL_2 (Tier: 6)
[Depth 2] Axioms: ["ROOT_START", "SPAWN_EXTRAPOLATE_TR_BL_2", "INTERSECTION_FILL_2"] | Pragmatic: 72.00 | Epistemic: 0.52 | Prob: 1.0000 | Dim: 9x9
  ╭──────────────────────────────────────────────────────────────╮
  │  MCTS NODE [0] — Rank 1/2 │ Depth 2                       │
  ├──────────────────────────────────────────────────────────────┤
  │  P(dist): ━━━━━━━━━━━━━━━━━━━━━━━━━━━━━━ ●=1.000 μ=0.900 range[0.800, 1.000]   │
  │  Threshold: 0.050 ✓ SURVIVES                                │
  │  Energy Components:                                          │
  │    Pragmatic (E):    72.000  │  Goal-seeking error             │
  │    Epistemic (I):     0.525  │  Information gain               │
  │    Complexity (C):    0.000  │  Model complexity               │
  │    ───────────────────────────────────────────────────────── │
  │    Total Free Energy:  71.475  │  G = E - I + C                  │
  ├──────────────────────────────────────────────────────────────┤
  │  Status: ⏸️  PENDING (queued for evaluation)                   │
  ╰──────────────────────────────────────────────────────────────╯
  [Memory]  Map (2/2): [██]
🚀 APPLYING AXIOM IN SANDBOX: SPAWN_EXTRAPOLATE_TL_BR_2 (Tier: 6)
🚀 APPLYING AXIOM IN SANDBOX: SPAWN_EXTRAPOLATE_TL_BR_2 (Tier: 6)
[Depth 2] Axioms: ["ROOT_START", "SPAWN_EXTRAPOLATE_TR_BL_2", "SPAWN_EXTRAPOLATE_TL_BR_2"] | Pragmatic: 60.00 | Epistemic: 0.00 | Prob: 1.0000 | Dim: 9x9
  ╭──────────────────────────────────────────────────────────────╮
  │  MCTS NODE [0] — Rank 1/2 │ Depth 2                       │
  ├──────────────────────────────────────────────────────────────┤
  │  P(dist): ━━━━━━━━━━━━━━━━━━━━━━━━━━━━━━ ●=1.000 μ=0.900 range[0.800, 1.000]   │
  │  Threshold: 0.050 ✓ SURVIVES                                │
  │  Energy Components:                                          │
  │    Pragmatic (E):    60.000  │  Goal-seeking error             │
  │    Epistemic (I):     0.000  │  Information gain               │
  │    Complexity (C):    0.000  │  Model complexity               │
  │    ───────────────────────────────────────────────────────── │
  │    Total Free Energy:  60.000  │  G = E - I + C                  │
  ├──────────────────────────────────────────────────────────────┤
  │  Status: ⏸️  PENDING (queued for evaluation)                   │
  ╰──────────────────────────────────────────────────────────────╯
  [Memory]  Map (2/2): [██]
🚀 APPLYING AXIOM IN SANDBOX: INTERSECTION_FILL_2 (Tier: 6)
🚀 APPLYING AXIOM IN SANDBOX: INTERSECTION_FILL_2 (Tier: 6)
[Depth 1] Axioms: ["ROOT_START", "INTERSECTION_FILL_2"] | Pragmatic: 72.00 | Epistemic: 0.52 | Prob: 1.0000 | Dim: 9x9
  ╭──────────────────────────────────────────────────────────────╮
  │  MCTS NODE [0] — Rank 1/2 │ Depth 1                       │
  ├──────────────────────────────────────────────────────────────┤
  │  P(dist): ━━━━━━━━━━━━━━━━━━━━━━━━━━━━━━ ●=1.000 μ=0.900 range[0.800, 1.000]   │
  │  Threshold: 0.050 ✓ SURVIVES                                │
  │  Energy Components:                                          │
  │    Pragmatic (E):    72.000  │  Goal-seeking error             │
  │    Epistemic (I):     0.525  │  Information gain               │
  │    Complexity (C):    0.000  │  Model complexity               │
  │    ───────────────────────────────────────────────────────── │
  │    Total Free Energy:  71.475  │  G = E - I + C                  │
  ├──────────────────────────────────────────────────────────────┤
  │  Status: 🌿 EXPANDING (exploring policies...)                   │
  ╰──────────────────────────────────────────────────────────────╯
  [Memory]  Map (2/2): [██]
🚀 APPLYING AXIOM IN SANDBOX: SPAWN_EXTRAPOLATE_TR_BL_2 (Tier: 6)
🚀 APPLYING AXIOM IN SANDBOX: SPAWN_EXTRAPOLATE_TR_BL_2 (Tier: 6)
[Depth 2] Axioms: ["ROOT_START", "INTERSECTION_FILL_2", "SPAWN_EXTRAPOLATE_TR_BL_2"] | Pragmatic: 62.00 | Epistemic: 0.52 | Prob: 1.0000 | Dim: 9x9
  ╭──────────────────────────────────────────────────────────────╮
  │  MCTS NODE [0] — Rank 1/2 │ Depth 2                       │
  ├──────────────────────────────────────────────────────────────┤
  │  P(dist): ━━━━━━━━━━━━━━━━━━━━━━━━━━━━━━ ●=1.000 μ=0.900 range[0.800, 1.000]   │
  │  Threshold: 0.050 ✓ SURVIVES                                │
  │  Energy Components:                                          │
  │    Pragmatic (E):    62.000  │  Goal-seeking error             │
  │    Epistemic (I):     0.525  │  Information gain               │
  │    Complexity (C):    0.000  │  Model complexity               │
  │    ───────────────────────────────────────────────────────── │
  │    Total Free Energy:  61.475  │  G = E - I + C                  │
  ├──────────────────────────────────────────────────────────────┤
  │  Status: ⏸️  PENDING (queued for evaluation)                   │
  ╰──────────────────────────────────────────────────────────────╯
  [Memory]  Map (2/2): [██]
🚀 APPLYING AXIOM IN SANDBOX: SPAWN_EXTRAPOLATE_TL_BR_2 (Tier: 6)
🚀 APPLYING AXIOM IN SANDBOX: SPAWN_EXTRAPOLATE_TL_BR_2 (Tier: 6)
[Depth 2] Axioms: ["ROOT_START", "INTERSECTION_FILL_2", "SPAWN_EXTRAPOLATE_TL_BR_2"] | Pragmatic: 62.00 | Epistemic: 0.52 | Prob: 1.0000 | Dim: 9x9
  ╭──────────────────────────────────────────────────────────────╮
  │  MCTS NODE [0] — Rank 1/2 │ Depth 2                       │
  ├──────────────────────────────────────────────────────────────┤
  │  P(dist): ━━━━━━━━━━━━━━━━━━━━━━━━━━━━━━ ●=1.000 μ=0.900 range[0.800, 1.000]   │
  │  Threshold: 0.050 ✓ SURVIVES                                │
  │  Energy Components:                                          │
  │    Pragmatic (E):    62.000  │  Goal-seeking error             │
  │    Epistemic (I):     0.525  │  Information gain               │
  │    Complexity (C):    0.000  │  Model complexity               │
  │    ───────────────────────────────────────────────────────── │
  │    Total Free Energy:  61.475  │  G = E - I + C                  │
  ├──────────────────────────────────────────────────────────────┤
  │  Status: ⏸️  PENDING (queued for evaluation)                   │
  ╰──────────────────────────────────────────────────────────────╯
  [Memory]  Map (2/2): [██]
🚀 APPLYING AXIOM IN SANDBOX: SPAWN_EXTRAPOLATE_TL_BR_2 (Tier: 6)
🚀 APPLYING AXIOM IN SANDBOX: SPAWN_EXTRAPOLATE_TL_BR_2 (Tier: 6)
[Depth 1] Axioms: ["ROOT_START", "SPAWN_EXTRAPOLATE_TL_BR_2"] | Pragmatic: 60.00 | Epistemic: 0.00 | Prob: 1.0000 | Dim: 9x9
  ╭──────────────────────────────────────────────────────────────╮
  │  MCTS NODE [0] — Rank 1/2 │ Depth 1                       │
  ├──────────────────────────────────────────────────────────────┤
  │  P(dist): ━━━━━━━━━━━━━━━━━━━━━━━━━━━━━━ ●=1.000 μ=0.900 range[0.800, 1.000]   │
  │  Threshold: 0.050 ✓ SURVIVES                                │
  │  Energy Components:                                          │
  │    Pragmatic (E):    60.000  │  Goal-seeking error             │
  │    Epistemic (I):     0.000  │  Information gain               │
  │    Complexity (C):    0.000  │  Model complexity               │
  │    ───────────────────────────────────────────────────────── │
  │    Total Free Energy:  60.000  │  G = E - I + C                  │
  ├──────────────────────────────────────────────────────────────┤
  │  Status: 🌿 EXPANDING (exploring policies...)                   │
  ╰──────────────────────────────────────────────────────────────╯
  [Memory]  Map (2/2): [██]
🚀 APPLYING AXIOM IN SANDBOX: SPAWN_EXTRAPOLATE_TR_BL_2 (Tier: 6)
🚀 APPLYING AXIOM IN SANDBOX: SPAWN_EXTRAPOLATE_TR_BL_2 (Tier: 6)
[Depth 2] Axioms: ["ROOT_START", "SPAWN_EXTRAPOLATE_TL_BR_2", "SPAWN_EXTRAPOLATE_TR_BL_2"] | Pragmatic: 60.00 | Epistemic: 0.00 | Prob: 1.0000 | Dim: 9x9
  ╭──────────────────────────────────────────────────────────────╮
  │  MCTS NODE [0] — Rank 1/2 │ Depth 2                       │
  ├──────────────────────────────────────────────────────────────┤
  │  P(dist): ━━━━━━━━━━━━━━━━━━━━━━━━━━━━━━ ●=1.000 μ=0.900 range[0.800, 1.000]   │
  │  Threshold: 0.050 ✓ SURVIVES                                │
  │  Energy Components:                                          │
  │    Pragmatic (E):    60.000  │  Goal-seeking error             │
  │    Epistemic (I):     0.000  │  Information gain               │
  │    Complexity (C):    0.000  │  Model complexity               │
  │    ───────────────────────────────────────────────────────── │
  │    Total Free Energy:  60.000  │  G = E - I + C                  │
  ├──────────────────────────────────────────────────────────────┤
  │  Status: ⏸️  PENDING (queued for evaluation)                   │
  ╰──────────────────────────────────────────────────────────────╯
  [Memory]  Map (2/2): [██]
🚀 APPLYING AXIOM IN SANDBOX: INTERSECTION_FILL_2 (Tier: 6)
🚀 APPLYING AXIOM IN SANDBOX: INTERSECTION_FILL_2 (Tier: 6)
[Depth 2] Axioms: ["ROOT_START", "SPAWN_EXTRAPOLATE_TL_BR_2", "INTERSECTION_FILL_2"] | Pragmatic: 72.00 | Epistemic: 0.52 | Prob: 1.0000 | Dim: 9x9
  ╭──────────────────────────────────────────────────────────────╮
  │  MCTS NODE [0] — Rank 1/2 │ Depth 2                       │
  ├──────────────────────────────────────────────────────────────┤
  │  P(dist): ━━━━━━━━━━━━━━━━━━━━━━━━━━━━━━ ●=1.000 μ=0.900 range[0.800, 1.000]   │
  │  Threshold: 0.050 ✓ SURVIVES                                │
  │  Energy Components:                                          │
  │    Pragmatic (E):    72.000  │  Goal-seeking error             │
  │    Epistemic (I):     0.525  │  Information gain               │
  │    Complexity (C):    0.000  │  Model complexity               │
  │    ───────────────────────────────────────────────────────── │
  │    Total Free Energy:  71.475  │  G = E - I + C                  │
  ├──────────────────────────────────────────────────────────────┤
  │  Status: ⏸️  PENDING (queued for evaluation)                   │
  ╰──────────────────────────────────────────────────────────────╯
  [Memory]  Map (2/2): [██]
   🔍 Search Attempt 3: Exploring top 10 advanced axioms...
🚀 APPLYING AXIOM IN SANDBOX: SPAWN_EXTRAPOLATE_TL_BR_2 (Tier: 6)
🚀 APPLYING AXIOM IN SANDBOX: SPAWN_EXTRAPOLATE_TL_BR_2 (Tier: 6)
🚀 APPLYING AXIOM IN SANDBOX: SPAWN_EXTRAPOLATE_TL_BR_2 (Tier: 6)
🚀 APPLYING AXIOM IN SANDBOX: SPAWN_EXTRAPOLATE_TL_BR_2 (Tier: 6)
🚀 APPLYING AXIOM IN SANDBOX: INTERSECTION_FILL_2 (Tier: 6)
🚀 APPLYING AXIOM IN SANDBOX: INTERSECTION_FILL_2 (Tier: 6)
🚀 APPLYING AXIOM IN SANDBOX: INTERSECTION_FILL_2 (Tier: 6)
🚀 APPLYING AXIOM IN SANDBOX: INTERSECTION_FILL_2 (Tier: 6)
🚀 APPLYING AXIOM IN SANDBOX: SPAWN_EXTRAPOLATE_TR_BL_2 (Tier: 6)
🚀 APPLYING AXIOM IN SANDBOX: SPAWN_EXTRAPOLATE_TR_BL_2 (Tier: 6)
🚀 APPLYING AXIOM IN SANDBOX: SPAWN_EXTRAPOLATE_TR_BL_2 (Tier: 6)
🚀 APPLYING AXIOM IN SANDBOX: SPAWN_EXTRAPOLATE_TR_BL_2 (Tier: 6)
🚀 APPLYING AXIOM IN SANDBOX: SPAWN_EXTRAPOLATE_ORTHOGONAL_2 (Tier: 6)
🚀 APPLYING AXIOM IN SANDBOX: SPAWN_EXTRAPOLATE_ORTHOGONAL_2 (Tier: 6)
🚀 APPLYING AXIOM IN SANDBOX: SPAWN_EXTRAPOLATE_ORTHOGONAL_2 (Tier: 6)
🚀 APPLYING AXIOM IN SANDBOX: SPAWN_EXTRAPOLATE_ORTHOGONAL_2 (Tier: 6)
🚀 APPLYING AXIOM IN SANDBOX: SPAWN_EXTRAPOLATE_TL_BR_2 (Tier: 6)
🚀 APPLYING AXIOM IN SANDBOX: SPAWN_EXTRAPOLATE_TL_BR_2 (Tier: 6)
🚀 APPLYING AXIOM IN SANDBOX: SPAWN_EXTRAPOLATE_TL_BR_2 (Tier: 6)
🚀 APPLYING AXIOM IN SANDBOX: SPAWN_EXTRAPOLATE_TL_BR_2 (Tier: 6)
🚀 APPLYING AXIOM IN SANDBOX: INTERSECTION_FILL_2 (Tier: 6)
🚀 APPLYING AXIOM IN SANDBOX: INTERSECTION_FILL_2 (Tier: 6)
🚀 APPLYING AXIOM IN SANDBOX: INTERSECTION_FILL_2 (Tier: 6)
🚀 APPLYING AXIOM IN SANDBOX: INTERSECTION_FILL_2 (Tier: 6)
🚀 APPLYING AXIOM IN SANDBOX: SPAWN_EXTRAPOLATE_TR_BL_2 (Tier: 6)
🚀 APPLYING AXIOM IN SANDBOX: SPAWN_EXTRAPOLATE_TR_BL_2 (Tier: 6)
🚀 APPLYING AXIOM IN SANDBOX: SPAWN_EXTRAPOLATE_TR_BL_2 (Tier: 6)
🚀 APPLYING AXIOM IN SANDBOX: SPAWN_EXTRAPOLATE_TR_BL_2 (Tier: 6)
🚀 APPLYING AXIOM IN SANDBOX: SPAWN_EXTRAPOLATE_ORTHOGONAL_2 (Tier: 6)
🚀 APPLYING AXIOM IN SANDBOX: SPAWN_EXTRAPOLATE_ORTHOGONAL_2 (Tier: 6)
🚀 APPLYING AXIOM IN SANDBOX: SPAWN_EXTRAPOLATE_ORTHOGONAL_2 (Tier: 6)
🚀 APPLYING AXIOM IN SANDBOX: SPAWN_EXTRAPOLATE_ORTHOGONAL_2 (Tier: 6)
   ⚡ Memulai MCTS dari ROOT ZERO-POINT dengan 4 amunisi unik...
🚀 APPLYING AXIOM IN SANDBOX: ROOT_START (Tier: 0)
🚀 APPLYING AXIOM IN SANDBOX: ROOT_START (Tier: 0)
[Depth 0] Axioms: ["ROOT_START"] | Pragmatic: -1000.00 | Epistemic: 0.00 | Prob: 0.9900 | Dim: 9x9
  ╭──────────────────────────────────────────────────────────────╮
  │  MCTS NODE [0] — Rank 1/2 │ Depth 0                       │
  ├──────────────────────────────────────────────────────────────┤
  │  P(dist): ━━━━━━━━━━━━━━━━━━━━━━━━━━━━━━ ●=0.990 μ=0.895 range[0.800, 0.990]   │
  │  Threshold: 0.050 ✓ SURVIVES                                │
  │  Energy Components:                                          │
  │    Pragmatic (E):  -1000.000  │  Goal-seeking error             │
  │    Epistemic (I):     0.000  │  Information gain               │
  │    Complexity (C):    0.000  │  Model complexity               │
  │    ───────────────────────────────────────────────────────── │
  │    Total Free Energy: -1000.000  │  G = E - I + C                  │
  ├──────────────────────────────────────────────────────────────┤
  │  Status: 🌿 EXPANDING (exploring policies...)                   │
  ╰──────────────────────────────────────────────────────────────╯
  [Memory]  Map (2/2): [██]
🚀 APPLYING AXIOM IN SANDBOX: SPAWN_EXTRAPOLATE_ORTHOGONAL_2 (Tier: 6)
🚀 APPLYING AXIOM IN SANDBOX: SPAWN_EXTRAPOLATE_ORTHOGONAL_2 (Tier: 6)
[Depth 1] Axioms: ["ROOT_START", "SPAWN_EXTRAPOLATE_ORTHOGONAL_2"] | Pragmatic: 60.00 | Epistemic: 0.00 | Prob: 1.0000 | Dim: 9x9
  ╭──────────────────────────────────────────────────────────────╮
  │  MCTS NODE [0] — Rank 1/2 │ Depth 1                       │
  ├──────────────────────────────────────────────────────────────┤
  │  P(dist): ━━━━━━━━━━━━━━━━━━━━━━━━━━━━━━ ●=1.000 μ=0.900 range[0.800, 1.000]   │
  │  Threshold: 0.050 ✓ SURVIVES                                │
  │  Energy Components:                                          │
  │    Pragmatic (E):    60.000  │  Goal-seeking error             │
  │    Epistemic (I):     0.000  │  Information gain               │
  │    Complexity (C):    0.000  │  Model complexity               │
  │    ───────────────────────────────────────────────────────── │
  │    Total Free Energy:  60.000  │  G = E - I + C                  │
  ├──────────────────────────────────────────────────────────────┤
  │  Status: 🌿 EXPANDING (exploring policies...)                   │
  ╰──────────────────────────────────────────────────────────────╯
  [Memory]  Map (2/2): [██]
🚀 APPLYING AXIOM IN SANDBOX: INTERSECTION_FILL_2 (Tier: 6)
🚀 APPLYING AXIOM IN SANDBOX: INTERSECTION_FILL_2 (Tier: 6)
[Depth 2] Axioms: ["ROOT_START", "SPAWN_EXTRAPOLATE_ORTHOGONAL_2", "INTERSECTION_FILL_2"] | Pragmatic: 72.00 | Epistemic: 0.52 | Prob: 1.0000 | Dim: 9x9
  ╭──────────────────────────────────────────────────────────────╮
  │  MCTS NODE [0] — Rank 1/2 │ Depth 2                       │
  ├──────────────────────────────────────────────────────────────┤
  │  P(dist): ━━━━━━━━━━━━━━━━━━━━━━━━━━━━━━ ●=1.000 μ=0.900 range[0.800, 1.000]   │
  │  Threshold: 0.050 ✓ SURVIVES                                │
  │  Energy Components:                                          │
  │    Pragmatic (E):    72.000  │  Goal-seeking error             │
  │    Epistemic (I):     0.525  │  Information gain               │
  │    Complexity (C):    0.000  │  Model complexity               │
  │    ───────────────────────────────────────────────────────── │
  │    Total Free Energy:  71.475  │  G = E - I + C                  │
  ├──────────────────────────────────────────────────────────────┤
  │  Status: ⏸️  PENDING (queued for evaluation)                   │
  ╰──────────────────────────────────────────────────────────────╯
  [Memory]  Map (2/2): [██]
🚀 APPLYING AXIOM IN SANDBOX: SPAWN_EXTRAPOLATE_TL_BR_2 (Tier: 6)
🚀 APPLYING AXIOM IN SANDBOX: SPAWN_EXTRAPOLATE_TL_BR_2 (Tier: 6)
[Depth 2] Axioms: ["ROOT_START", "SPAWN_EXTRAPOLATE_ORTHOGONAL_2", "SPAWN_EXTRAPOLATE_TL_BR_2"] | Pragmatic: 60.00 | Epistemic: 0.00 | Prob: 1.0000 | Dim: 9x9
  ╭──────────────────────────────────────────────────────────────╮
  │  MCTS NODE [0] — Rank 1/2 │ Depth 2                       │
  ├──────────────────────────────────────────────────────────────┤
  │  P(dist): ━━━━━━━━━━━━━━━━━━━━━━━━━━━━━━ ●=1.000 μ=0.900 range[0.800, 1.000]   │
  │  Threshold: 0.050 ✓ SURVIVES                                │
  │  Energy Components:                                          │
  │    Pragmatic (E):    60.000  │  Goal-seeking error             │
  │    Epistemic (I):     0.000  │  Information gain               │
  │    Complexity (C):    0.000  │  Model complexity               │
  │    ───────────────────────────────────────────────────────── │
  │    Total Free Energy:  60.000  │  G = E - I + C                  │
  ├──────────────────────────────────────────────────────────────┤
  │  Status: ⏸️  PENDING (queued for evaluation)                   │
  ╰──────────────────────────────────────────────────────────────╯
  [Memory]  Map (2/2): [██]
🚀 APPLYING AXIOM IN SANDBOX: SPAWN_EXTRAPOLATE_TR_BL_2 (Tier: 6)
🚀 APPLYING AXIOM IN SANDBOX: SPAWN_EXTRAPOLATE_TR_BL_2 (Tier: 6)
[Depth 1] Axioms: ["ROOT_START", "SPAWN_EXTRAPOLATE_TR_BL_2"] | Pragmatic: 60.00 | Epistemic: 0.00 | Prob: 1.0000 | Dim: 9x9
  ╭──────────────────────────────────────────────────────────────╮
  │  MCTS NODE [0] — Rank 1/2 │ Depth 1                       │
  ├──────────────────────────────────────────────────────────────┤
  │  P(dist): ━━━━━━━━━━━━━━━━━━━━━━━━━━━━━━ ●=1.000 μ=0.900 range[0.800, 1.000]   │
  │  Threshold: 0.050 ✓ SURVIVES                                │
  │  Energy Components:                                          │
  │    Pragmatic (E):    60.000  │  Goal-seeking error             │
  │    Epistemic (I):     0.000  │  Information gain               │
  │    Complexity (C):    0.000  │  Model complexity               │
  │    ───────────────────────────────────────────────────────── │
  │    Total Free Energy:  60.000  │  G = E - I + C                  │
  ├──────────────────────────────────────────────────────────────┤
  │  Status: 🌿 EXPANDING (exploring policies...)                   │
  ╰──────────────────────────────────────────────────────────────╯
  [Memory]  Map (2/2): [██]
🚀 APPLYING AXIOM IN SANDBOX: INTERSECTION_FILL_2 (Tier: 6)
🚀 APPLYING AXIOM IN SANDBOX: INTERSECTION_FILL_2 (Tier: 6)
[Depth 2] Axioms: ["ROOT_START", "SPAWN_EXTRAPOLATE_TR_BL_2", "INTERSECTION_FILL_2"] | Pragmatic: 72.00 | Epistemic: 0.52 | Prob: 1.0000 | Dim: 9x9
  ╭──────────────────────────────────────────────────────────────╮
  │  MCTS NODE [0] — Rank 1/2 │ Depth 2                       │
  ├──────────────────────────────────────────────────────────────┤
  │  P(dist): ━━━━━━━━━━━━━━━━━━━━━━━━━━━━━━ ●=1.000 μ=0.900 range[0.800, 1.000]   │
  │  Threshold: 0.050 ✓ SURVIVES                                │
  │  Energy Components:                                          │
  │    Pragmatic (E):    72.000  │  Goal-seeking error             │
  │    Epistemic (I):     0.525  │  Information gain               │
  │    Complexity (C):    0.000  │  Model complexity               │
  │    ───────────────────────────────────────────────────────── │
  │    Total Free Energy:  71.475  │  G = E - I + C                  │
  ├──────────────────────────────────────────────────────────────┤
  │  Status: ⏸️  PENDING (queued for evaluation)                   │
  ╰──────────────────────────────────────────────────────────────╯
  [Memory]  Map (2/2): [██]
🚀 APPLYING AXIOM IN SANDBOX: SPAWN_EXTRAPOLATE_TL_BR_2 (Tier: 6)
🚀 APPLYING AXIOM IN SANDBOX: SPAWN_EXTRAPOLATE_TL_BR_2 (Tier: 6)
[Depth 2] Axioms: ["ROOT_START", "SPAWN_EXTRAPOLATE_TR_BL_2", "SPAWN_EXTRAPOLATE_TL_BR_2"] | Pragmatic: 60.00 | Epistemic: 0.00 | Prob: 1.0000 | Dim: 9x9
  ╭──────────────────────────────────────────────────────────────╮
  │  MCTS NODE [0] — Rank 1/2 │ Depth 2                       │
  ├──────────────────────────────────────────────────────────────┤
  │  P(dist): ━━━━━━━━━━━━━━━━━━━━━━━━━━━━━━ ●=1.000 μ=0.900 range[0.800, 1.000]   │
  │  Threshold: 0.050 ✓ SURVIVES                                │
  │  Energy Components:                                          │
  │    Pragmatic (E):    60.000  │  Goal-seeking error             │
  │    Epistemic (I):     0.000  │  Information gain               │
  │    Complexity (C):    0.000  │  Model complexity               │
  │    ───────────────────────────────────────────────────────── │
  │    Total Free Energy:  60.000  │  G = E - I + C                  │
  ├──────────────────────────────────────────────────────────────┤
  │  Status: ⏸️  PENDING (queued for evaluation)                   │
  ╰──────────────────────────────────────────────────────────────╯
  [Memory]  Map (2/2): [██]
🚀 APPLYING AXIOM IN SANDBOX: INTERSECTION_FILL_2 (Tier: 6)
🚀 APPLYING AXIOM IN SANDBOX: INTERSECTION_FILL_2 (Tier: 6)
[Depth 1] Axioms: ["ROOT_START", "INTERSECTION_FILL_2"] | Pragmatic: 72.00 | Epistemic: 0.52 | Prob: 1.0000 | Dim: 9x9
  ╭──────────────────────────────────────────────────────────────╮
  │  MCTS NODE [0] — Rank 1/2 │ Depth 1                       │
  ├──────────────────────────────────────────────────────────────┤
  │  P(dist): ━━━━━━━━━━━━━━━━━━━━━━━━━━━━━━ ●=1.000 μ=0.900 range[0.800, 1.000]   │
  │  Threshold: 0.050 ✓ SURVIVES                                │
  │  Energy Components:                                          │
  │    Pragmatic (E):    72.000  │  Goal-seeking error             │
  │    Epistemic (I):     0.525  │  Information gain               │
  │    Complexity (C):    0.000  │  Model complexity               │
  │    ───────────────────────────────────────────────────────── │
  │    Total Free Energy:  71.475  │  G = E - I + C                  │
  ├──────────────────────────────────────────────────────────────┤
  │  Status: 🌿 EXPANDING (exploring policies...)                   │
  ╰──────────────────────────────────────────────────────────────╯
  [Memory]  Map (2/2): [██]
🚀 APPLYING AXIOM IN SANDBOX: SPAWN_EXTRAPOLATE_TR_BL_2 (Tier: 6)
🚀 APPLYING AXIOM IN SANDBOX: SPAWN_EXTRAPOLATE_TR_BL_2 (Tier: 6)
[Depth 2] Axioms: ["ROOT_START", "INTERSECTION_FILL_2", "SPAWN_EXTRAPOLATE_TR_BL_2"] | Pragmatic: 62.00 | Epistemic: 0.52 | Prob: 1.0000 | Dim: 9x9
  ╭──────────────────────────────────────────────────────────────╮
  │  MCTS NODE [0] — Rank 1/2 │ Depth 2                       │
  ├──────────────────────────────────────────────────────────────┤
  │  P(dist): ━━━━━━━━━━━━━━━━━━━━━━━━━━━━━━ ●=1.000 μ=0.900 range[0.800, 1.000]   │
  │  Threshold: 0.050 ✓ SURVIVES                                │
  │  Energy Components:                                          │
  │    Pragmatic (E):    62.000  │  Goal-seeking error             │
  │    Epistemic (I):     0.525  │  Information gain               │
  │    Complexity (C):    0.000  │  Model complexity               │
  │    ───────────────────────────────────────────────────────── │
  │    Total Free Energy:  61.475  │  G = E - I + C                  │
  ├──────────────────────────────────────────────────────────────┤
  │  Status: ⏸️  PENDING (queued for evaluation)                   │
  ╰──────────────────────────────────────────────────────────────╯
  [Memory]  Map (2/2): [██]
🚀 APPLYING AXIOM IN SANDBOX: SPAWN_EXTRAPOLATE_TL_BR_2 (Tier: 6)
🚀 APPLYING AXIOM IN SANDBOX: SPAWN_EXTRAPOLATE_TL_BR_2 (Tier: 6)
[Depth 2] Axioms: ["ROOT_START", "INTERSECTION_FILL_2", "SPAWN_EXTRAPOLATE_TL_BR_2"] | Pragmatic: 62.00 | Epistemic: 0.52 | Prob: 1.0000 | Dim: 9x9
  ╭──────────────────────────────────────────────────────────────╮
  │  MCTS NODE [0] — Rank 1/2 │ Depth 2                       │
  ├──────────────────────────────────────────────────────────────┤
  │  P(dist): ━━━━━━━━━━━━━━━━━━━━━━━━━━━━━━ ●=1.000 μ=0.900 range[0.800, 1.000]   │
  │  Threshold: 0.050 ✓ SURVIVES                                │
  │  Energy Components:                                          │
  │    Pragmatic (E):    62.000  │  Goal-seeking error             │
  │    Epistemic (I):     0.525  │  Information gain               │
  │    Complexity (C):    0.000  │  Model complexity               │
  │    ───────────────────────────────────────────────────────── │
  │    Total Free Energy:  61.475  │  G = E - I + C                  │
  ├──────────────────────────────────────────────────────────────┤
  │  Status: ⏸️  PENDING (queued for evaluation)                   │
  ╰──────────────────────────────────────────────────────────────╯
  [Memory]  Map (2/2): [██]
🚀 APPLYING AXIOM IN SANDBOX: SPAWN_EXTRAPOLATE_TL_BR_2 (Tier: 6)
🚀 APPLYING AXIOM IN SANDBOX: SPAWN_EXTRAPOLATE_TL_BR_2 (Tier: 6)
[Depth 1] Axioms: ["ROOT_START", "SPAWN_EXTRAPOLATE_TL_BR_2"] | Pragmatic: 60.00 | Epistemic: 0.00 | Prob: 1.0000 | Dim: 9x9
  ╭──────────────────────────────────────────────────────────────╮
  │  MCTS NODE [0] — Rank 1/2 │ Depth 1                       │
  ├──────────────────────────────────────────────────────────────┤
  │  P(dist): ━━━━━━━━━━━━━━━━━━━━━━━━━━━━━━ ●=1.000 μ=0.900 range[0.800, 1.000]   │
  │  Threshold: 0.050 ✓ SURVIVES                                │
  │  Energy Components:                                          │
  │    Pragmatic (E):    60.000  │  Goal-seeking error             │
  │    Epistemic (I):     0.000  │  Information gain               │
  │    Complexity (C):    0.000  │  Model complexity               │
  │    ───────────────────────────────────────────────────────── │
  │    Total Free Energy:  60.000  │  G = E - I + C                  │
  ├──────────────────────────────────────────────────────────────┤
  │  Status: 🌿 EXPANDING (exploring policies...)                   │
  ╰──────────────────────────────────────────────────────────────╯
  [Memory]  Map (2/2): [██]
🚀 APPLYING AXIOM IN SANDBOX: SPAWN_EXTRAPOLATE_TR_BL_2 (Tier: 6)
🚀 APPLYING AXIOM IN SANDBOX: SPAWN_EXTRAPOLATE_TR_BL_2 (Tier: 6)
[Depth 2] Axioms: ["ROOT_START", "SPAWN_EXTRAPOLATE_TL_BR_2", "SPAWN_EXTRAPOLATE_TR_BL_2"] | Pragmatic: 60.00 | Epistemic: 0.00 | Prob: 1.0000 | Dim: 9x9
  ╭──────────────────────────────────────────────────────────────╮
  │  MCTS NODE [0] — Rank 1/2 │ Depth 2                       │
  ├──────────────────────────────────────────────────────────────┤
  │  P(dist): ━━━━━━━━━━━━━━━━━━━━━━━━━━━━━━ ●=1.000 μ=0.900 range[0.800, 1.000]   │
  │  Threshold: 0.050 ✓ SURVIVES                                │
  │  Energy Components:                                          │
  │    Pragmatic (E):    60.000  │  Goal-seeking error             │
  │    Epistemic (I):     0.000  │  Information gain               │
  │    Complexity (C):    0.000  │  Model complexity               │
  │    ───────────────────────────────────────────────────────── │
  │    Total Free Energy:  60.000  │  G = E - I + C                  │
  ├──────────────────────────────────────────────────────────────┤
  │  Status: ⏸️  PENDING (queued for evaluation)                   │
  ╰──────────────────────────────────────────────────────────────╯
  [Memory]  Map (2/2): [██]
🚀 APPLYING AXIOM IN SANDBOX: INTERSECTION_FILL_2 (Tier: 6)
🚀 APPLYING AXIOM IN SANDBOX: INTERSECTION_FILL_2 (Tier: 6)
[Depth 2] Axioms: ["ROOT_START", "SPAWN_EXTRAPOLATE_TL_BR_2", "INTERSECTION_FILL_2"] | Pragmatic: 72.00 | Epistemic: 0.52 | Prob: 1.0000 | Dim: 9x9
  ╭──────────────────────────────────────────────────────────────╮
  │  MCTS NODE [0] — Rank 1/2 │ Depth 2                       │
  ├──────────────────────────────────────────────────────────────┤
  │  P(dist): ━━━━━━━━━━━━━━━━━━━━━━━━━━━━━━ ●=1.000 μ=0.900 range[0.800, 1.000]   │
  │  Threshold: 0.050 ✓ SURVIVES                                │
  │  Energy Components:                                          │
  │    Pragmatic (E):    72.000  │  Goal-seeking error             │
  │    Epistemic (I):     0.525  │  Information gain               │
  │    Complexity (C):    0.000  │  Model complexity               │
  │    ───────────────────────────────────────────────────────── │
  │    Total Free Energy:  71.475  │  G = E - I + C                  │
  ├──────────────────────────────────────────────────────────────┤
  │  Status: ⏸️  PENDING (queued for evaluation)                   │
  ╰──────────────────────────────────────────────────────────────╯
  [Memory]  Map (2/2): [██]
🧠 [Metakognisi] Batas loop kognitif tercapai (Infinite Loop Protection). Simulasi dihentikan paksa.
   [Rust MCTS] WARNING: Semua gelombang hancur! (Halusinasi/Meleset)
🧬 [Autopoiesis] Kode genetik sudah ada di Wiki (knowledge/skills/auto/synthesized_crossover_cb4dc40c.md). Menggunakan kembali tanpa menulis file baru.
🧬 [Quantum Inference] Menjalankan Axiom Tensor 'synthesized_crossover_cb4dc40c' secara dinamis di Multiverse Sandbox...
🚀 APPLYING AXIOM IN SANDBOX: synthesized_crossover_cb4dc40c (Tier: 1)
🧬 [Quantum Inference] Wave propagation selesai. (Simulasi internal berhasil).
DEBUG: Agent returned grid:
[0, 0, 0, 0, 0]
[0, 0, 0, 0, 8]
[0, 0, 0, 0, 0]
[0, 0, 0, 0, 0]
[0, 0, 0, 0, 0]
[0, 0, 0, 0, 0]
[0, 7, 0, 0, 0]
MCTS failed. Engaging Generative Synthesized Skill: extract_anomalous_quadrant...
💀 FAILED (Mismatch)


🌿 ==================================
Solving Task: 264363fd.json
🌿 ==================================
🧠 [Orientasi Pre-emptive] Membaca Niat Task...
   -> Niat / Klasifikasi Masalah: Task ini menunjukkan: ObjectManipulation. Dimensi Equal (30 → 30), Added(13) objek (14 → 27), topologi berubah dari Scatter ke Scatter. Tidak ada template frame.
🧠 [Topologi Kuantum] Betti-1: Tidak ada lubang terdeteksi. Struktur solid.
🧠 [Metakognisi] Bottleneck::FalseSharing - Amnesia Singkat (Cache Miss) Terdeteksi!
   📝 MENULIS LOG ARCHITECTURE KE SISTEM: Iterasi iterasi EntityManifold lambat rata-rata 360038 ns per entitas. Kecepatan ini 3x lipat dari limit AVX2.
🧠 [Metakognisi] Bottleneck::LocalOptimum - MCTS mentok.
   -> Beralih ke ADVANCED PASS (Iterative Deepening MCTS / Grover)...
   🔍 Search Attempt 1: Exploring top 2 advanced axioms...
   ⚡ Memulai MCTS dari ROOT ZERO-POINT dengan 0 amunisi unik...
🚀 APPLYING AXIOM IN SANDBOX: ROOT_START (Tier: 0)
🚀 APPLYING AXIOM IN SANDBOX: ROOT_START (Tier: 0)
🚀 APPLYING AXIOM IN SANDBOX: ROOT_START (Tier: 0)
[Depth 0] Axioms: ["ROOT_START"] | Pragmatic: -1500.00 | Epistemic: 7.83 | Prob: 0.9900 | Dim: 0x0
  ╭──────────────────────────────────────────────────────────────╮
  │  MCTS NODE [0] — Rank 1/2 │ Depth 0                       │
  ├──────────────────────────────────────────────────────────────┤
  │  P(dist): ━━━━━━━━━━━━━━━━━━━━━━━━━━━━━━ ●=0.990 μ=0.895 range[0.800, 0.990]   │
  │  Threshold: 0.050 ✓ SURVIVES                                │
  │  Energy Components:                                          │
  │    Pragmatic (E):  -1500.000  │  Goal-seeking error             │
  │    Epistemic (I):     7.832  │  Information gain               │
  │    Complexity (C):    0.000  │  Model complexity               │
  │    ───────────────────────────────────────────────────────── │
  │    Total Free Energy: -1507.832  │  G = E - I + C                  │
  ├──────────────────────────────────────────────────────────────┤
  │  Status: 🌿 EXPANDING (exploring policies...)                   │
  ╰──────────────────────────────────────────────────────────────╯
  [Memory]  Map (0/0): []
🧠 [Metakognisi] Bottleneck::Blindness - Saya tidak memahami struktur. Mengobati Kebutaan via Hierarchical Gestalt...
   👁️ [Gestalt Vision] Menemukan 11 objek makro pada Test Manifold (Bentuk: SinglePixel, dsb).
   👁️ [Gestalt Vision] Pandangan dipulihkan. Mengulang pencarian dengan paradigma makro...
🧠 [Metakognisi] Bottleneck::CombinatorialExplosion - Terlalu banyak kombinasi piksel yang bergerak. Mengaktifkan Swarm & Wave Dynamics (Hebbian Insting)...
   🌊 [Swarm Physics] Entanglement Graph terbentuk. Mensimulasikan 'Gravity Drop' ke arah tebakan terbaik saat ini...
🧠 [Metakognisi] Mode::Exploring - FAST PASS MCTS (Depth 1)
🚀 APPLYING AXIOM IN SANDBOX: IDENTITY_STATIC (Tier: 0)
🚀 APPLYING AXIOM IN SANDBOX: IDENTITY_STATIC (Tier: 0)
🚀 APPLYING AXIOM IN SANDBOX: IDENTITY_STATIC (Tier: 0)
[Depth 0] Axioms: ["IDENTITY_STATIC"] | Pragmatic: -1500.00 | Epistemic: 0.00 | Prob: 0.9900 | Dim: 30x30
  ╭──────────────────────────────────────────────────────────────╮
  │  MCTS NODE [0] — Rank 1/2 │ Depth 0                       │
  ├──────────────────────────────────────────────────────────────┤
  │  P(dist): ━━━━━━━━━━━━━━━━━━━━━━━━━━━━━━ ●=0.990 μ=0.895 range[0.800, 0.990]   │
  │  Threshold: 0.050 ✓ SURVIVES                                │
  │  Energy Components:                                          │
  │    Pragmatic (E):  -1500.000  │  Goal-seeking error             │
  │    Epistemic (I):     0.000  │  Information gain               │
  │    Complexity (C):    0.000  │  Model complexity               │
  │    ───────────────────────────────────────────────────────── │
  │    Total Free Energy: -1500.000  │  G = E - I + C                  │
  ├──────────────────────────────────────────────────────────────┤
  │  Status: 🌿 EXPANDING (exploring policies...)                   │
  ╰──────────────────────────────────────────────────────────────╯
  [Memory]  Map (14/14): [██████████████]
🧠 [Metakognisi] Bottleneck::LocalOptimum - MCTS mentok.
   -> Beralih ke ADVANCED PASS (Iterative Deepening MCTS / Grover)...
   🔍 Search Attempt 1: Exploring top 2 advanced axioms...
   ⚡ Memulai MCTS dari ROOT ZERO-POINT dengan 0 amunisi unik...
🚀 APPLYING AXIOM IN SANDBOX: ROOT_START (Tier: 0)
🚀 APPLYING AXIOM IN SANDBOX: ROOT_START (Tier: 0)
🚀 APPLYING AXIOM IN SANDBOX: ROOT_START (Tier: 0)
[Depth 0] Axioms: ["ROOT_START"] | Pragmatic: -1500.00 | Epistemic: 0.00 | Prob: 0.9900 | Dim: 30x30
  ╭──────────────────────────────────────────────────────────────╮
  │  MCTS NODE [0] — Rank 1/2 │ Depth 0                       │
  ├──────────────────────────────────────────────────────────────┤
  │  P(dist): ━━━━━━━━━━━━━━━━━━━━━━━━━━━━━━ ●=0.990 μ=0.895 range[0.800, 0.990]   │
  │  Threshold: 0.050 ✓ SURVIVES                                │
  │  Energy Components:                                          │
  │    Pragmatic (E):  -1500.000  │  Goal-seeking error             │
  │    Epistemic (I):     0.000  │  Information gain               │
  │    Complexity (C):    0.000  │  Model complexity               │
  │    ───────────────────────────────────────────────────────── │
  │    Total Free Energy: -1500.000  │  G = E - I + C                  │
  ├──────────────────────────────────────────────────────────────┤
  │  Status: 🌿 EXPANDING (exploring policies...)                   │
  ╰──────────────────────────────────────────────────────────────╯
  [Memory]  Map (14/14): [██████████████]
🧠 [Metakognisi] Batas loop kognitif tercapai (Infinite Loop Protection). Simulasi dihentikan paksa.
   [Rust MCTS] WARNING: Semua gelombang hancur! (Halusinasi/Meleset)
🧬 [Autopoiesis] Kode genetik sudah ada di Wiki (knowledge/skills/auto/synthesized_crossover_8b516458.md). Menggunakan kembali tanpa menulis file baru.
🧬 [Quantum Inference] Menjalankan Axiom Tensor 'synthesized_crossover_8b516458' secara dinamis di Multiverse Sandbox...
🚀 APPLYING AXIOM IN SANDBOX: synthesized_crossover_8b516458 (Tier: 1)
🧬 [Quantum Inference] Wave propagation selesai. (Simulasi internal berhasil).
DEBUG: Agent returned grid:
[0, 0, 0, 0, 0, 0, 0, 0, 0, 0, 0, 0, 0, 0, 0, 0, 0, 0, 0, 0, 0, 0, 0, 0, 0, 0, 0, 0, 0, 0]
[0, 0, 0, 0, 0, 0, 0, 0, 0, 0, 0, 0, 0, 0, 0, 0, 0, 0, 0, 0, 0, 0, 0, 0, 0, 0, 0, 0, 0, 0]
[0, 0, 0, 0, 0, 0, 0, 0, 0, 0, 0, 0, 0, 0, 0, 0, 0, 0, 0, 0, 0, 0, 0, 0, 0, 0, 0, 0, 0, 0]
[0, 0, 0, 0, 0, 0, 0, 0, 0, 0, 0, 0, 0, 0, 0, 0, 0, 0, 0, 0, 0, 0, 0, 0, 0, 0, 0, 0, 0, 0]
[0, 0, 0, 0, 0, 0, 0, 0, 0, 0, 0, 0, 0, 0, 0, 0, 0, 0, 0, 0, 0, 0, 0, 0, 0, 0, 0, 0, 0, 0]
[0, 0, 0, 0, 0, 0, 0, 0, 0, 0, 0, 0, 0, 0, 0, 0, 0, 0, 0, 0, 0, 0, 0, 0, 0, 0, 0, 0, 0, 0]
[0, 0, 0, 0, 0, 0, 0, 0, 0, 1, 0, 0, 0, 0, 0, 0, 0, 0, 0, 0, 0, 0, 0, 0, 0, 0, 0, 0, 0, 0]
[0, 0, 0, 0, 0, 0, 0, 0, 0, 0, 0, 0, 0, 0, 0, 0, 0, 0, 0, 0, 0, 0, 0, 0, 0, 0, 0, 0, 0, 0]
[0, 0, 0, 0, 0, 0, 0, 0, 0, 0, 0, 0, 0, 0, 0, 0, 0, 0, 0, 0, 0, 0, 0, 0, 0, 0, 0, 0, 0, 0]
[0, 0, 0, 0, 0, 0, 2, 0, 0, 0, 0, 0, 0, 0, 0, 0, 0, 0, 0, 0, 0, 0, 0, 0, 0, 0, 0, 0, 0, 0]
[0, 0, 0, 0, 0, 0, 0, 0, 0, 0, 0, 0, 0, 0, 0, 0, 0, 0, 0, 0, 0, 0, 0, 0, 0, 0, 0, 0, 0, 0]
[0, 0, 0, 0, 0, 0, 0, 0, 0, 0, 0, 0, 0, 0, 0, 0, 0, 0, 0, 0, 0, 0, 0, 0, 0, 0, 0, 0, 0, 0]
[0, 0, 0, 0, 0, 0, 0, 0, 0, 0, 0, 0, 0, 0, 0, 0, 0, 0, 0, 0, 0, 0, 0, 0, 0, 0, 0, 0, 0, 0]
[0, 0, 0, 0, 0, 0, 0, 0, 0, 0, 0, 0, 0, 0, 4, 0, 0, 0, 0, 0, 0, 0, 0, 0, 0, 0, 0, 0, 0, 0]
[0, 0, 0, 0, 0, 0, 0, 0, 0, 0, 0, 0, 0, 0, 0, 0, 0, 0, 0, 0, 0, 0, 0, 0, 0, 0, 0, 0, 0, 0]
[0, 0, 0, 0, 0, 0, 0, 0, 0, 0, 0, 0, 0, 0, 0, 0, 0, 0, 0, 0, 0, 0, 0, 0, 0, 0, 0, 0, 0, 0]
[0, 0, 0, 0, 0, 0, 0, 0, 0, 0, 0, 0, 0, 0, 0, 0, 0, 0, 0, 0, 0, 0, 0, 0, 0, 0, 0, 0, 0, 0]
[0, 0, 0, 0, 0, 0, 0, 0, 0, 0, 0, 0, 0, 0, 0, 0, 0, 0, 0, 0, 0, 0, 0, 2, 0, 0, 0, 0, 0, 0]
[0, 0, 0, 0, 0, 0, 0, 0, 0, 0, 0, 0, 0, 0, 0, 0, 0, 0, 0, 0, 0, 0, 0, 0, 0, 0, 0, 0, 0, 0]
[0, 0, 0, 0, 0, 0, 0, 0, 0, 0, 0, 0, 0, 0, 0, 0, 0, 0, 0, 0, 0, 0, 0, 0, 0, 0, 0, 0, 0, 0]
[0, 0, 0, 0, 0, 0, 0, 0, 0, 0, 0, 0, 0, 0, 0, 0, 0, 0, 0, 0, 1, 0, 0, 0, 0, 0, 0, 0, 0, 0]
[0, 0, 0, 0, 0, 0, 0, 0, 0, 0, 0, 0, 0, 0, 0, 0, 0, 0, 0, 0, 1, 0, 0, 0, 0, 0, 0, 0, 0, 0]
[0, 0, 0, 3, 0, 0, 0, 0, 0, 0, 0, 0, 0, 0, 0, 0, 0, 0, 0, 0, 0, 0, 0, 0, 0, 0, 0, 0, 0, 0]
[0, 8, 8, 2, 8, 8, 0, 0, 0, 0, 0, 0, 0, 0, 0, 0, 0, 0, 0, 0, 0, 0, 0, 0, 0, 0, 0, 0, 0, 0]
[0, 0, 0, 3, 0, 0, 0, 0, 0, 0, 0, 0, 0, 0, 0, 0, 0, 0, 2, 0, 0, 0, 0, 0, 0, 0, 0, 0, 0, 0]
[0, 0, 0, 0, 0, 0, 0, 0, 0, 0, 0, 0, 0, 0, 0, 0, 0, 0, 0, 0, 0, 0, 0, 0, 0, 0, 0, 0, 0, 0]
[0, 0, 0, 0, 0, 0, 0, 0, 0, 0, 0, 0, 0, 0, 0, 0, 0, 0, 0, 0, 0, 0, 0, 0, 0, 0, 0, 0, 0, 0]
[0, 0, 0, 0, 0, 0, 0, 0, 0, 0, 0, 0, 0, 0, 0, 0, 0, 0, 0, 0, 0, 0, 0, 0, 0, 0, 0, 0, 0, 0]
[0, 0, 0, 0, 0, 0, 0, 0, 0, 0, 0, 0, 0, 0, 0, 0, 0, 0, 0, 0, 0, 0, 0, 0, 0, 0, 0, 0, 0, 0]
[0, 0, 0, 0, 0, 0, 0, 0, 0, 0, 0, 0, 0, 0, 0, 0, 0, 0, 0, 0, 0, 0, 0, 0, 0, 0, 0, 0, 0, 0]
MCTS failed. Engaging Generative Synthesized Skill: extract_anomalous_quadrant...
💀 FAILED (Mismatch)


🌿 ==================================
Solving Task: 29623171.json
🌿 ==================================
🧠 [Orientasi Pre-emptive] Membaca Niat Task...
   -> Niat / Klasifikasi Masalah: Task ini menunjukkan: ObjectManipulation. Dimensi Equal (11 → 11), Removed(7) objek (9 → 2), topologi berubah dari Scatter ke Scatter. Tidak ada template frame.
🧠 [Topologi Kuantum] Betti-1: Tidak ada lubang terdeteksi. Struktur solid.
🧠 [Metakognisi] Bottleneck::FalseSharing - Amnesia Singkat (Cache Miss) Terdeteksi!
   📝 MENULIS LOG ARCHITECTURE KE SISTEM: Iterasi iterasi EntityManifold lambat rata-rata 33150 ns per entitas. Kecepatan ini 3x lipat dari limit AVX2.
🧠 [Metakognisi] Bottleneck::LocalOptimum - MCTS mentok.
   -> Beralih ke ADVANCED PASS (Iterative Deepening MCTS / Grover)...
   🔍 Search Attempt 1: Exploring top 2 advanced axioms...
   ⚡ Memulai MCTS dari ROOT ZERO-POINT dengan 0 amunisi unik...
🚀 APPLYING AXIOM IN SANDBOX: ROOT_START (Tier: 0)
🚀 APPLYING AXIOM IN SANDBOX: ROOT_START (Tier: 0)
🚀 APPLYING AXIOM IN SANDBOX: ROOT_START (Tier: 0)
[Depth 0] Axioms: ["ROOT_START"] | Pragmatic: -1500.00 | Epistemic: 0.00 | Prob: 0.9900 | Dim: 11x11
  ╭──────────────────────────────────────────────────────────────╮
  │  MCTS NODE [0] — Rank 1/2 │ Depth 0                       │
  ├──────────────────────────────────────────────────────────────┤
  │  P(dist): ━━━━━━━━━━━━━━━━━━━━━━━━━━━━━━ ●=0.990 μ=0.895 range[0.800, 0.990]   │
  │  Threshold: 0.050 ✓ SURVIVES                                │
  │  Energy Components:                                          │
  │    Pragmatic (E):  -1500.000  │  Goal-seeking error             │
  │    Epistemic (I):     0.000  │  Information gain               │
  │    Complexity (C):    0.000  │  Model complexity               │
  │    ───────────────────────────────────────────────────────── │
  │    Total Free Energy: -1500.000  │  G = E - I + C                  │
  ├──────────────────────────────────────────────────────────────┤
  │  Status: 🌿 EXPANDING (exploring policies...)                   │
  ╰──────────────────────────────────────────────────────────────╯
  [Memory]  Map (9/48): [█████████__________... (truncated)]
🧠 [Metakognisi] Bottleneck::FalseSharing - Amnesia Singkat (Cache Miss) Terdeteksi!
   📝 MENULIS LOG ARCHITECTURE KE SISTEM: Iterasi iterasi EntityManifold lambat rata-rata 53062 ns per entitas. Kecepatan ini 3x lipat dari limit AVX2.
🧠 [Metakognisi] Bottleneck::LocalOptimum - MCTS mentok.
   -> Beralih ke ADVANCED PASS (Iterative Deepening MCTS / Grover)...
   🔍 Search Attempt 1: Exploring top 2 advanced axioms...
   ⚡ Memulai MCTS dari ROOT ZERO-POINT dengan 0 amunisi unik...
🚀 APPLYING AXIOM IN SANDBOX: ROOT_START (Tier: 0)
🚀 APPLYING AXIOM IN SANDBOX: ROOT_START (Tier: 0)
🚀 APPLYING AXIOM IN SANDBOX: ROOT_START (Tier: 0)
[Depth 0] Axioms: ["ROOT_START"] | Pragmatic: -1500.00 | Epistemic: 0.00 | Prob: 0.9900 | Dim: 11x11
  ╭──────────────────────────────────────────────────────────────╮
  │  MCTS NODE [0] — Rank 1/2 │ Depth 0                       │
  ├──────────────────────────────────────────────────────────────┤
  │  P(dist): ━━━━━━━━━━━━━━━━━━━━━━━━━━━━━━ ●=0.990 μ=0.895 range[0.800, 0.990]   │
  │  Threshold: 0.050 ✓ SURVIVES                                │
  │  Energy Components:                                          │
  │    Pragmatic (E):  -1500.000  │  Goal-seeking error             │
  │    Epistemic (I):     0.000  │  Information gain               │
  │    Complexity (C):    0.000  │  Model complexity               │
  │    ───────────────────────────────────────────────────────── │
  │    Total Free Energy: -1500.000  │  G = E - I + C                  │
  ├──────────────────────────────────────────────────────────────┤
  │  Status: 🌿 EXPANDING (exploring policies...)                   │
  ╰──────────────────────────────────────────────────────────────╯
  [Memory]  Map (9/48): [█████████__________... (truncated)]
🧠 [Metakognisi] Bottleneck::FalseSharing - Amnesia Singkat (Cache Miss) Terdeteksi!
   📝 MENULIS LOG ARCHITECTURE KE SISTEM: Iterasi iterasi EntityManifold lambat rata-rata 46870 ns per entitas. Kecepatan ini 3x lipat dari limit AVX2.
🧠 [Metakognisi] Bottleneck::LocalOptimum - MCTS mentok.
   -> Beralih ke ADVANCED PASS (Iterative Deepening MCTS / Grover)...
   🔍 Search Attempt 1: Exploring top 2 advanced axioms...
   ⚡ Memulai MCTS dari ROOT ZERO-POINT dengan 0 amunisi unik...
🚀 APPLYING AXIOM IN SANDBOX: ROOT_START (Tier: 0)
🚀 APPLYING AXIOM IN SANDBOX: ROOT_START (Tier: 0)
🚀 APPLYING AXIOM IN SANDBOX: ROOT_START (Tier: 0)
[Depth 0] Axioms: ["ROOT_START"] | Pragmatic: -1500.00 | Epistemic: 0.00 | Prob: 0.9900 | Dim: 11x11
  ╭──────────────────────────────────────────────────────────────╮
  │  MCTS NODE [0] — Rank 1/2 │ Depth 0                       │
  ├──────────────────────────────────────────────────────────────┤
  │  P(dist): ━━━━━━━━━━━━━━━━━━━━━━━━━━━━━━ ●=0.990 μ=0.895 range[0.800, 0.990]   │
  │  Threshold: 0.050 ✓ SURVIVES                                │
  │  Energy Components:                                          │
  │    Pragmatic (E):  -1500.000  │  Goal-seeking error             │
  │    Epistemic (I):     0.000  │  Information gain               │
  │    Complexity (C):    0.000  │  Model complexity               │
  │    ───────────────────────────────────────────────────────── │
  │    Total Free Energy: -1500.000  │  G = E - I + C                  │
  ├──────────────────────────────────────────────────────────────┤
  │  Status: 🌿 EXPANDING (exploring policies...)                   │
  ╰──────────────────────────────────────────────────────────────╯
  [Memory]  Map (9/48): [█████████__________... (truncated)]
🧠 [Metakognisi] Batas loop kognitif tercapai (Infinite Loop Protection). Simulasi dihentikan paksa.
   [Rust MCTS] WARNING: Semua gelombang hancur! (Halusinasi/Meleset)
🧬 [Autopoiesis] Kode genetik sudah ada di Wiki (knowledge/skills/auto/synthesized_crossover_8b516458.md). Menggunakan kembali tanpa menulis file baru.
🧬 [Quantum Inference] Menjalankan Axiom Tensor 'synthesized_crossover_8b516458' secara dinamis di Multiverse Sandbox...
🚀 APPLYING AXIOM IN SANDBOX: synthesized_crossover_8b516458 (Tier: 1)
🧬 [Quantum Inference] Wave propagation selesai. (Simulasi internal berhasil).
DEBUG: Agent returned grid:
[4, 4, 5, 5, 5, 5, 5, 5, 5, 5, 5]
[4, 4, 5, 5, 5, 5, 4, 5, 4, 4, 5]
[4, 5, 5, 5, 5, 5, 5, 5, 4, 4, 5]
[5, 5, 5, 5, 5, 5, 5, 5, 5, 5, 5]
[5, 5, 5, 5, 5, 5, 5, 5, 5, 4, 5]
[4, 5, 5, 5, 5, 4, 5, 5, 4, 5, 4]
[5, 5, 5, 5, 5, 5, 5, 5, 5, 5, 5]
[5, 5, 5, 5, 5, 5, 5, 5, 5, 5, 5]
[5, 5, 5, 5, 5, 4, 5, 5, 5, 5, 4]
[4, 5, 5, 5, 5, 5, 4, 5, 5, 4, 5]
[5, 5, 5, 5, 4, 4, 5, 5, 5, 5, 5]
MCTS failed. Engaging Generative Synthesized Skill: extract_anomalous_quadrant...
💀 FAILED (Mismatch)


🌿 ==================================
Solving Task: 32597951.json
🌿 ==================================
🧠 [Orientasi Pre-emptive] Membaca Niat Task...
   -> Niat / Klasifikasi Masalah: Task ini menunjukkan: ObjectManipulation. Dimensi Equal (17 → 17), Added(3) objek (41 → 44), topologi berubah dari Scatter ke Scatter. Tidak ada template frame.
🧠 [Topologi Kuantum] Betti-1: Tidak ada lubang terdeteksi. Struktur solid.
🧠 [Metakognisi] Bottleneck::Exhausted - Kelelahan. Pencarian dihentikan. Membutuhkan Tidur REM.
   [Rust MCTS] WARNING: Semua gelombang hancur! (Halusinasi/Meleset)
🧬 [Autopoiesis] Kode genetik sudah ada di Wiki (knowledge/skills/auto/synthesized_crossover_2edc0287.md). Menggunakan kembali tanpa menulis file baru.
🧬 [Quantum Inference] Menjalankan Axiom Tensor 'synthesized_crossover_2edc0287' secara dinamis di Multiverse Sandbox...
🚀 APPLYING AXIOM IN SANDBOX: synthesized_crossover_2edc0287 (Tier: 1)
🧬 [Quantum Inference] Wave propagation selesai. (Simulasi internal berhasil).
DEBUG: Agent returned grid:
[1, 0, 0, 1, 0, 0, 1, 0, 0, 1, 0, 0, 1, 0, 0, 1, 0]
[0, 1, 0, 0, 1, 0, 0, 1, 0, 0, 1, 0, 0, 1, 0, 0, 1]
[0, 0, 1, 0, 0, 1, 0, 0, 1, 0, 0, 1, 0, 0, 1, 0, 0]
[1, 0, 0, 1, 0, 0, 1, 0, 0, 1, 0, 0, 1, 0, 0, 1, 0]
[0, 1, 0, 0, 1, 0, 0, 1, 0, 0, 1, 0, 0, 1, 0, 0, 1]
[0, 0, 1, 0, 0, 1, 0, 0, 1, 0, 0, 1, 0, 0, 1, 0, 0]
[1, 0, 0, 1, 0, 0, 1, 0, 0, 1, 0, 0, 1, 0, 0, 1, 0]
[0, 1, 0, 0, 1, 0, 0, 1, 0, 0, 1, 0, 0, 1, 0, 0, 1]
[0, 0, 1, 0, 0, 1, 0, 0, 1, 0, 0, 1, 0, 0, 1, 0, 0]
[1, 0, 0, 1, 0, 0, 1, 0, 0, 1, 0, 0, 1, 0, 0, 1, 0]
[0, 1, 0, 0, 1, 0, 0, 1, 0, 0, 1, 0, 0, 1, 0, 0, 1]
[0, 0, 1, 0, 0, 1, 0, 8, 1, 8, 8, 1, 8, 0, 1, 0, 0]
[1, 0, 0, 1, 0, 0, 1, 8, 8, 1, 8, 8, 1, 0, 0, 1, 0]
[0, 1, 0, 0, 1, 0, 0, 1, 8, 8, 1, 8, 8, 1, 0, 0, 1]
[0, 0, 1, 0, 0, 1, 0, 8, 1, 8, 8, 1, 8, 0, 1, 0, 0]
[1, 0, 0, 1, 0, 0, 1, 0, 0, 1, 0, 0, 1, 0, 0, 1, 0]
[0, 1, 0, 0, 1, 0, 0, 1, 0, 0, 1, 0, 0, 1, 0, 0, 1]
MCTS failed. Engaging Generative Synthesized Skill: extract_anomalous_quadrant...
💀 FAILED (Mismatch)


🏁 BATCH EXECUTION COMPLETE
Score: 3 / 10

🌿 ==================================
🌙 MENGAKTIFKAN SIKLUS TIDUR (MENTAL REPLAY)
🌿 ==================================
🌙 [Mental Replay] RRM memasuki fase REM (Bermimpi)...
   -> Tidak ada memori aktif. Menciptakan skenario fraktal hipotetis...
   -> Generate skenario variasi...
   -> Tercipta 3 dimensi alternatif (Size Scaling, Color Permutation, Noise Injection).
   -> Mensimulasikan Counterfactual Engine di alam mimpi...
   -> Mimpi selesai. Sistem telah melatih otot kognitifnya.
